{
  "authority": {
    "account_action_allowed": false,
    "canon_mutation_allowed": false,
    "customer_or_external_delivery_allowed": false,
    "durable_sql_canon_current_state_allowed": true,
    "import_apply_allowed": false,
    "live_execution_allowed": false,
    "owner_approval_inferred": false,
    "paper_execution_allowed": false,
    "portfolio_mutation_allowed": false,
    "production_promotion_allowed": false,
    "report_only": true,
    "review_only": true,
    "sql_canon_mutation_allowed": false,
    "sql_first_answer_allowed": false,
    "ticker_card_review_artifact_rebuild_allowed": true
  },
  "commands": [
    {
      "command": [
        "C:\\Users\\Veritas\\AppData\\Local\\Programs\\Python\\Python313\\python.exe",
        "scripts\\earnings_rollforward_guard.py",
        "--auto-capture",
        "--write",
        "--validate",
        "--priority-only"
      ],
      "elapsed_seconds": 2.589,
      "ended_utc": "2026-08-28T14:34:20.031862+00:00",
      "ok": true,
      "returncode": 0,
      "started_utc": "2026-08-28T14:34:17.442831+00:00",
      "stderr_tail": "",
      "stdout_tail": "{\n  \"output\": \"tmp/earnings-rollforward-guard.json\",\n  \"status\": \"ok\",\n  \"summary\": {\n    \"catch_up_required_count\": 0,\n    \"critical_finding_count\": 0,\n    \"current_count\": 7,\n    \"discovery_error_count\": 0,\n    \"manual_reconciliation_pending_count\": 0,\n    \"manual_required_count\": 0,\n    \"source_verified_pending_reconciliation_count\": 0,\n    \"tracked_ticker_count\": 7,\n    \"unresolved_count\": 0,\n    \"updated_review_only_count\": 0\n  },\n  \"validation\": {\n    \"errors\": [],\n    \"status\": \"ok\",\n    \"warnings\": []\n  }\n}\n"
    },
    {
      "command": [
        "C:\\Users\\Veritas\\AppData\\Local\\Programs\\Python\\Python313\\python.exe",
        "scripts\\finance_data_coverage.py",
        "--validate",
        "--write-contract"
      ],
      "elapsed_seconds": 0.399,
      "ended_utc": "2026-08-28T14:34:20.430716+00:00",
      "ok": true,
      "returncode": 0,
      "started_utc": "2026-08-28T14:34:20.032145+00:00",
      "stderr_tail": "",
      "stdout_tail": "{\n  \"status\": \"ok\",\n  \"output\": \"tmp/finance-data-coverage-current.json\",\n  \"contract_output\": \"tmp/finance-intelligence-router-contract-2026-05-26.json\",\n  \"summary\": {\n    \"source_artifact_count\": 12,\n    \"source_artifacts_present\": 12,\n    \"source_artifacts_missing\": 0,\n    \"source_artifacts_stale\": 1,\n    \"source_artifacts_unusable_placeholder\": 0,\n    \"ticker_count_indexed\": 300,\n    \"data_family_count\": 24,\n    \"analyst_layer_status\": \"collected\",\n    \"universe_registry_status\": \"present\",\n    \"universe_ticker_count\": 300\n  }\n}\n"
    },
    {
      "command": [
        "C:\\Users\\Veritas\\AppData\\Local\\Programs\\Python\\Python313\\python.exe",
        "scripts\\ticker_intelligence_card.py",
        "--all-from-coverage",
        "--summary-output",
        "C:\\Users\\Veritas\\.openclaw\\workspace\\tmp\\ticker-card-refresh-gate-card-build-summary.json"
      ],
      "elapsed_seconds": 10.854,
      "ended_utc": "2026-08-28T14:34:31.284351+00:00",
      "ok": true,
      "returncode": 0,
      "started_utc": "2026-08-28T14:34:20.430736+00:00",
      "stderr_tail": "",
      "stdout_tail": "e_count\": 1,\n      \"blocking_gap_count\": 0,\n      \"context_gap_count\": 1,\n      \"blocking_gap_families\": []\n    },\n    {\n      \"ticker\": \"XLI\",\n      \"path\": \"tmp\\\\ticker-intelligence-cards\\\\XLI.current.json\",\n      \"recommendation_support\": \"no chase\",\n      \"missing_or_stale_count\": 1,\n      \"blocking_gap_count\": 0,\n      \"context_gap_count\": 1,\n      \"blocking_gap_families\": []\n    },\n    {\n      \"ticker\": \"XOM\",\n      \"path\": \"tmp\\\\ticker-intelligence-cards\\\\XOM.current.json\",\n      \"recommendation_support\": \"approval-ready paper starter if fresh in band\",\n      \"missing_or_stale_count\": 0,\n      \"blocking_gap_count\": 0,\n      \"context_gap_count\": 0,\n      \"blocking_gap_families\": []\n    }\n  ],\n  \"errors\": [],\n  \"authority_boundary\": {\n    \"artifact_role\": \"derived_review_and_question_routing_surface_only\",\n    \"canonical_note_mutation_allowed\": false,\n    \"portfolio_mutation_allowed\": false,\n    \"sizing_apply_allowed\": false,\n    \"cash_or_risk_rule_mutation_allowed\": false,\n    \"paper_order_execution_allowed\": false,\n    \"paper_order_submit_allowed_by_card\": false,\n    \"paper_order_cancel_allowed_by_card\": false,\n    \"durable_sql_canon_current_state_allowed\": true,\n    \"sql_canon_mutation_allowed\": false,\n    \"live_trade_allowed\": false,\n    \"live_brokerage_or_account_action_allowed\": false,\n    \"money_movement_allowed\": false,\n    \"owner_approval_inferred\": false,\n    \"source_open_required_before_final_recommendation_or_action_claim\": true\n  },\n  \"sql_canon_context\": {\n    \"schema\": \"wf77.ticker_intelligence_card.sql_canon_context.v1\",\n    \"status\": \"ok\",\n    \"sql_canon_db\": \"state\\\\finance\\\\finance-canon.sqlite\",\n    \"typed_access_layer\": \"scripts/finance_sql_canon_access.py\",\n    \"production_answer_count\": 14,\n    \"missing_ticker_state\": [],\n    \"registry_summary\": {\n      \"priority_counts\": {\n        \"P0\": 21,\n        \"P1\": 459,\n        \"P2\": 204\n      },\n      \"lane_counts\": {\n        \"answer_path_parity_lane\": 21,\n        \"cron_pm_governance_lane\": 14,\n        \"pm_cockpit_lane\": 2,\n        \"source_loader_lane\": 436,\n        \"test_parity_lane\": 203,\n        \"typed_access_guard_lane\": 3,\n        \"wf78_wf77_routing_lane\": 5\n      },\n      \"cutover_state_counts\": {\n        \"not_cut_over\": 116,\n        \"source_producer\": 389,\n        \"sql_primary_guarded\": 179\n      },\n      \"p0_answer_path_lane_count\": 21,\n      \"p0_non_answer_path_count\": 0,\n      \"answer_path_non_p0_count\": 0,\n      \"p0_non_answer_path_consumers\": [],\n      \"answer_path_non_p0_consumers\": [],\n      \"p0_answer_path_lane_status\": {\n        \"ok\": true,\n        \"errors\": [],\n        \"p0_count\": 21,\n        \"answer_path_lane_count\": 21,\n        \"p0_answer_path_lane_count\": 21,\n        \"p0_non_answer_path_count\": 0,\n        \"answer_path_non_p0_count\": 0,\n        \"p0_non_answer_path_consumers\": [],\n        \"answer_path_non_p0_consumers\": []\n      }\n    },\n    \"validation\": {\n      \"status\": \"ok\",\n      \"errors\": [],\n      \"warnings\": [\n        {\n          \"legacy_42_compatibility_count\": 0,\n          \"expected\": 42\n        }\n      ]\n    },\n    \"authority_boundary\": {\n      \"read_only_access_layer\": true,\n      \"db_mutation_allowed\": false,\n      \"capital_deployment_allowed\": false,\n      \"paper_or_live_execution_allowed\": false,\n      \"owner_approval_inferred\": false\n    },\n    \"access_validation_status\": \"ok\",\n    \"production_answer_definition\": \"validated proof-joined production-grade set\",\n    \"legacy_production_answer_count\": 0,\n    \"legacy_production_answer_definition\": \"retired legacy 42 compatibility inventory\",\n    \"legacy_42_retired_from_blocking\": true,\n    \"legacy_42_count_advisory_only\": true\n  },\n  \"wf72_entry_stop_no_drift_pilot\": {\n    \"status\": \"skipped_due_to_current_wf84_band_precedence_refresh\",\n    \"path\": \"tmp/wf72-entry-stop-helper-no-drift-pilot.json\",\n    \"tickers\": [\n      \"ETN\",\n      \"NVDA\",\n      \"VRT\"\n    ],\n    \"authority\": \"derived_card_refresh_only_no_canon_or_portfolio_mutation\"\n  },\n  \"card_count\": 300,\n  \"error_count\": 0\n}\n"
    },
    {
      "command": [
        "C:\\Users\\Veritas\\AppData\\Local\\Programs\\Python\\Python313\\python.exe",
        "scripts\\wf77_price_freshness_bridge.py",
        "--write",
        "--validate"
      ],
      "elapsed_seconds": 0.201,
      "ended_utc": "2026-08-28T14:34:31.485763+00:00",
      "ok": true,
      "returncode": 0,
      "started_utc": "2026-08-28T14:34:31.284372+00:00",
      "stderr_tail": "",
      "stdout_tail": "fig_present\": true,\n        \"technical_refresh_entitled\": true\n      },\n      \"ticker\": \"VRT\",\n      \"tier\": null\n    },\n    {\n      \"actionability_boundary\": {\n        \"fresh_price_can_clear_staleness_context_only\": true,\n        \"recommendation_or_order_authority\": false,\n        \"review_ready_price_context\": true,\n        \"source_open_required_before_material_claim\": true\n      },\n      \"blockers\": [],\n      \"card_price_context\": {\n        \"card_band_status\": \"IN_BAND\",\n        \"card_exists\": true,\n        \"card_fresh_quote_required\": false,\n        \"card_generated_at_utc\": \"2026-08-28T14:34:31Z\",\n        \"card_latest_known_price\": 156.44,\n        \"card_path\": \"tmp/ticker-intelligence-cards/XOM.current.json\",\n        \"entry_band_high\": 159.09,\n        \"entry_band_low\": 150.65,\n        \"fresh_minus_card_price\": 0.0,\n        \"fresh_price_band_status\": \"IN_BAND\",\n        \"stop_or_invalidation\": 145.78\n      },\n      \"coverage_lane\": null,\n      \"monitoring_role\": null,\n      \"name\": \"Exxon Mobil Corporation\",\n      \"price_state\": {\n        \"below_stop_from_technical_refresh\": false,\n        \"data_date\": \"2026-08-28\",\n        \"in_entry_band_from_technical_refresh\": true,\n        \"latest_close\": 156.44,\n        \"ma20\": 158.77,\n        \"ma200\": 141.91,\n        \"ma50\": 149.78,\n        \"ma_posture\": \"above 50d and 200d, below 20d\",\n        \"source\": \"tmp/technical-refresh.json\",\n        \"source_family\": \"technical_refresh\",\n        \"source_label\": \"technical_refresh\",\n        \"status\": \"ok\",\n        \"supplemental_public_price_used\": false\n      },\n      \"technical_refresh_entitlement\": {\n        \"coverage_lane\": \"execution\",\n        \"exclusion_reason\": null,\n        \"portfolio_config_present\": true,\n        \"technical_refresh_entitled\": true\n      },\n      \"ticker\": \"XOM\",\n      \"tier\": null\n    }\n  ],\n  \"schema_version\": \"wf77_price_freshness_bridge.v1\",\n  \"source_freshness\": {\n    \"latest_market_data_date\": \"2026-08-28\",\n    \"source_blockers\": [],\n    \"status\": \"ok\",\n    \"supplemental\": {\n      \"generated_at_utc\": \"2026-08-28T02:52:57Z\",\n      \"latest_market_data_date\": null,\n      \"problem_tickers\": [],\n      \"status\": \"ok\"\n    },\n    \"technical_age_hours\": 0.81,\n    \"technical_generated_at_utc\": \"2026-08-28T13:45:45.264970+00:00\"\n  },\n  \"source_policy\": {\n    \"consumer_posture\": \"review_only_freshness_context_not_recommendation_or_order_authority\",\n    \"does_not_expand_technical_refresh_lane\": true,\n    \"does_not_mutate_canon_or_portfolio\": true,\n    \"does_not_mutate_ticker_cards\": true,\n    \"price_source\": \"tmp/technical-refresh.json plus review-only WF77 supplemental public price evidence when a production ticker is outside technical_refresh entitlement\",\n    \"source_open_required_for_material_finance_claims\": true,\n    \"tier_ab_bridge_scope\": \"adds only stale/missing Tier A/B decision-card price context rows for review-only freshness repair\"\n  },\n  \"status\": \"ok\",\n  \"summary\": {\n    \"excluded_price_rows\": [],\n    \"fresh_below_stop_count\": 1,\n    \"fresh_below_stop_tickers\": [\n      \"META\"\n    ],\n    \"fresh_in_band_count\": 8,\n    \"fresh_in_band_tickers\": [\n      \"BKNG\",\n      \"BRK.B\",\n      \"GOOG\",\n      \"JPM\",\n      \"LIN\",\n      \"LLY\",\n      \"VRT\",\n      \"XOM\"\n    ],\n    \"fresh_quote_required_count\": 0,\n    \"fresh_quote_required_tickers\": [],\n    \"invalid_price_row_count\": 0,\n    \"missing_price_rows\": [],\n    \"price_rows\": 14,\n    \"price_rows_definition\": \"valid production-universe rows with current technical-refresh or WF77 supplemental public price evidence close/date context\",\n    \"price_unavailable_details\": [],\n    \"price_unavailable_rows\": [],\n    \"production_ticker_count\": 14,\n    \"row_count\": 14,\n    \"stale_price_rows\": [],\n    \"supplemental_public_price_row_count\": 0,\n    \"supplemental_public_price_rows\": [],\n    \"tier_ab_stale_price_bridge_row_count\": 0,\n    \"tier_ab_stale_price_bridge_tickers\": [],\n    \"valid_price_row_count\": 14\n  },\n  \"validation\": {\n    \"errors\": [],\n    \"status\": \"ok\",\n    \"warnings\": []\n  }\n}\n"
    },
    {
      "command": [
        "C:\\Users\\Veritas\\AppData\\Local\\Programs\\Python\\Python313\\python.exe",
        "scripts\\finance_intelligence_state.py",
        "build",
        "--pretty"
      ],
      "elapsed_seconds": 1.081,
      "ended_utc": "2026-08-28T14:34:32.700742+00:00",
      "ok": true,
      "returncode": 0,
      "started_utc": "2026-08-28T14:34:31.619558+00:00",
      "stderr_tail": "",
      "stdout_tail": "\": {\n          \"authority_scope\": \"review_only_non_capital_tier_routing\",\n          \"canon_owner\": true,\n          \"canon_owner_source\": \"finance_state_meta:canon_owner_field_families_v1\",\n          \"row_count\": 300,\n          \"sql_primary_current_state\": true\n        },\n        \"universe_membership\": {\n          \"authority_scope\": \"review_only_universe_membership_and_monitoring_role\",\n          \"canon_owner\": true,\n          \"canon_owner_source\": \"finance_state_meta:canon_owner_field_families_v1\",\n          \"decision_grade_rows\": 32,\n          \"legacy_42_role\": \"hard_retired_from_active_runtime_schema\",\n          \"legacy_production_rows\": 0,\n          \"production_scope_rows\": 14,\n          \"review_monitor_rows\": 258,\n          \"row_count\": 300,\n          \"sql_primary_current_state\": true,\n          \"sql_tier_counts\": {\n            \"Tier A\": 15,\n            \"Tier B\": 17,\n            \"Tier C\": 268\n          }\n        }\n      },\n      \"review_only_internal_sql_primary\": true,\n      \"review_only_sql_json_canon_owner\": true,\n      \"source_open_required_before_material_claims\": true\n    },\n    \"legacy_42_count_advisory_only\": true,\n    \"legacy_42_retired_from_blocking\": true,\n    \"legacy_production_answer_count\": 0,\n    \"legacy_production_answer_definition\": \"hard-retired Legacy 42 answer scope; expected empty after schema apply\",\n    \"legacy_production_answer_tickers\": [],\n    \"migration_registry_summary\": {\n      \"answer_path_non_p0_consumers\": [],\n      \"answer_path_non_p0_count\": 0,\n      \"cutover_state_counts\": {\n        \"not_cut_over\": 116,\n        \"source_producer\": 389,\n        \"sql_primary_guarded\": 179\n      },\n      \"lane_counts\": {\n        \"answer_path_parity_lane\": 21,\n        \"cron_pm_governance_lane\": 14,\n        \"pm_cockpit_lane\": 2,\n        \"source_loader_lane\": 436,\n        \"test_parity_lane\": 203,\n        \"typed_access_guard_lane\": 3,\n        \"wf78_wf77_routing_lane\": 5\n      },\n      \"p0_answer_path_lane_count\": 21,\n      \"p0_answer_path_lane_status\": {\n        \"answer_path_lane_count\": 21,\n        \"answer_path_non_p0_consumers\": [],\n        \"answer_path_non_p0_count\": 0,\n        \"errors\": [],\n        \"ok\": true,\n        \"p0_answer_path_lane_count\": 21,\n        \"p0_count\": 21,\n        \"p0_non_answer_path_consumers\": [],\n        \"p0_non_answer_path_count\": 0\n      },\n      \"p0_non_answer_path_consumers\": [],\n      \"p0_non_answer_path_count\": 0,\n      \"priority_counts\": {\n        \"P0\": 21,\n        \"P1\": 459,\n        \"P2\": 204\n      }\n    },\n    \"p0_registry_lane_status\": {\n      \"answer_path_lane_count\": 21,\n      \"answer_path_non_p0_consumers\": [],\n      \"answer_path_non_p0_count\": 0,\n      \"errors\": [],\n      \"ok\": true,\n      \"p0_answer_path_lane_count\": 21,\n      \"p0_count\": 21,\n      \"p0_non_answer_path_consumers\": [],\n      \"p0_non_answer_path_count\": 0\n    },\n    \"production_answer_count\": 14,\n    \"production_answer_definition\": \"validated proof-joined production-grade set\",\n    \"production_answer_tickers\": [\n      \"BKNG\",\n      \"BRK.B\",\n      \"CME\",\n      \"CVX\",\n      \"ECL\",\n      \"GOOG\",\n      \"JPM\",\n      \"LIN\",\n      \"LLY\",\n      \"META\",\n      \"NVDA\",\n      \"PLTR\",\n      \"VRT\",\n      \"XOM\"\n    ],\n    \"reference_level\": null,\n    \"schema\": \"veritas.finance_intelligence_state.sql_canon_context.v1\",\n    \"sql_canon_db\": \"state/finance/finance-canon.sqlite\",\n    \"status\": \"ok\",\n    \"ticker_state\": null,\n    \"validation\": {\n      \"critical_errors\": [],\n      \"status\": \"ok\",\n      \"warnings\": []\n    }\n  },\n  \"status\": \"ok\",\n  \"summary\": {\n    \"all_ticker_sql_rows\": 300,\n    \"analyst_snapshot_rows\": 300,\n    \"canon_conflict_candidates\": 258,\n    \"current_pilot_fixtures\": 0,\n    \"current_ticker_cards\": 14,\n    \"fundamental_snapshot_rows\": 300,\n    \"latest_valid_entry_stop_refs\": 42,\n    \"pending_approval_queue\": 17,\n    \"pilot_fixture_rows\": 0,\n    \"preopen_action_queue\": 14,\n    \"production_answer_path_rows\": 14,\n    \"review_monitor_thin_rows\": 258,\n    \"stale_ticker_cards\": 285,\n    \"universe_rows\": 300\n  }\n}\n"
    },
    {
      "command": [
        "C:\\Users\\Veritas\\AppData\\Local\\Programs\\Python\\Python313\\python.exe",
        "scripts\\finance_intelligence_state.py",
        "validate",
        "--pretty"
      ],
      "elapsed_seconds": 0.342,
      "ended_utc": "2026-08-28T14:34:33.042717+00:00",
      "ok": true,
      "returncode": 0,
      "started_utc": "2026-08-28T14:34:32.700763+00:00",
      "stderr_tail": "",
      "stdout_tail": "\": {\n          \"authority_scope\": \"review_only_non_capital_tier_routing\",\n          \"canon_owner\": true,\n          \"canon_owner_source\": \"finance_state_meta:canon_owner_field_families_v1\",\n          \"row_count\": 300,\n          \"sql_primary_current_state\": true\n        },\n        \"universe_membership\": {\n          \"authority_scope\": \"review_only_universe_membership_and_monitoring_role\",\n          \"canon_owner\": true,\n          \"canon_owner_source\": \"finance_state_meta:canon_owner_field_families_v1\",\n          \"decision_grade_rows\": 32,\n          \"legacy_42_role\": \"hard_retired_from_active_runtime_schema\",\n          \"legacy_production_rows\": 0,\n          \"production_scope_rows\": 14,\n          \"review_monitor_rows\": 258,\n          \"row_count\": 300,\n          \"sql_primary_current_state\": true,\n          \"sql_tier_counts\": {\n            \"Tier A\": 15,\n            \"Tier B\": 17,\n            \"Tier C\": 268\n          }\n        }\n      },\n      \"review_only_internal_sql_primary\": true,\n      \"review_only_sql_json_canon_owner\": true,\n      \"source_open_required_before_material_claims\": true\n    },\n    \"legacy_42_count_advisory_only\": true,\n    \"legacy_42_retired_from_blocking\": true,\n    \"legacy_production_answer_count\": 0,\n    \"legacy_production_answer_definition\": \"hard-retired Legacy 42 answer scope; expected empty after schema apply\",\n    \"legacy_production_answer_tickers\": [],\n    \"migration_registry_summary\": {\n      \"answer_path_non_p0_consumers\": [],\n      \"answer_path_non_p0_count\": 0,\n      \"cutover_state_counts\": {\n        \"not_cut_over\": 116,\n        \"source_producer\": 389,\n        \"sql_primary_guarded\": 179\n      },\n      \"lane_counts\": {\n        \"answer_path_parity_lane\": 21,\n        \"cron_pm_governance_lane\": 14,\n        \"pm_cockpit_lane\": 2,\n        \"source_loader_lane\": 436,\n        \"test_parity_lane\": 203,\n        \"typed_access_guard_lane\": 3,\n        \"wf78_wf77_routing_lane\": 5\n      },\n      \"p0_answer_path_lane_count\": 21,\n      \"p0_answer_path_lane_status\": {\n        \"answer_path_lane_count\": 21,\n        \"answer_path_non_p0_consumers\": [],\n        \"answer_path_non_p0_count\": 0,\n        \"errors\": [],\n        \"ok\": true,\n        \"p0_answer_path_lane_count\": 21,\n        \"p0_count\": 21,\n        \"p0_non_answer_path_consumers\": [],\n        \"p0_non_answer_path_count\": 0\n      },\n      \"p0_non_answer_path_consumers\": [],\n      \"p0_non_answer_path_count\": 0,\n      \"priority_counts\": {\n        \"P0\": 21,\n        \"P1\": 459,\n        \"P2\": 204\n      }\n    },\n    \"p0_registry_lane_status\": {\n      \"answer_path_lane_count\": 21,\n      \"answer_path_non_p0_consumers\": [],\n      \"answer_path_non_p0_count\": 0,\n      \"errors\": [],\n      \"ok\": true,\n      \"p0_answer_path_lane_count\": 21,\n      \"p0_count\": 21,\n      \"p0_non_answer_path_consumers\": [],\n      \"p0_non_answer_path_count\": 0\n    },\n    \"production_answer_count\": 14,\n    \"production_answer_definition\": \"validated proof-joined production-grade set\",\n    \"production_answer_tickers\": [\n      \"BKNG\",\n      \"BRK.B\",\n      \"CME\",\n      \"CVX\",\n      \"ECL\",\n      \"GOOG\",\n      \"JPM\",\n      \"LIN\",\n      \"LLY\",\n      \"META\",\n      \"NVDA\",\n      \"PLTR\",\n      \"VRT\",\n      \"XOM\"\n    ],\n    \"reference_level\": null,\n    \"schema\": \"veritas.finance_intelligence_state.sql_canon_context.v1\",\n    \"sql_canon_db\": \"state/finance/finance-canon.sqlite\",\n    \"status\": \"ok\",\n    \"ticker_state\": null,\n    \"validation\": {\n      \"critical_errors\": [],\n      \"status\": \"ok\",\n      \"warnings\": []\n    }\n  },\n  \"status\": \"ok\",\n  \"summary\": {\n    \"all_ticker_sql_rows\": 300,\n    \"analyst_snapshot_rows\": 300,\n    \"canon_conflict_candidates\": 258,\n    \"current_pilot_fixtures\": 0,\n    \"current_ticker_cards\": 14,\n    \"fundamental_snapshot_rows\": 300,\n    \"latest_valid_entry_stop_refs\": 42,\n    \"pending_approval_queue\": 17,\n    \"pilot_fixture_rows\": 0,\n    \"preopen_action_queue\": 14,\n    \"production_answer_path_rows\": 14,\n    \"review_monitor_thin_rows\": 258,\n    \"stale_ticker_cards\": 285,\n    \"universe_rows\": 300\n  }\n}\n"
    },
    {
      "command": [
        "C:\\Users\\Veritas\\AppData\\Local\\Programs\\Python\\Python313\\python.exe",
        "scripts\\finance_intelligence_state.py",
        "stale-tickers",
        "--pretty",
        "--limit",
        "500"
      ],
      "elapsed_seconds": 0.126,
      "ended_utc": "2026-08-28T14:34:33.168619+00:00",
      "ok": true,
      "returncode": 0,
      "started_utc": "2026-08-28T14:34:33.042737+00:00",
      "stderr_tail": "",
      "stdout_tail": "/ticker-intelligence-cards/VZ.current.json\",\n      \"missing_or_stale\": [\n        \"price_band_stop\",\n        \"stale:catalyst_earnings_state\",\n        \"stale:deployment_readiness\",\n        \"stale:price_band_stop\",\n        \"stale:recommendation_support\",\n        \"stale:technical_posture\"\n      ],\n      \"ticker\": \"VZ\"\n    },\n    {\n      \"blockers\": [\n        \"current price is outside the written band; wait for re-entry/reclaim or explicit owner-approved band review\",\n        \"card itself grants no paper/live execution authority and infers no approval\"\n      ],\n      \"card_path\": \"tmp/ticker-intelligence-cards/WMB.current.json\",\n      \"missing_or_stale\": [\n        {\n          \"detail\": \"Ticker not present in current deployment-readiness surface groups\",\n          \"family\": \"deployment_readiness_surface\",\n          \"severity\": \"context\",\n          \"status\": \"missing\"\n        }\n      ],\n      \"ticker\": \"WMB\"\n    },\n    {\n      \"blockers\": [\n        \"card itself grants no paper/live execution authority and infers no approval\",\n        \"fresh_price_band_stop_required\",\n        \"official_fundamentals_required_if_promoted\",\n        \"risk_register_required_if_promoted\",\n        \"technical_posture_required\",\n        \"thin_monitor_sql_row_only\"\n      ],\n      \"card_path\": \"tmp/ticker-intelligence-cards/WMT.current.json\",\n      \"missing_or_stale\": [\n        \"stale:catalyst_earnings_state\",\n        \"stale:deployment_readiness\",\n        \"stale:price_band_stop\",\n        \"stale:recommendation_support\",\n        \"stale:technical_posture\"\n      ],\n      \"ticker\": \"WMT\"\n    },\n    {\n      \"blockers\": [\n        \"current price is outside the written band; wait for re-entry/reclaim or explicit owner-approved band review\",\n        \"card itself grants no paper/live execution authority and infers no approval\"\n      ],\n      \"card_path\": \"tmp/ticker-intelligence-cards/XLC.current.json\",\n      \"missing_or_stale\": [\n        {\n          \"detail\": \"Ticker not present in current deployment-readiness surface groups\",\n          \"family\": \"deployment_readiness_surface\",\n          \"severity\": \"context\",\n          \"status\": \"missing\"\n        }\n      ],\n      \"ticker\": \"XLC\"\n    },\n    {\n      \"blockers\": [\n        \"current price is outside the written band; wait for re-entry/reclaim or explicit owner-approved band review\",\n        \"card itself grants no paper/live execution authority and infers no approval\"\n      ],\n      \"card_path\": \"tmp/ticker-intelligence-cards/XLE.current.json\",\n      \"missing_or_stale\": [\n        {\n          \"detail\": \"Ticker not present in current deployment-readiness surface groups\",\n          \"family\": \"deployment_readiness_surface\",\n          \"severity\": \"context\",\n          \"status\": \"missing\"\n        }\n      ],\n      \"ticker\": \"XLE\"\n    },\n    {\n      \"blockers\": [\n        \"current price is outside the written band; wait for re-entry/reclaim or explicit owner-approved band review\",\n        \"card itself grants no paper/live execution authority and infers no approval\"\n      ],\n      \"card_path\": \"tmp/ticker-intelligence-cards/XLF.current.json\",\n      \"missing_or_stale\": [\n        {\n          \"detail\": \"Ticker not present in current deployment-readiness surface groups\",\n          \"family\": \"deployment_readiness_surface\",\n          \"severity\": \"context\",\n          \"status\": \"missing\"\n        }\n      ],\n      \"ticker\": \"XLF\"\n    },\n    {\n      \"blockers\": [\n        \"current price is outside the written band; wait for re-entry/reclaim or explicit owner-approved band review\",\n        \"card itself grants no paper/live execution authority and infers no approval\"\n      ],\n      \"card_path\": \"tmp/ticker-intelligence-cards/XLI.current.json\",\n      \"missing_or_stale\": [\n        {\n          \"detail\": \"Ticker not present in current deployment-readiness surface groups\",\n          \"family\": \"deployment_readiness_surface\",\n          \"severity\": \"context\",\n          \"status\": \"missing\"\n        }\n      ],\n      \"ticker\": \"XLI\"\n    }\n  ],\n  \"status\": \"ok\"\n}\n"
    }
  ],
  "fresh_quote_required_context_queue": [],
  "generated_at_utc": "2026-08-28T14:34:33.524662+00:00",
  "generated_utc": "2026-08-28T14:34:33.524662+00:00",
  "inputs": {
    "card_summary_output": "tmp\\ticker-card-refresh-gate-card-build-summary.json",
    "durable_sql_canon_db": "state\\finance\\finance-canon.sqlite",
    "earnings_rollforward_guard": "tmp\\earnings-rollforward-guard.json",
    "finance_coverage": "tmp\\finance-data-coverage-current.json",
    "finance_state_validation": "tmp\\finance-intelligence-state-validation.json",
    "full_answer_mode": "never",
    "post_earnings_reconciliation": [],
    "price_freshness_bridge": "tmp\\wf77-price-freshness-bridge.json",
    "skip_provider_refresh": true,
    "stale_tickers": "tmp\\finance-intelligence-state-stale-tickers.json",
    "state_refresh_posture": "validate_existing_state_only_for_targeted_or_provider_skipped_gate",
    "technical_refresh_posture": "full_entitled_universe_refresh",
    "tickers": []
  },
  "next_actions": [
    "Treat Tier C/thin-monitor absence as expected context unless the ticker is promoted toward the production answer path.",
    "Treat production answer-path context-only gaps as enrichment debt; fail closed only on blocking evidence families.",
    "Keep 101-200 WF78 import decision scoped to Tier C review-monitor only.",
    "Run this gate before any production answer-path promotion packet.",
    "Do not infer owner approval, import authority, canon mutation, portfolio mutation, or execution authority."
  ],
  "production_expected_context_queue": [
    {
      "card_path": "tmp/ticker-intelligence-cards/AMD.current.json",
      "decision_tier_row": true,
      "production_answer_path_member": false,
      "repair_scope": "production_expected_context",
      "stale_reasons": [
        {
          "detail": "Ticker not present in current deployment-readiness surface groups",
          "family": "deployment_readiness_surface",
          "severity": "context",
          "status": "missing"
        }
      ],
      "thin_monitor_row": false,
      "ticker": "AMD",
      "tier": "B",
      "universe_scope": "active_internal_universe"
    },
    {
      "card_path": "tmp/ticker-intelligence-cards/AMZN.current.json",
      "decision_tier_row": true,
      "production_answer_path_member": false,
      "repair_scope": "production_expected_context",
      "stale_reasons": [
        {
          "detail": "Ticker not present in current deployment-readiness surface groups",
          "family": "deployment_readiness_surface",
          "severity": "context",
          "status": "missing"
        },
        {
          "detail": "Official period 2026-06-30 is newer than normalized metrics period 2026-03-31; withheld fields remain manual/10-Q required.",
          "family": "fundamental_period_alignment",
          "severity": "context",
          "status": "newer_official_period_normalized_metrics_catch_up_required"
        }
      ],
      "thin_monitor_row": false,
      "ticker": "AMZN",
      "tier": "B",
      "universe_scope": "active_internal_universe"
    },
    {
      "card_path": "tmp/ticker-intelligence-cards/CAT.current.json",
      "decision_tier_row": true,
      "production_answer_path_member": false,
      "repair_scope": "production_expected_context",
      "stale_reasons": [
        {
          "detail": "Ticker not present in current deployment-readiness surface groups",
          "family": "deployment_readiness_surface",
          "severity": "context",
          "status": "missing"
        }
      ],
      "thin_monitor_row": false,
      "ticker": "CAT",
      "tier": "B",
      "universe_scope": "active_internal_universe"
    },
    {
      "card_path": "tmp/ticker-intelligence-cards/CME.current.json",
      "decision_tier_row": true,
      "production_answer_path_member": true,
      "repair_scope": "production_expected_context",
      "stale_reasons": [
        {
          "detail": "Ticker not present in current deployment-readiness surface groups",
          "family": "deployment_readiness_surface",
          "severity": "context",
          "status": "missing"
        }
      ],
      "thin_monitor_row": false,
      "ticker": "CME",
      "tier": "A",
      "universe_scope": "active_internal_universe"
    },
    {
      "card_path": "tmp/ticker-intelligence-cards/ECL.current.json",
      "decision_tier_row": true,
      "production_answer_path_member": true,
      "repair_scope": "production_expected_context",
      "stale_reasons": [
        {
          "detail": "Ticker not present in current deployment-readiness surface groups",
          "family": "deployment_readiness_surface",
          "severity": "context",
          "status": "missing"
        }
      ],
      "thin_monitor_row": false,
      "ticker": "ECL",
      "tier": "B",
      "universe_scope": "active_internal_universe"
    },
    {
      "card_path": "tmp/ticker-intelligence-cards/GE.current.json",
      "decision_tier_row": true,
      "production_answer_path_member": false,
      "repair_scope": "production_expected_context",
      "stale_reasons": [
        {
          "detail": "Ticker not present in current deployment-readiness surface groups",
          "family": "deployment_readiness_surface",
          "severity": "context",
          "status": "missing"
        }
      ],
      "thin_monitor_row": false,
      "ticker": "GE",
      "tier": "B",
      "universe_scope": "active_internal_universe"
    },
    {
      "card_path": "tmp/ticker-intelligence-cards/GS.current.json",
      "decision_tier_row": true,
      "production_answer_path_member": false,
      "repair_scope": "production_expected_context",
      "stale_reasons": [
        {
          "detail": "Official period 2026-06-30 is newer than normalized metrics period 2026-03-31; withheld fields remain manual/10-Q required.",
          "family": "fundamental_period_alignment",
          "severity": "context",
          "status": "newer_official_period_normalized_metrics_catch_up_required"
        }
      ],
      "thin_monitor_row": false,
      "ticker": "GS",
      "tier": "A",
      "universe_scope": "active_internal_universe"
    },
    {
      "card_path": "tmp/ticker-intelligence-cards/KTOS.current.json",
      "decision_tier_row": true,
      "production_answer_path_member": false,
      "repair_scope": "production_expected_context",
      "stale_reasons": [
        {
          "detail": "Ticker not present in current deployment-readiness surface groups",
          "family": "deployment_readiness_surface",
          "severity": "context",
          "status": "missing"
        }
      ],
      "thin_monitor_row": false,
      "ticker": "KTOS",
      "tier": "B",
      "universe_scope": "active_internal_universe"
    },
    {
      "card_path": "tmp/ticker-intelligence-cards/LNG.current.json",
      "decision_tier_row": true,
      "production_answer_path_member": false,
      "repair_scope": "production_expected_context",
      "stale_reasons": [
        {
          "detail": "Ticker not present in current deployment-readiness surface groups",
          "family": "deployment_readiness_surface",
          "severity": "context",
          "status": "missing"
        }
      ],
      "thin_monitor_row": false,
      "ticker": "LNG",
      "tier": "B",
      "universe_scope": "active_internal_universe"
    },
    {
      "card_path": "tmp/ticker-intelligence-cards/META.current.json",
      "decision_tier_row": true,
      "production_answer_path_member": true,
      "repair_scope": "production_expected_context",
      "stale_reasons": [
        {
          "detail": "Ticker not present in current deployment-readiness surface groups",
          "family": "deployment_readiness_surface",
          "severity": "context",
          "status": "missing"
        }
      ],
      "thin_monitor_row": false,
      "ticker": "META",
      "tier": "A",
      "universe_scope": "active_internal_universe"
    },
    {
      "card_path": "tmp/ticker-intelligence-cards/NFLX.current.json",
      "decision_tier_row": true,
      "production_answer_path_member": false,
      "repair_scope": "production_expected_context",
      "stale_reasons": [
        {
          "detail": "Ticker not present in current deployment-readiness surface groups",
          "family": "deployment_readiness_surface",
          "severity": "context",
          "status": "missing"
        }
      ],
      "thin_monitor_row": false,
      "ticker": "NFLX",
      "tier": "B",
      "universe_scope": "active_internal_universe"
    },
    {
      "card_path": "tmp/ticker-intelligence-cards/NVDA.current.json",
      "decision_tier_row": true,
      "production_answer_path_member": true,
      "repair_scope": "production_expected_context",
      "stale_reasons": [
        {
          "detail": "Official period 2026-07-26 is newer than normalized metrics period 2026-04-30; withheld fields remain manual/10-Q required.",
          "family": "fundamental_period_alignment",
          "severity": "context",
          "status": "newer_official_period_normalized_metrics_catch_up_required"
        }
      ],
      "thin_monitor_row": false,
      "ticker": "NVDA",
      "tier": "A",
      "universe_scope": "active_internal_universe"
    },
    {
      "card_path": "tmp/ticker-intelligence-cards/PAVE.current.json",
      "decision_tier_row": false,
      "production_answer_path_member": false,
      "repair_scope": "production_expected_context",
      "stale_reasons": [
        {
          "detail": "Ticker not present in current deployment-readiness surface groups",
          "family": "deployment_readiness_surface",
          "severity": "context",
          "status": "missing"
        }
      ],
      "thin_monitor_row": false,
      "ticker": "PAVE",
      "tier": "C",
      "universe_scope": "active_internal_universe"
    },
    {
      "card_path": "tmp/ticker-intelligence-cards/PH.current.json",
      "decision_tier_row": true,
      "production_answer_path_member": false,
      "repair_scope": "production_expected_context",
      "stale_reasons": [
        {
          "detail": "Official period 2026-06-30 is newer than normalized metrics period 2026-03-31; withheld fields remain manual/10-Q required.",
          "family": "fundamental_period_alignment",
          "severity": "context",
          "status": "newer_official_period_normalized_metrics_catch_up_required"
        }
      ],
      "thin_monitor_row": false,
      "ticker": "PH",
      "tier": "A",
      "universe_scope": "active_internal_universe"
    },
    {
      "card_path": "tmp/ticker-intelligence-cards/RTX.current.json",
      "decision_tier_row": true,
      "production_answer_path_member": false,
      "repair_scope": "production_expected_context",
      "stale_reasons": [
        {
          "detail": "Ticker not present in current deployment-readiness surface groups",
          "family": "deployment_readiness_surface",
          "severity": "context",
          "status": "missing"
        }
      ],
      "thin_monitor_row": false,
      "ticker": "RTX",
      "tier": "B",
      "universe_scope": "active_internal_universe"
    },
    {
      "card_path": "tmp/ticker-intelligence-cards/SLV.current.json",
      "decision_tier_row": false,
      "production_answer_path_member": false,
      "repair_scope": "production_expected_context",
      "stale_reasons": [
        {
          "detail": "Ticker not present in current deployment-readiness surface groups",
          "family": "deployment_readiness_surface",
          "severity": "context",
          "status": "missing"
        }
      ],
      "thin_monitor_row": false,
      "ticker": "SLV",
      "tier": "C",
      "universe_scope": "active_internal_universe"
    },
    {
      "card_path": "tmp/ticker-intelligence-cards/SMCI.current.json",
      "decision_tier_row": true,
      "production_answer_path_member": false,
      "repair_scope": "production_expected_context",
      "stale_reasons": [
        {
          "detail": "Ticker not present in current deployment-readiness surface groups",
          "family": "deployment_readiness_surface",
          "severity": "context",
          "status": "missing"
        }
      ],
      "thin_monitor_row": false,
      "ticker": "SMCI",
      "tier": "B",
      "universe_scope": "active_internal_universe"
    },
    {
      "card_path": "tmp/ticker-intelligence-cards/TLT.current.json",
      "decision_tier_row": false,
      "production_answer_path_member": false,
      "repair_scope": "production_expected_context",
      "stale_reasons": [
        {
          "detail": "Ticker not present in current deployment-readiness surface groups",
          "family": "deployment_readiness_surface",
          "severity": "context",
          "status": "missing"
        }
      ],
      "thin_monitor_row": false,
      "ticker": "TLT",
      "tier": "C",
      "universe_scope": "active_internal_universe"
    },
    {
      "card_path": "tmp/ticker-intelligence-cards/TMUS.current.json",
      "decision_tier_row": true,
      "production_answer_path_member": false,
      "repair_scope": "production_expected_context",
      "stale_reasons": [
        {
          "detail": "Ticker not present in current deployment-readiness surface groups",
          "family": "deployment_readiness_surface",
          "severity": "context",
          "status": "missing"
        }
      ],
      "thin_monitor_row": false,
      "ticker": "TMUS",
      "tier": "B",
      "universe_scope": "active_internal_universe"
    },
    {
      "card_path": "tmp/ticker-intelligence-cards/VAW.current.json",
      "decision_tier_row": false,
      "production_answer_path_member": false,
      "repair_scope": "production_expected_context",
      "stale_reasons": [
        {
          "detail": "Ticker not present in current deployment-readiness surface groups",
          "family": "deployment_readiness_surface",
          "severity": "context",
          "status": "missing"
        }
      ],
      "thin_monitor_row": false,
      "ticker": "VAW",
      "tier": "C",
      "universe_scope": "active_internal_universe"
    },
    {
      "card_path": "tmp/ticker-intelligence-cards/VMC.current.json",
      "decision_tier_row": true,
      "production_answer_path_member": false,
      "repair_scope": "production_expected_context",
      "stale_reasons": [
        {
          "detail": "Ticker not present in current deployment-readiness surface groups",
          "family": "deployment_readiness_surface",
          "severity": "context",
          "status": "missing"
        }
      ],
      "thin_monitor_row": false,
      "ticker": "VMC",
      "tier": "B",
      "universe_scope": "active_internal_universe"
    },
    {
      "card_path": "tmp/ticker-intelligence-cards/VXUS.current.json",
      "decision_tier_row": false,
      "production_answer_path_member": false,
      "repair_scope": "production_expected_context",
      "stale_reasons": [
        {
          "detail": "Ticker not present in current deployment-readiness surface groups",
          "family": "deployment_readiness_surface",
          "severity": "context",
          "status": "missing"
        }
      ],
      "thin_monitor_row": false,
      "ticker": "VXUS",
      "tier": "C",
      "universe_scope": "active_internal_universe"
    },
    {
      "card_path": "tmp/ticker-intelligence-cards/WMB.current.json",
      "decision_tier_row": true,
      "production_answer_path_member": false,
      "repair_scope": "production_expected_context",
      "stale_reasons": [
        {
          "detail": "Ticker not present in current deployment-readiness surface groups",
          "family": "deployment_readiness_surface",
          "severity": "context",
          "status": "missing"
        }
      ],
      "thin_monitor_row": false,
      "ticker": "WMB",
      "tier": "B",
      "universe_scope": "active_internal_universe"
    },
    {
      "card_path": "tmp/ticker-intelligence-cards/XLC.current.json",
      "decision_tier_row": false,
      "production_answer_path_member": false,
      "repair_scope": "production_expected_context",
      "stale_reasons": [
        {
          "detail": "Ticker not present in current deployment-readiness surface groups",
          "family": "deployment_readiness_surface",
          "severity": "context",
          "status": "missing"
        }
      ],
      "thin_monitor_row": false,
      "ticker": "XLC",
      "tier": "C",
      "universe_scope": "active_internal_universe"
    },
    {
      "card_path": "tmp/ticker-intelligence-cards/XLE.current.json",
      "decision_tier_row": false,
      "production_answer_path_member": false,
      "repair_scope": "production_expected_context",
      "stale_reasons": [
        {
          "detail": "Ticker not present in current deployment-readiness surface groups",
          "family": "deployment_readiness_surface",
          "severity": "context",
          "status": "missing"
        }
      ],
      "thin_monitor_row": false,
      "ticker": "XLE",
      "tier": "C",
      "universe_scope": "active_internal_universe"
    },
    {
      "card_path": "tmp/ticker-intelligence-cards/XLF.current.json",
      "decision_tier_row": false,
      "production_answer_path_member": false,
      "repair_scope": "production_expected_context",
      "stale_reasons": [
        {
          "detail": "Ticker not present in current deployment-readiness surface groups",
          "family": "deployment_readiness_surface",
          "severity": "context",
          "status": "missing"
        }
      ],
      "thin_monitor_row": false,
      "ticker": "XLF",
      "tier": "C",
      "universe_scope": "active_internal_universe"
    },
    {
      "card_path": "tmp/ticker-intelligence-cards/XLI.current.json",
      "decision_tier_row": false,
      "production_answer_path_member": false,
      "repair_scope": "production_expected_context",
      "stale_reasons": [
        {
          "detail": "Ticker not present in current deployment-readiness surface groups",
          "family": "deployment_readiness_surface",
          "severity": "context",
          "status": "missing"
        }
      ],
      "thin_monitor_row": false,
      "ticker": "XLI",
      "tier": "C",
      "universe_scope": "active_internal_universe"
    }
  ],
  "production_price_drift_queue": [
    {
      "card_generated_at_utc": "2026-08-28T14:34:30Z",
      "card_latest_known_price": 202.56,
      "card_path": "tmp/ticker-intelligence-cards/BKNG.current.json",
      "fresh_latest_close": 203.63,
      "fresh_minus_card_price": 1.07,
      "price_data_date": "2026-08-28",
      "price_source": "tmp/technical-refresh.json",
      "production_answer_path_member": true,
      "repair_scope": "production_card_price_drift",
      "ticker": "BKNG",
      "tier": "B"
    },
    {
      "card_generated_at_utc": "2026-08-28T14:34:30Z",
      "card_latest_known_price": 503.7,
      "card_path": "tmp/ticker-intelligence-cards/BRK.B.current.json",
      "fresh_latest_close": 503.39,
      "fresh_minus_card_price": -0.31,
      "price_data_date": "2026-08-28",
      "price_source": "tmp/technical-refresh.json",
      "production_answer_path_member": true,
      "repair_scope": "production_card_price_drift",
      "ticker": "BRK.B",
      "tier": "A"
    },
    {
      "card_generated_at_utc": "2026-08-28T14:34:30Z",
      "card_latest_known_price": 280.94,
      "card_path": "tmp/ticker-intelligence-cards/CME.current.json",
      "fresh_latest_close": 281.86,
      "fresh_minus_card_price": 0.92,
      "price_data_date": "2026-08-28",
      "price_source": "tmp/technical-refresh.json",
      "production_answer_path_member": true,
      "repair_scope": "production_card_price_drift",
      "ticker": "CME",
      "tier": "A"
    },
    {
      "card_generated_at_utc": "2026-08-28T14:34:30Z",
      "card_latest_known_price": 199.77,
      "card_path": "tmp/ticker-intelligence-cards/CVX.current.json",
      "fresh_latest_close": 200.86,
      "fresh_minus_card_price": 1.09,
      "price_data_date": "2026-08-28",
      "price_source": "tmp/technical-refresh.json",
      "production_answer_path_member": true,
      "repair_scope": "production_card_price_drift",
      "ticker": "CVX",
      "tier": "B"
    },
    {
      "card_generated_at_utc": "2026-08-28T14:34:30Z",
      "card_latest_known_price": 285.91,
      "card_path": "tmp/ticker-intelligence-cards/ECL.current.json",
      "fresh_latest_close": 286.77,
      "fresh_minus_card_price": 0.86,
      "price_data_date": "2026-08-28",
      "price_source": "tmp/technical-refresh.json",
      "production_answer_path_member": true,
      "repair_scope": "production_card_price_drift",
      "ticker": "ECL",
      "tier": "B"
    },
    {
      "card_generated_at_utc": "2026-08-28T14:34:30Z",
      "card_latest_known_price": 337.71,
      "card_path": "tmp/ticker-intelligence-cards/GOOG.current.json",
      "fresh_latest_close": 339.51,
      "fresh_minus_card_price": 1.8,
      "price_data_date": "2026-08-28",
      "price_source": "tmp/technical-refresh.json",
      "production_answer_path_member": true,
      "repair_scope": "production_card_price_drift",
      "ticker": "GOOG",
      "tier": "A"
    },
    {
      "card_generated_at_utc": "2026-08-28T14:34:30Z",
      "card_latest_known_price": 354.22,
      "card_path": "tmp/ticker-intelligence-cards/JPM.current.json",
      "fresh_latest_close": 354.79,
      "fresh_minus_card_price": 0.57,
      "price_data_date": "2026-08-28",
      "price_source": "tmp/technical-refresh.json",
      "production_answer_path_member": true,
      "repair_scope": "production_card_price_drift",
      "ticker": "JPM",
      "tier": "A"
    },
    {
      "card_generated_at_utc": "2026-08-28T14:34:30Z",
      "card_latest_known_price": 485.35,
      "card_path": "tmp/ticker-intelligence-cards/LIN.current.json",
      "fresh_latest_close": 488.12,
      "fresh_minus_card_price": 2.77,
      "price_data_date": "2026-08-28",
      "price_source": "tmp/technical-refresh.json",
      "production_answer_path_member": true,
      "repair_scope": "production_card_price_drift",
      "ticker": "LIN",
      "tier": "A"
    },
    {
      "card_generated_at_utc": "2026-08-28T14:34:30Z",
      "card_latest_known_price": 1176.1,
      "card_path": "tmp/ticker-intelligence-cards/LLY.current.json",
      "fresh_latest_close": 1168.8,
      "fresh_minus_card_price": -7.3,
      "price_data_date": "2026-08-28",
      "price_source": "tmp/technical-refresh.json",
      "production_answer_path_member": true,
      "repair_scope": "production_card_price_drift",
      "ticker": "LLY",
      "tier": "B"
    },
    {
      "card_generated_at_utc": "2026-08-28T14:34:30Z",
      "card_latest_known_price": 571.1,
      "card_path": "tmp/ticker-intelligence-cards/META.current.json",
      "fresh_latest_close": 581.99,
      "fresh_minus_card_price": 10.89,
      "price_data_date": "2026-08-28",
      "price_source": "tmp/technical-refresh.json",
      "production_answer_path_member": true,
      "repair_scope": "production_card_price_drift",
      "ticker": "META",
      "tier": "A"
    },
    {
      "card_generated_at_utc": "2026-08-28T14:34:30Z",
      "card_latest_known_price": 227.98,
      "card_path": "tmp/ticker-intelligence-cards/NVDA.current.json",
      "fresh_latest_close": 227.23,
      "fresh_minus_card_price": -0.75,
      "price_data_date": "2026-08-28",
      "price_source": "tmp/technical-refresh.json",
      "production_answer_path_member": true,
      "repair_scope": "production_card_price_drift",
      "ticker": "NVDA",
      "tier": "A"
    },
    {
      "card_generated_at_utc": "2026-08-28T14:34:31Z",
      "card_latest_known_price": 185.93,
      "card_path": "tmp/ticker-intelligence-cards/PLTR.current.json",
      "fresh_latest_close": 186.85,
      "fresh_minus_card_price": 0.92,
      "price_data_date": "2026-08-28",
      "price_source": "tmp/technical-refresh.json",
      "production_answer_path_member": true,
      "repair_scope": "production_card_price_drift",
      "ticker": "PLTR",
      "tier": "B"
    },
    {
      "card_generated_at_utc": "2026-08-28T14:34:31Z",
      "card_latest_known_price": 269.28,
      "card_path": "tmp/ticker-intelligence-cards/VRT.current.json",
      "fresh_latest_close": 267.68,
      "fresh_minus_card_price": -1.6,
      "price_data_date": "2026-08-28",
      "price_source": "tmp/technical-refresh.json",
      "production_answer_path_member": true,
      "repair_scope": "production_card_price_drift",
      "ticker": "VRT",
      "tier": "A"
    }
  ],
  "production_repair_queue": [],
  "repair_queue": [
    {
      "card_path": "tmp/ticker-intelligence-cards/A.current.json",
      "decision_tier_row": false,
      "production_answer_path_member": false,
      "repair_scope": "thin_monitor_expected_context",
      "stale_reasons": [
        "stale:catalyst_earnings_state",
        "stale:deployment_readiness",
        "stale:price_band_stop",
        "stale:recommendation_support",
        "stale:technical_posture"
      ],
      "thin_monitor_row": true,
      "ticker": "A",
      "tier": "C",
      "universe_scope": "review_100_monitor"
    },
    {
      "card_path": "tmp/ticker-intelligence-cards/AAPL.current.json",
      "decision_tier_row": false,
      "production_answer_path_member": false,
      "repair_scope": "thin_monitor_expected_context",
      "stale_reasons": [
        "stale:catalyst_earnings_state",
        "stale:deployment_readiness",
        "stale:price_band_stop",
        "stale:recommendation_support",
        "stale:technical_posture"
      ],
      "thin_monitor_row": true,
      "ticker": "AAPL",
      "tier": "C",
      "universe_scope": "review_100_monitor"
    },
    {
      "card_path": "tmp/ticker-intelligence-cards/ABBV.current.json",
      "decision_tier_row": false,
      "production_answer_path_member": false,
      "repair_scope": "thin_monitor_expected_context",
      "stale_reasons": [
        "stale:catalyst_earnings_state",
        "stale:deployment_readiness",
        "stale:price_band_stop",
        "stale:recommendation_support",
        "stale:technical_posture"
      ],
      "thin_monitor_row": true,
      "ticker": "ABBV",
      "tier": "C",
      "universe_scope": "review_100_monitor"
    },
    {
      "card_path": "tmp/ticker-intelligence-cards/ABNB.current.json",
      "decision_tier_row": false,
      "production_answer_path_member": false,
      "repair_scope": "thin_monitor_expected_context",
      "stale_reasons": [
        "stale:catalyst_earnings_state",
        "stale:deployment_readiness",
        "stale:price_band_stop",
        "stale:recommendation_support",
        "stale:technical_posture"
      ],
      "thin_monitor_row": true,
      "ticker": "ABNB",
      "tier": "C",
      "universe_scope": "review_100_monitor"
    },
    {
      "card_path": "tmp/ticker-intelligence-cards/ABT.current.json",
      "decision_tier_row": false,
      "production_answer_path_member": false,
      "repair_scope": "thin_monitor_expected_context",
      "stale_reasons": [
        "stale:catalyst_earnings_state",
        "stale:deployment_readiness",
        "stale:price_band_stop",
        "stale:recommendation_support",
        "stale:technical_posture"
      ],
      "thin_monitor_row": true,
      "ticker": "ABT",
      "tier": "C",
      "universe_scope": "review_100_monitor"
    },
    {
      "card_path": "tmp/ticker-intelligence-cards/ACGL.current.json",
      "decision_tier_row": false,
      "production_answer_path_member": false,
      "repair_scope": "thin_monitor_expected_context",
      "stale_reasons": [
        "stale:catalyst_earnings_state",
        "stale:deployment_readiness",
        "stale:price_band_stop",
        "stale:recommendation_support",
        "stale:technical_posture"
      ],
      "thin_monitor_row": true,
      "ticker": "ACGL",
      "tier": "C",
      "universe_scope": "review_100_monitor"
    },
    {
      "card_path": "tmp/ticker-intelligence-cards/ACN.current.json",
      "decision_tier_row": false,
      "production_answer_path_member": false,
      "repair_scope": "thin_monitor_expected_context",
      "stale_reasons": [
        "stale:catalyst_earnings_state",
        "stale:deployment_readiness",
        "stale:price_band_stop",
        "stale:recommendation_support",
        "stale:technical_posture"
      ],
      "thin_monitor_row": true,
      "ticker": "ACN",
      "tier": "C",
      "universe_scope": "review_100_monitor"
    },
    {
      "card_path": "tmp/ticker-intelligence-cards/ADBE.current.json",
      "decision_tier_row": false,
      "production_answer_path_member": false,
      "repair_scope": "thin_monitor_expected_context",
      "stale_reasons": [
        "stale:catalyst_earnings_state",
        "stale:deployment_readiness",
        "stale:price_band_stop",
        "stale:recommendation_support",
        "stale:technical_posture"
      ],
      "thin_monitor_row": true,
      "ticker": "ADBE",
      "tier": "C",
      "universe_scope": "review_100_monitor"
    },
    {
      "card_path": "tmp/ticker-intelligence-cards/ADI.current.json",
      "decision_tier_row": false,
      "production_answer_path_member": false,
      "repair_scope": "thin_monitor_expected_context",
      "stale_reasons": [
        "stale:catalyst_earnings_state",
        "stale:deployment_readiness",
        "stale:price_band_stop",
        "stale:recommendation_support",
        "stale:technical_posture"
      ],
      "thin_monitor_row": true,
      "ticker": "ADI",
      "tier": "C",
      "universe_scope": "review_100_monitor"
    },
    {
      "card_path": "tmp/ticker-intelligence-cards/ADM.current.json",
      "decision_tier_row": false,
      "production_answer_path_member": false,
      "repair_scope": "thin_monitor_expected_context",
      "stale_reasons": [
        "stale:catalyst_earnings_state",
        "stale:deployment_readiness",
        "stale:price_band_stop",
        "stale:recommendation_support",
        "stale:technical_posture"
      ],
      "thin_monitor_row": true,
      "ticker": "ADM",
      "tier": "C",
      "universe_scope": "review_100_monitor"
    },
    {
      "card_path": "tmp/ticker-intelligence-cards/ADP.current.json",
      "decision_tier_row": false,
      "production_answer_path_member": false,
      "repair_scope": "thin_monitor_expected_context",
      "stale_reasons": [
        "stale:catalyst_earnings_state",
        "stale:deployment_readiness",
        "stale:price_band_stop",
        "stale:recommendation_support",
        "stale:technical_posture"
      ],
      "thin_monitor_row": true,
      "ticker": "ADP",
      "tier": "C",
      "universe_scope": "review_100_monitor"
    },
    {
      "card_path": "tmp/ticker-intelligence-cards/ADSK.current.json",
      "decision_tier_row": false,
      "production_answer_path_member": false,
      "repair_scope": "thin_monitor_expected_context",
      "stale_reasons": [
        "stale:catalyst_earnings_state",
        "stale:deployment_readiness",
        "stale:price_band_stop",
        "stale:recommendation_support",
        "stale:technical_posture"
      ],
      "thin_monitor_row": true,
      "ticker": "ADSK",
      "tier": "C",
      "universe_scope": "review_100_monitor"
    },
    {
      "card_path": "tmp/ticker-intelligence-cards/AEE.current.json",
      "decision_tier_row": false,
      "production_answer_path_member": false,
      "repair_scope": "thin_monitor_expected_context",
      "stale_reasons": [
        "stale:catalyst_earnings_state",
        "stale:deployment_readiness",
        "stale:price_band_stop",
        "stale:recommendation_support",
        "stale:technical_posture"
      ],
      "thin_monitor_row": true,
      "ticker": "AEE",
      "tier": "C",
      "universe_scope": "review_100_monitor"
    },
    {
      "card_path": "tmp/ticker-intelligence-cards/AEP.current.json",
      "decision_tier_row": false,
      "production_answer_path_member": false,
      "repair_scope": "thin_monitor_expected_context",
      "stale_reasons": [
        "stale:catalyst_earnings_state",
        "stale:deployment_readiness",
        "stale:price_band_stop",
        "stale:recommendation_support",
        "stale:technical_posture"
      ],
      "thin_monitor_row": true,
      "ticker": "AEP",
      "tier": "C",
      "universe_scope": "review_100_monitor"
    },
    {
      "card_path": "tmp/ticker-intelligence-cards/AES.current.json",
      "decision_tier_row": false,
      "production_answer_path_member": false,
      "repair_scope": "thin_monitor_expected_context",
      "stale_reasons": [
        "stale:catalyst_earnings_state",
        "stale:deployment_readiness",
        "stale:price_band_stop",
        "stale:recommendation_support",
        "stale:technical_posture"
      ],
      "thin_monitor_row": true,
      "ticker": "AES",
      "tier": "C",
      "universe_scope": "review_100_monitor"
    },
    {
      "card_path": "tmp/ticker-intelligence-cards/AFL.current.json",
      "decision_tier_row": false,
      "production_answer_path_member": false,
      "repair_scope": "thin_monitor_expected_context",
      "stale_reasons": [
        "stale:catalyst_earnings_state",
        "stale:deployment_readiness",
        "stale:price_band_stop",
        "stale:recommendation_support",
        "stale:technical_posture"
      ],
      "thin_monitor_row": true,
      "ticker": "AFL",
      "tier": "C",
      "universe_scope": "review_100_monitor"
    },
    {
      "card_path": "tmp/ticker-intelligence-cards/AIG.current.json",
      "decision_tier_row": false,
      "production_answer_path_member": false,
      "repair_scope": "thin_monitor_expected_context",
      "stale_reasons": [
        "stale:catalyst_earnings_state",
        "stale:deployment_readiness",
        "stale:price_band_stop",
        "stale:recommendation_support",
        "stale:technical_posture"
      ],
      "thin_monitor_row": true,
      "ticker": "AIG",
      "tier": "C",
      "universe_scope": "review_100_monitor"
    },
    {
      "card_path": "tmp/ticker-intelligence-cards/AIZ.current.json",
      "decision_tier_row": false,
      "production_answer_path_member": false,
      "repair_scope": "thin_monitor_expected_context",
      "stale_reasons": [
        "stale:catalyst_earnings_state",
        "stale:deployment_readiness",
        "stale:price_band_stop",
        "stale:recommendation_support",
        "stale:technical_posture"
      ],
      "thin_monitor_row": true,
      "ticker": "AIZ",
      "tier": "C",
      "universe_scope": "review_100_monitor"
    },
    {
      "card_path": "tmp/ticker-intelligence-cards/AJG.current.json",
      "decision_tier_row": false,
      "production_answer_path_member": false,
      "repair_scope": "thin_monitor_expected_context",
      "stale_reasons": [
        "stale:catalyst_earnings_state",
        "stale:deployment_readiness",
        "stale:price_band_stop",
        "stale:recommendation_support",
        "stale:technical_posture"
      ],
      "thin_monitor_row": true,
      "ticker": "AJG",
      "tier": "C",
      "universe_scope": "review_100_monitor"
    },
    {
      "card_path": "tmp/ticker-intelligence-cards/AKAM.current.json",
      "decision_tier_row": false,
      "production_answer_path_member": false,
      "repair_scope": "thin_monitor_expected_context",
      "stale_reasons": [
        "stale:catalyst_earnings_state",
        "stale:deployment_readiness",
        "stale:price_band_stop",
        "stale:recommendation_support",
        "stale:technical_posture"
      ],
      "thin_monitor_row": true,
      "ticker": "AKAM",
      "tier": "C",
      "universe_scope": "review_100_monitor"
    },
    {
      "card_path": "tmp/ticker-intelligence-cards/ALB.current.json",
      "decision_tier_row": false,
      "production_answer_path_member": false,
      "repair_scope": "thin_monitor_expected_context",
      "stale_reasons": [
        "stale:catalyst_earnings_state",
        "stale:deployment_readiness",
        "stale:price_band_stop",
        "stale:recommendation_support",
        "stale:technical_posture"
      ],
      "thin_monitor_row": true,
      "ticker": "ALB",
      "tier": "C",
      "universe_scope": "review_100_monitor"
    },
    {
      "card_path": "tmp/ticker-intelligence-cards/ALGN.current.json",
      "decision_tier_row": false,
      "production_answer_path_member": false,
      "repair_scope": "thin_monitor_expected_context",
      "stale_reasons": [
        "stale:catalyst_earnings_state",
        "stale:deployment_readiness",
        "stale:price_band_stop",
        "stale:recommendation_support",
        "stale:technical_posture"
      ],
      "thin_monitor_row": true,
      "ticker": "ALGN",
      "tier": "C",
      "universe_scope": "review_100_monitor"
    },
    {
      "card_path": "tmp/ticker-intelligence-cards/ALL.current.json",
      "decision_tier_row": false,
      "production_answer_path_member": false,
      "repair_scope": "thin_monitor_expected_context",
      "stale_reasons": [
        "stale:catalyst_earnings_state",
        "stale:deployment_readiness",
        "stale:price_band_stop",
        "stale:recommendation_support",
        "stale:technical_posture"
      ],
      "thin_monitor_row": true,
      "ticker": "ALL",
      "tier": "C",
      "universe_scope": "review_100_monitor"
    },
    {
      "card_path": "tmp/ticker-intelligence-cards/ALLE.current.json",
      "decision_tier_row": false,
      "production_answer_path_member": false,
      "repair_scope": "thin_monitor_expected_context",
      "stale_reasons": [
        "stale:catalyst_earnings_state",
        "stale:deployment_readiness",
        "stale:price_band_stop",
        "stale:recommendation_support",
        "stale:technical_posture"
      ],
      "thin_monitor_row": true,
      "ticker": "ALLE",
      "tier": "C",
      "universe_scope": "review_100_monitor"
    },
    {
      "card_path": "tmp/ticker-intelligence-cards/AMAT.current.json",
      "decision_tier_row": false,
      "production_answer_path_member": false,
      "repair_scope": "thin_monitor_expected_context",
      "stale_reasons": [
        "stale:catalyst_earnings_state",
        "stale:deployment_readiness",
        "stale:price_band_stop",
        "stale:recommendation_support",
        "stale:technical_posture"
      ],
      "thin_monitor_row": true,
      "ticker": "AMAT",
      "tier": "C",
      "universe_scope": "review_100_monitor"
    },
    {
      "card_path": "tmp/ticker-intelligence-cards/AMCR.current.json",
      "decision_tier_row": false,
      "production_answer_path_member": false,
      "repair_scope": "thin_monitor_expected_context",
      "stale_reasons": [
        "stale:catalyst_earnings_state",
        "stale:deployment_readiness",
        "stale:price_band_stop",
        "stale:recommendation_support",
        "stale:technical_posture"
      ],
      "thin_monitor_row": true,
      "ticker": "AMCR",
      "tier": "C",
      "universe_scope": "review_100_monitor"
    },
    {
      "card_path": "tmp/ticker-intelligence-cards/AMD.current.json",
      "decision_tier_row": true,
      "production_answer_path_member": false,
      "repair_scope": "production_expected_context",
      "stale_reasons": [
        {
          "detail": "Ticker not present in current deployment-readiness surface groups",
          "family": "deployment_readiness_surface",
          "severity": "context",
          "status": "missing"
        }
      ],
      "thin_monitor_row": false,
      "ticker": "AMD",
      "tier": "B",
      "universe_scope": "active_internal_universe"
    },
    {
      "card_path": "tmp/ticker-intelligence-cards/AME.current.json",
      "decision_tier_row": false,
      "production_answer_path_member": false,
      "repair_scope": "thin_monitor_expected_context",
      "stale_reasons": [
        "stale:catalyst_earnings_state",
        "stale:deployment_readiness",
        "stale:price_band_stop",
        "stale:recommendation_support",
        "stale:technical_posture"
      ],
      "thin_monitor_row": true,
      "ticker": "AME",
      "tier": "C",
      "universe_scope": "review_100_monitor"
    },
    {
      "card_path": "tmp/ticker-intelligence-cards/AMGN.current.json",
      "decision_tier_row": false,
      "production_answer_path_member": false,
      "repair_scope": "thin_monitor_expected_context",
      "stale_reasons": [
        "stale:catalyst_earnings_state",
        "stale:deployment_readiness",
        "stale:price_band_stop",
        "stale:recommendation_support",
        "stale:technical_posture"
      ],
      "thin_monitor_row": true,
      "ticker": "AMGN",
      "tier": "C",
      "universe_scope": "review_100_monitor"
    },
    {
      "card_path": "tmp/ticker-intelligence-cards/AMP.current.json",
      "decision_tier_row": false,
      "production_answer_path_member": false,
      "repair_scope": "thin_monitor_expected_context",
      "stale_reasons": [
        "stale:catalyst_earnings_state",
        "stale:deployment_readiness",
        "stale:price_band_stop",
        "stale:recommendation_support",
        "stale:technical_posture"
      ],
      "thin_monitor_row": true,
      "ticker": "AMP",
      "tier": "C",
      "universe_scope": "review_100_monitor"
    },
    {
      "card_path": "tmp/ticker-intelligence-cards/AMT.current.json",
      "decision_tier_row": false,
      "production_answer_path_member": false,
      "repair_scope": "thin_monitor_expected_context",
      "stale_reasons": [
        "stale:catalyst_earnings_state",
        "stale:deployment_readiness",
        "stale:price_band_stop",
        "stale:recommendation_support",
        "stale:technical_posture"
      ],
      "thin_monitor_row": true,
      "ticker": "AMT",
      "tier": "C",
      "universe_scope": "review_100_monitor"
    },
    {
      "card_path": "tmp/ticker-intelligence-cards/AMZN.current.json",
      "decision_tier_row": true,
      "production_answer_path_member": false,
      "repair_scope": "production_expected_context",
      "stale_reasons": [
        {
          "detail": "Ticker not present in current deployment-readiness surface groups",
          "family": "deployment_readiness_surface",
          "severity": "context",
          "status": "missing"
        },
        {
          "detail": "Official period 2026-06-30 is newer than normalized metrics period 2026-03-31; withheld fields remain manual/10-Q required.",
          "family": "fundamental_period_alignment",
          "severity": "context",
          "status": "newer_official_period_normalized_metrics_catch_up_required"
        }
      ],
      "thin_monitor_row": false,
      "ticker": "AMZN",
      "tier": "B",
      "universe_scope": "active_internal_universe"
    },
    {
      "card_path": "tmp/ticker-intelligence-cards/ANET.current.json",
      "decision_tier_row": false,
      "production_answer_path_member": false,
      "repair_scope": "thin_monitor_expected_context",
      "stale_reasons": [
        "stale:catalyst_earnings_state",
        "stale:deployment_readiness",
        "stale:price_band_stop",
        "stale:recommendation_support",
        "stale:technical_posture"
      ],
      "thin_monitor_row": true,
      "ticker": "ANET",
      "tier": "C",
      "universe_scope": "review_100_monitor"
    },
    {
      "card_path": "tmp/ticker-intelligence-cards/AON.current.json",
      "decision_tier_row": false,
      "production_answer_path_member": false,
      "repair_scope": "thin_monitor_expected_context",
      "stale_reasons": [
        "stale:catalyst_earnings_state",
        "stale:deployment_readiness",
        "stale:price_band_stop",
        "stale:recommendation_support",
        "stale:technical_posture"
      ],
      "thin_monitor_row": true,
      "ticker": "AON",
      "tier": "C",
      "universe_scope": "review_100_monitor"
    },
    {
      "card_path": "tmp/ticker-intelligence-cards/AOS.current.json",
      "decision_tier_row": false,
      "production_answer_path_member": false,
      "repair_scope": "thin_monitor_expected_context",
      "stale_reasons": [
        "stale:catalyst_earnings_state",
        "stale:deployment_readiness",
        "stale:price_band_stop",
        "stale:recommendation_support",
        "stale:technical_posture"
      ],
      "thin_monitor_row": true,
      "ticker": "AOS",
      "tier": "C",
      "universe_scope": "review_100_monitor"
    },
    {
      "card_path": "tmp/ticker-intelligence-cards/APA.current.json",
      "decision_tier_row": false,
      "production_answer_path_member": false,
      "repair_scope": "thin_monitor_expected_context",
      "stale_reasons": [
        "stale:catalyst_earnings_state",
        "stale:deployment_readiness",
        "stale:price_band_stop",
        "stale:recommendation_support",
        "stale:technical_posture"
      ],
      "thin_monitor_row": true,
      "ticker": "APA",
      "tier": "C",
      "universe_scope": "review_100_monitor"
    },
    {
      "card_path": "tmp/ticker-intelligence-cards/APD.current.json",
      "decision_tier_row": false,
      "production_answer_path_member": false,
      "repair_scope": "thin_monitor_expected_context",
      "stale_reasons": [
        "stale:catalyst_earnings_state",
        "stale:deployment_readiness",
        "stale:price_band_stop",
        "stale:recommendation_support",
        "stale:technical_posture"
      ],
      "thin_monitor_row": true,
      "ticker": "APD",
      "tier": "C",
      "universe_scope": "review_100_monitor"
    },
    {
      "card_path": "tmp/ticker-intelligence-cards/APH.current.json",
      "decision_tier_row": false,
      "production_answer_path_member": false,
      "repair_scope": "thin_monitor_expected_context",
      "stale_reasons": [
        "stale:catalyst_earnings_state",
        "stale:deployment_readiness",
        "stale:price_band_stop",
        "stale:recommendation_support",
        "stale:technical_posture"
      ],
      "thin_monitor_row": true,
      "ticker": "APH",
      "tier": "C",
      "universe_scope": "review_100_monitor"
    },
    {
      "card_path": "tmp/ticker-intelligence-cards/APO.current.json",
      "decision_tier_row": false,
      "production_answer_path_member": false,
      "repair_scope": "thin_monitor_expected_context",
      "stale_reasons": [
        "stale:catalyst_earnings_state",
        "stale:deployment_readiness",
        "stale:price_band_stop",
        "stale:recommendation_support",
        "stale:technical_posture"
      ],
      "thin_monitor_row": true,
      "ticker": "APO",
      "tier": "C",
      "universe_scope": "review_100_monitor"
    },
    {
      "card_path": "tmp/ticker-intelligence-cards/APP.current.json",
      "decision_tier_row": false,
      "production_answer_path_member": false,
      "repair_scope": "thin_monitor_expected_context",
      "stale_reasons": [
        "stale:catalyst_earnings_state",
        "stale:deployment_readiness",
        "stale:price_band_stop",
        "stale:recommendation_support",
        "stale:technical_posture"
      ],
      "thin_monitor_row": true,
      "ticker": "APP",
      "tier": "C",
      "universe_scope": "review_100_monitor"
    },
    {
      "card_path": "tmp/ticker-intelligence-cards/APTV.current.json",
      "decision_tier_row": false,
      "production_answer_path_member": false,
      "repair_scope": "thin_monitor_expected_context",
      "stale_reasons": [
        "stale:catalyst_earnings_state",
        "stale:deployment_readiness",
        "stale:price_band_stop",
        "stale:recommendation_support",
        "stale:technical_posture"
      ],
      "thin_monitor_row": true,
      "ticker": "APTV",
      "tier": "C",
      "universe_scope": "review_100_monitor"
    },
    {
      "card_path": "tmp/ticker-intelligence-cards/ARE.current.json",
      "decision_tier_row": false,
      "production_answer_path_member": false,
      "repair_scope": "thin_monitor_expected_context",
      "stale_reasons": [
        "stale:catalyst_earnings_state",
        "stale:deployment_readiness",
        "stale:price_band_stop",
        "stale:recommendation_support",
        "stale:technical_posture"
      ],
      "thin_monitor_row": true,
      "ticker": "ARE",
      "tier": "C",
      "universe_scope": "review_100_monitor"
    },
    {
      "card_path": "tmp/ticker-intelligence-cards/ARES.current.json",
      "decision_tier_row": false,
      "production_answer_path_member": false,
      "repair_scope": "thin_monitor_expected_context",
      "stale_reasons": [
        "stale:catalyst_earnings_state",
        "stale:deployment_readiness",
        "stale:price_band_stop",
        "stale:recommendation_support",
        "stale:technical_posture"
      ],
      "thin_monitor_row": true,
      "ticker": "ARES",
      "tier": "C",
      "universe_scope": "review_100_monitor"
    },
    {
      "card_path": "tmp/ticker-intelligence-cards/ASML.current.json",
      "decision_tier_row": false,
      "production_answer_path_member": false,
      "repair_scope": "thin_monitor_expected_context",
      "stale_reasons": [
        "stale:catalyst_earnings_state",
        "stale:deployment_readiness",
        "stale:price_band_stop",
        "stale:recommendation_support",
        "stale:technical_posture"
      ],
      "thin_monitor_row": true,
      "ticker": "ASML",
      "tier": "C",
      "universe_scope": "review_100_monitor"
    },
    {
      "card_path": "tmp/ticker-intelligence-cards/ATO.current.json",
      "decision_tier_row": false,
      "production_answer_path_member": false,
      "repair_scope": "thin_monitor_expected_context",
      "stale_reasons": [
        "stale:catalyst_earnings_state",
        "stale:deployment_readiness",
        "stale:price_band_stop",
        "stale:recommendation_support",
        "stale:technical_posture"
      ],
      "thin_monitor_row": true,
      "ticker": "ATO",
      "tier": "C",
      "universe_scope": "review_100_monitor"
    },
    {
      "card_path": "tmp/ticker-intelligence-cards/AVB.current.json",
      "decision_tier_row": false,
      "production_answer_path_member": false,
      "repair_scope": "thin_monitor_expected_context",
      "stale_reasons": [
        "stale:catalyst_earnings_state",
        "stale:deployment_readiness",
        "stale:price_band_stop",
        "stale:recommendation_support",
        "stale:technical_posture"
      ],
      "thin_monitor_row": true,
      "ticker": "AVB",
      "tier": "C",
      "universe_scope": "review_100_monitor"
    },
    {
      "card_path": "tmp/ticker-intelligence-cards/AVGO.current.json",
      "decision_tier_row": false,
      "production_answer_path_member": false,
      "repair_scope": "thin_monitor_expected_context",
      "stale_reasons": [
        "stale:catalyst_earnings_state",
        "stale:deployment_readiness",
        "stale:price_band_stop",
        "stale:recommendation_support",
        "stale:technical_posture"
      ],
      "thin_monitor_row": true,
      "ticker": "AVGO",
      "tier": "C",
      "universe_scope": "review_100_monitor"
    },
    {
      "card_path": "tmp/ticker-intelligence-cards/AVY.current.json",
      "decision_tier_row": false,
      "production_answer_path_member": false,
      "repair_scope": "thin_monitor_expected_context",
      "stale_reasons": [
        "stale:catalyst_earnings_state",
        "stale:deployment_readiness",
        "stale:price_band_stop",
        "stale:recommendation_support",
        "stale:technical_posture"
      ],
      "thin_monitor_row": true,
      "ticker": "AVY",
      "tier": "C",
      "universe_scope": "review_100_monitor"
    },
    {
      "card_path": "tmp/ticker-intelligence-cards/AWK.current.json",
      "decision_tier_row": false,
      "production_answer_path_member": false,
      "repair_scope": "thin_monitor_expected_context",
      "stale_reasons": [
        "stale:catalyst_earnings_state",
        "stale:deployment_readiness",
        "stale:price_band_stop",
        "stale:recommendation_support",
        "stale:technical_posture"
      ],
      "thin_monitor_row": true,
      "ticker": "AWK",
      "tier": "C",
      "universe_scope": "review_100_monitor"
    },
    {
      "card_path": "tmp/ticker-intelligence-cards/AXON.current.json",
      "decision_tier_row": false,
      "production_answer_path_member": false,
      "repair_scope": "thin_monitor_expected_context",
      "stale_reasons": [
        "stale:catalyst_earnings_state",
        "stale:deployment_readiness",
        "stale:price_band_stop",
        "stale:recommendation_support",
        "stale:technical_posture"
      ],
      "thin_monitor_row": true,
      "ticker": "AXON",
      "tier": "C",
      "universe_scope": "review_100_monitor"
    },
    {
      "card_path": "tmp/ticker-intelligence-cards/AXP.current.json",
      "decision_tier_row": false,
      "production_answer_path_member": false,
      "repair_scope": "thin_monitor_expected_context",
      "stale_reasons": [
        "stale:catalyst_earnings_state",
        "stale:deployment_readiness",
        "stale:price_band_stop",
        "stale:recommendation_support",
        "stale:technical_posture"
      ],
      "thin_monitor_row": true,
      "ticker": "AXP",
      "tier": "C",
      "universe_scope": "review_100_monitor"
    },
    {
      "card_path": "tmp/ticker-intelligence-cards/AZO.current.json",
      "decision_tier_row": false,
      "production_answer_path_member": false,
      "repair_scope": "thin_monitor_expected_context",
      "stale_reasons": [
        "stale:catalyst_earnings_state",
        "stale:deployment_readiness",
        "stale:price_band_stop",
        "stale:recommendation_support",
        "stale:technical_posture"
      ],
      "thin_monitor_row": true,
      "ticker": "AZO",
      "tier": "C",
      "universe_scope": "review_100_monitor"
    },
    {
      "card_path": "tmp/ticker-intelligence-cards/BA.current.json",
      "decision_tier_row": false,
      "production_answer_path_member": false,
      "repair_scope": "thin_monitor_expected_context",
      "stale_reasons": [
        "stale:catalyst_earnings_state",
        "stale:deployment_readiness",
        "stale:price_band_stop",
        "stale:recommendation_support",
        "stale:technical_posture"
      ],
      "thin_monitor_row": true,
      "ticker": "BA",
      "tier": "C",
      "universe_scope": "review_100_monitor"
    },
    {
      "card_path": "tmp/ticker-intelligence-cards/BAC.current.json",
      "decision_tier_row": false,
      "production_answer_path_member": false,
      "repair_scope": "thin_monitor_expected_context",
      "stale_reasons": [
        "price_band_stop",
        "stale:catalyst_earnings_state",
        "stale:deployment_readiness",
        "stale:price_band_stop",
        "stale:recommendation_support",
        "stale:technical_posture"
      ],
      "thin_monitor_row": true,
      "ticker": "BAC",
      "tier": "C",
      "universe_scope": "review_100_monitor"
    },
    {
      "card_path": "tmp/ticker-intelligence-cards/BALL.current.json",
      "decision_tier_row": false,
      "production_answer_path_member": false,
      "repair_scope": "thin_monitor_expected_context",
      "stale_reasons": [
        "stale:catalyst_earnings_state",
        "stale:deployment_readiness",
        "stale:price_band_stop",
        "stale:recommendation_support",
        "stale:technical_posture"
      ],
      "thin_monitor_row": true,
      "ticker": "BALL",
      "tier": "C",
      "universe_scope": "review_100_monitor"
    },
    {
      "card_path": "tmp/ticker-intelligence-cards/BAX.current.json",
      "decision_tier_row": false,
      "production_answer_path_member": false,
      "repair_scope": "thin_monitor_expected_context",
      "stale_reasons": [
        "stale:catalyst_earnings_state",
        "stale:deployment_readiness",
        "stale:price_band_stop",
        "stale:recommendation_support",
        "stale:technical_posture"
      ],
      "thin_monitor_row": true,
      "ticker": "BAX",
      "tier": "C",
      "universe_scope": "review_100_monitor"
    },
    {
      "card_path": "tmp/ticker-intelligence-cards/BBY.current.json",
      "decision_tier_row": false,
      "production_answer_path_member": false,
      "repair_scope": "thin_monitor_expected_context",
      "stale_reasons": [
        "stale:catalyst_earnings_state",
        "stale:deployment_readiness",
        "stale:price_band_stop",
        "stale:recommendation_support",
        "stale:technical_posture"
      ],
      "thin_monitor_row": true,
      "ticker": "BBY",
      "tier": "C",
      "universe_scope": "review_100_monitor"
    },
    {
      "card_path": "tmp/ticker-intelligence-cards/BDX.current.json",
      "decision_tier_row": false,
      "production_answer_path_member": false,
      "repair_scope": "thin_monitor_expected_context",
      "stale_reasons": [
        "stale:catalyst_earnings_state",
        "stale:deployment_readiness",
        "stale:price_band_stop",
        "stale:recommendation_support",
        "stale:technical_posture"
      ],
      "thin_monitor_row": true,
      "ticker": "BDX",
      "tier": "C",
      "universe_scope": "review_100_monitor"
    },
    {
      "card_path": "tmp/ticker-intelligence-cards/BEN.current.json",
      "decision_tier_row": false,
      "production_answer_path_member": false,
      "repair_scope": "thin_monitor_expected_context",
      "stale_reasons": [
        "price_band_stop",
        "stale:catalyst_earnings_state",
        "stale:deployment_readiness",
        "stale:price_band_stop",
        "stale:recommendation_support",
        "stale:technical_posture"
      ],
      "thin_monitor_row": true,
      "ticker": "BEN",
      "tier": "C",
      "universe_scope": "review_100_monitor"
    },
    {
      "card_path": "tmp/ticker-intelligence-cards/BF-B.current.json",
      "decision_tier_row": false,
      "production_answer_path_member": false,
      "repair_scope": "thin_monitor_expected_context",
      "stale_reasons": [
        "stale:catalyst_earnings_state",
        "stale:deployment_readiness",
        "stale:price_band_stop",
        "stale:recommendation_support",
        "stale:technical_posture"
      ],
      "thin_monitor_row": true,
      "ticker": "BF-B",
      "tier": "C",
      "universe_scope": "review_100_monitor"
    },
    {
      "card_path": "tmp/ticker-intelligence-cards/BG.current.json",
      "decision_tier_row": false,
      "production_answer_path_member": false,
      "repair_scope": "thin_monitor_expected_context",
      "stale_reasons": [
        "stale:catalyst_earnings_state",
        "stale:deployment_readiness",
        "stale:price_band_stop",
        "stale:recommendation_support",
        "stale:technical_posture"
      ],
      "thin_monitor_row": true,
      "ticker": "BG",
      "tier": "C",
      "universe_scope": "review_100_monitor"
    },
    {
      "card_path": "tmp/ticker-intelligence-cards/BIIB.current.json",
      "decision_tier_row": false,
      "production_answer_path_member": false,
      "repair_scope": "thin_monitor_expected_context",
      "stale_reasons": [
        "stale:catalyst_earnings_state",
        "stale:deployment_readiness",
        "stale:price_band_stop",
        "stale:recommendation_support",
        "stale:technical_posture"
      ],
      "thin_monitor_row": true,
      "ticker": "BIIB",
      "tier": "C",
      "universe_scope": "review_100_monitor"
    },
    {
      "card_path": "tmp/ticker-intelligence-cards/BKR.current.json",
      "decision_tier_row": false,
      "production_answer_path_member": false,
      "repair_scope": "thin_monitor_expected_context",
      "stale_reasons": [
        "stale:catalyst_earnings_state",
        "stale:deployment_readiness",
        "stale:price_band_stop",
        "stale:recommendation_support",
        "stale:technical_posture"
      ],
      "thin_monitor_row": true,
      "ticker": "BKR",
      "tier": "C",
      "universe_scope": "review_100_monitor"
    },
    {
      "card_path": "tmp/ticker-intelligence-cards/BLDR.current.json",
      "decision_tier_row": false,
      "production_answer_path_member": false,
      "repair_scope": "thin_monitor_expected_context",
      "stale_reasons": [
        "stale:catalyst_earnings_state",
        "stale:deployment_readiness",
        "stale:price_band_stop",
        "stale:recommendation_support",
        "stale:technical_posture"
      ],
      "thin_monitor_row": true,
      "ticker": "BLDR",
      "tier": "C",
      "universe_scope": "review_100_monitor"
    },
    {
      "card_path": "tmp/ticker-intelligence-cards/BLK.current.json",
      "decision_tier_row": false,
      "production_answer_path_member": false,
      "repair_scope": "thin_monitor_expected_context",
      "stale_reasons": [
        "price_band_stop",
        "stale:catalyst_earnings_state",
        "stale:deployment_readiness",
        "stale:price_band_stop",
        "stale:recommendation_support",
        "stale:technical_posture"
      ],
      "thin_monitor_row": true,
      "ticker": "BLK",
      "tier": "C",
      "universe_scope": "review_100_monitor"
    },
    {
      "card_path": "tmp/ticker-intelligence-cards/BMY.current.json",
      "decision_tier_row": false,
      "production_answer_path_member": false,
      "repair_scope": "thin_monitor_expected_context",
      "stale_reasons": [
        "stale:catalyst_earnings_state",
        "stale:deployment_readiness",
        "stale:price_band_stop",
        "stale:recommendation_support",
        "stale:technical_posture"
      ],
      "thin_monitor_row": true,
      "ticker": "BMY",
      "tier": "C",
      "universe_scope": "review_100_monitor"
    },
    {
      "card_path": "tmp/ticker-intelligence-cards/BNY.current.json",
      "decision_tier_row": false,
      "production_answer_path_member": false,
      "repair_scope": "thin_monitor_expected_context",
      "stale_reasons": [
        "price_band_stop",
        "stale:catalyst_earnings_state",
        "stale:deployment_readiness",
        "stale:price_band_stop",
        "stale:recommendation_support",
        "stale:technical_posture"
      ],
      "thin_monitor_row": true,
      "ticker": "BNY",
      "tier": "C",
      "universe_scope": "review_100_monitor"
    },
    {
      "card_path": "tmp/ticker-intelligence-cards/BR.current.json",
      "decision_tier_row": false,
      "production_answer_path_member": false,
      "repair_scope": "thin_monitor_expected_context",
      "stale_reasons": [
        "stale:catalyst_earnings_state",
        "stale:deployment_readiness",
        "stale:price_band_stop",
        "stale:recommendation_support",
        "stale:technical_posture"
      ],
      "thin_monitor_row": true,
      "ticker": "BR",
      "tier": "C",
      "universe_scope": "review_100_monitor"
    },
    {
      "card_path": "tmp/ticker-intelligence-cards/BRO.current.json",
      "decision_tier_row": false,
      "production_answer_path_member": false,
      "repair_scope": "thin_monitor_expected_context",
      "stale_reasons": [
        "stale:catalyst_earnings_state",
        "stale:deployment_readiness",
        "stale:price_band_stop",
        "stale:recommendation_support",
        "stale:technical_posture"
      ],
      "thin_monitor_row": true,
      "ticker": "BRO",
      "tier": "C",
      "universe_scope": "review_100_monitor"
    },
    {
      "card_path": "tmp/ticker-intelligence-cards/BSX.current.json",
      "decision_tier_row": false,
      "production_answer_path_member": false,
      "repair_scope": "thin_monitor_expected_context",
      "stale_reasons": [
        "stale:catalyst_earnings_state",
        "stale:deployment_readiness",
        "stale:price_band_stop",
        "stale:recommendation_support",
        "stale:technical_posture"
      ],
      "thin_monitor_row": true,
      "ticker": "BSX",
      "tier": "C",
      "universe_scope": "review_100_monitor"
    },
    {
      "card_path": "tmp/ticker-intelligence-cards/BX.current.json",
      "decision_tier_row": false,
      "production_answer_path_member": false,
      "repair_scope": "thin_monitor_expected_context",
      "stale_reasons": [
        "stale:catalyst_earnings_state",
        "stale:deployment_readiness",
        "stale:price_band_stop",
        "stale:recommendation_support",
        "stale:technical_posture"
      ],
      "thin_monitor_row": true,
      "ticker": "BX",
      "tier": "C",
      "universe_scope": "review_100_monitor"
    },
    {
      "card_path": "tmp/ticker-intelligence-cards/BXP.current.json",
      "decision_tier_row": false,
      "production_answer_path_member": false,
      "repair_scope": "thin_monitor_expected_context",
      "stale_reasons": [
        "stale:catalyst_earnings_state",
        "stale:deployment_readiness",
        "stale:price_band_stop",
        "stale:recommendation_support",
        "stale:technical_posture"
      ],
      "thin_monitor_row": true,
      "ticker": "BXP",
      "tier": "C",
      "universe_scope": "review_100_monitor"
    },
    {
      "card_path": "tmp/ticker-intelligence-cards/C.current.json",
      "decision_tier_row": false,
      "production_answer_path_member": false,
      "repair_scope": "thin_monitor_expected_context",
      "stale_reasons": [
        "price_band_stop",
        "stale:catalyst_earnings_state",
        "stale:deployment_readiness",
        "stale:price_band_stop",
        "stale:recommendation_support",
        "stale:technical_posture"
      ],
      "thin_monitor_row": true,
      "ticker": "C",
      "tier": "C",
      "universe_scope": "review_100_monitor"
    },
    {
      "card_path": "tmp/ticker-intelligence-cards/CAG.current.json",
      "decision_tier_row": false,
      "production_answer_path_member": false,
      "repair_scope": "thin_monitor_expected_context",
      "stale_reasons": [
        "stale:catalyst_earnings_state",
        "stale:deployment_readiness",
        "stale:price_band_stop",
        "stale:recommendation_support",
        "stale:technical_posture"
      ],
      "thin_monitor_row": true,
      "ticker": "CAG",
      "tier": "C",
      "universe_scope": "review_100_monitor"
    },
    {
      "card_path": "tmp/ticker-intelligence-cards/CAH.current.json",
      "decision_tier_row": false,
      "production_answer_path_member": false,
      "repair_scope": "thin_monitor_expected_context",
      "stale_reasons": [
        "stale:catalyst_earnings_state",
        "stale:deployment_readiness",
        "stale:price_band_stop",
        "stale:recommendation_support",
        "stale:technical_posture"
      ],
      "thin_monitor_row": true,
      "ticker": "CAH",
      "tier": "C",
      "universe_scope": "review_100_monitor"
    },
    {
      "card_path": "tmp/ticker-intelligence-cards/CARR.current.json",
      "decision_tier_row": false,
      "production_answer_path_member": false,
      "repair_scope": "thin_monitor_expected_context",
      "stale_reasons": [
        "stale:catalyst_earnings_state",
        "stale:deployment_readiness",
        "stale:price_band_stop",
        "stale:recommendation_support",
        "stale:technical_posture"
      ],
      "thin_monitor_row": true,
      "ticker": "CARR",
      "tier": "C",
      "universe_scope": "review_100_monitor"
    },
    {
      "card_path": "tmp/ticker-intelligence-cards/CASY.current.json",
      "decision_tier_row": false,
      "production_answer_path_member": false,
      "repair_scope": "thin_monitor_expected_context",
      "stale_reasons": [
        "stale:catalyst_earnings_state",
        "stale:deployment_readiness",
        "stale:price_band_stop",
        "stale:recommendation_support",
        "stale:technical_posture"
      ],
      "thin_monitor_row": true,
      "ticker": "CASY",
      "tier": "C",
      "universe_scope": "review_100_monitor"
    },
    {
      "card_path": "tmp/ticker-intelligence-cards/CAT.current.json",
      "decision_tier_row": true,
      "production_answer_path_member": false,
      "repair_scope": "production_expected_context",
      "stale_reasons": [
        {
          "detail": "Ticker not present in current deployment-readiness surface groups",
          "family": "deployment_readiness_surface",
          "severity": "context",
          "status": "missing"
        }
      ],
      "thin_monitor_row": false,
      "ticker": "CAT",
      "tier": "B",
      "universe_scope": "active_internal_universe"
    },
    {
      "card_path": "tmp/ticker-intelligence-cards/CB.current.json",
      "decision_tier_row": false,
      "production_answer_path_member": false,
      "repair_scope": "thin_monitor_expected_context",
      "stale_reasons": [
        "stale:catalyst_earnings_state",
        "stale:deployment_readiness",
        "stale:price_band_stop",
        "stale:recommendation_support",
        "stale:technical_posture"
      ],
      "thin_monitor_row": true,
      "ticker": "CB",
      "tier": "C",
      "universe_scope": "review_100_monitor"
    },
    {
      "card_path": "tmp/ticker-intelligence-cards/CBOE.current.json",
      "decision_tier_row": false,
      "production_answer_path_member": false,
      "repair_scope": "thin_monitor_expected_context",
      "stale_reasons": [
        "stale:catalyst_earnings_state",
        "stale:deployment_readiness",
        "stale:price_band_stop",
        "stale:recommendation_support",
        "stale:technical_posture"
      ],
      "thin_monitor_row": true,
      "ticker": "CBOE",
      "tier": "C",
      "universe_scope": "review_100_monitor"
    },
    {
      "card_path": "tmp/ticker-intelligence-cards/CBRE.current.json",
      "decision_tier_row": false,
      "production_answer_path_member": false,
      "repair_scope": "thin_monitor_expected_context",
      "stale_reasons": [
        "stale:catalyst_earnings_state",
        "stale:deployment_readiness",
        "stale:price_band_stop",
        "stale:recommendation_support",
        "stale:technical_posture"
      ],
      "thin_monitor_row": true,
      "ticker": "CBRE",
      "tier": "C",
      "universe_scope": "review_100_monitor"
    },
    {
      "card_path": "tmp/ticker-intelligence-cards/CCI.current.json",
      "decision_tier_row": false,
      "production_answer_path_member": false,
      "repair_scope": "thin_monitor_expected_context",
      "stale_reasons": [
        "stale:catalyst_earnings_state",
        "stale:deployment_readiness",
        "stale:price_band_stop",
        "stale:recommendation_support",
        "stale:technical_posture"
      ],
      "thin_monitor_row": true,
      "ticker": "CCI",
      "tier": "C",
      "universe_scope": "review_100_monitor"
    },
    {
      "card_path": "tmp/ticker-intelligence-cards/CCL.current.json",
      "decision_tier_row": false,
      "production_answer_path_member": false,
      "repair_scope": "thin_monitor_expected_context",
      "stale_reasons": [
        "stale:catalyst_earnings_state",
        "stale:deployment_readiness",
        "stale:price_band_stop",
        "stale:recommendation_support",
        "stale:technical_posture"
      ],
      "thin_monitor_row": true,
      "ticker": "CCL",
      "tier": "C",
      "universe_scope": "review_100_monitor"
    },
    {
      "card_path": "tmp/ticker-intelligence-cards/CDNS.current.json",
      "decision_tier_row": false,
      "production_answer_path_member": false,
      "repair_scope": "thin_monitor_expected_context",
      "stale_reasons": [
        "stale:catalyst_earnings_state",
        "stale:deployment_readiness",
        "stale:price_band_stop",
        "stale:recommendation_support",
        "stale:technical_posture"
      ],
      "thin_monitor_row": true,
      "ticker": "CDNS",
      "tier": "C",
      "universe_scope": "review_100_monitor"
    },
    {
      "card_path": "tmp/ticker-intelligence-cards/CDW.current.json",
      "decision_tier_row": false,
      "production_answer_path_member": false,
      "repair_scope": "thin_monitor_expected_context",
      "stale_reasons": [
        "stale:catalyst_earnings_state",
        "stale:deployment_readiness",
        "stale:price_band_stop",
        "stale:recommendation_support",
        "stale:technical_posture"
      ],
      "thin_monitor_row": true,
      "ticker": "CDW",
      "tier": "C",
      "universe_scope": "review_100_monitor"
    },
    {
      "card_path": "tmp/ticker-intelligence-cards/CEG.current.json",
      "decision_tier_row": false,
      "production_answer_path_member": false,
      "repair_scope": "thin_monitor_expected_context",
      "stale_reasons": [
        "stale:catalyst_earnings_state",
        "stale:deployment_readiness",
        "stale:price_band_stop",
        "stale:recommendation_support",
        "stale:technical_posture"
      ],
      "thin_monitor_row": true,
      "ticker": "CEG",
      "tier": "C",
      "universe_scope": "review_100_monitor"
    },
    {
      "card_path": "tmp/ticker-intelligence-cards/CF.current.json",
      "decision_tier_row": false,
      "production_answer_path_member": false,
      "repair_scope": "thin_monitor_expected_context",
      "stale_reasons": [
        "stale:catalyst_earnings_state",
        "stale:deployment_readiness",
        "stale:price_band_stop",
        "stale:recommendation_support",
        "stale:technical_posture"
      ],
      "thin_monitor_row": true,
      "ticker": "CF",
      "tier": "C",
      "universe_scope": "review_100_monitor"
    },
    {
      "card_path": "tmp/ticker-intelligence-cards/CFG.current.json",
      "decision_tier_row": false,
      "production_answer_path_member": false,
      "repair_scope": "thin_monitor_expected_context",
      "stale_reasons": [
        "stale:catalyst_earnings_state",
        "stale:deployment_readiness",
        "stale:price_band_stop",
        "stale:recommendation_support",
        "stale:technical_posture"
      ],
      "thin_monitor_row": true,
      "ticker": "CFG",
      "tier": "C",
      "universe_scope": "review_100_monitor"
    },
    {
      "card_path": "tmp/ticker-intelligence-cards/CHD.current.json",
      "decision_tier_row": false,
      "production_answer_path_member": false,
      "repair_scope": "thin_monitor_expected_context",
      "stale_reasons": [
        "stale:catalyst_earnings_state",
        "stale:deployment_readiness",
        "stale:price_band_stop",
        "stale:recommendation_support",
        "stale:technical_posture"
      ],
      "thin_monitor_row": true,
      "ticker": "CHD",
      "tier": "C",
      "universe_scope": "review_100_monitor"
    },
    {
      "card_path": "tmp/ticker-intelligence-cards/CHRW.current.json",
      "decision_tier_row": false,
      "production_answer_path_member": false,
      "repair_scope": "thin_monitor_expected_context",
      "stale_reasons": [
        "stale:catalyst_earnings_state",
        "stale:deployment_readiness",
        "stale:price_band_stop",
        "stale:recommendation_support",
        "stale:technical_posture"
      ],
      "thin_monitor_row": true,
      "ticker": "CHRW",
      "tier": "C",
      "universe_scope": "review_100_monitor"
    },
    {
      "card_path": "tmp/ticker-intelligence-cards/CHTR.current.json",
      "decision_tier_row": false,
      "production_answer_path_member": false,
      "repair_scope": "thin_monitor_expected_context",
      "stale_reasons": [
        "stale:catalyst_earnings_state",
        "stale:deployment_readiness",
        "stale:price_band_stop",
        "stale:recommendation_support",
        "stale:technical_posture"
      ],
      "thin_monitor_row": true,
      "ticker": "CHTR",
      "tier": "C",
      "universe_scope": "review_100_monitor"
    },
    {
      "card_path": "tmp/ticker-intelligence-cards/CI.current.json",
      "decision_tier_row": false,
      "production_answer_path_member": false,
      "repair_scope": "thin_monitor_expected_context",
      "stale_reasons": [
        "price_band_stop",
        "stale:catalyst_earnings_state",
        "stale:deployment_readiness",
        "stale:price_band_stop",
        "stale:recommendation_support",
        "stale:technical_posture"
      ],
      "thin_monitor_row": true,
      "ticker": "CI",
      "tier": "C",
      "universe_scope": "review_100_monitor"
    },
    {
      "card_path": "tmp/ticker-intelligence-cards/CIEN.current.json",
      "decision_tier_row": false,
      "production_answer_path_member": false,
      "repair_scope": "thin_monitor_expected_context",
      "stale_reasons": [
        "stale:catalyst_earnings_state",
        "stale:deployment_readiness",
        "stale:price_band_stop",
        "stale:recommendation_support",
        "stale:technical_posture"
      ],
      "thin_monitor_row": true,
      "ticker": "CIEN",
      "tier": "C",
      "universe_scope": "review_100_monitor"
    },
    {
      "card_path": "tmp/ticker-intelligence-cards/CINF.current.json",
      "decision_tier_row": false,
      "production_answer_path_member": false,
      "repair_scope": "thin_monitor_expected_context",
      "stale_reasons": [
        "stale:catalyst_earnings_state",
        "stale:deployment_readiness",
        "stale:price_band_stop",
        "stale:recommendation_support",
        "stale:technical_posture"
      ],
      "thin_monitor_row": true,
      "ticker": "CINF",
      "tier": "C",
      "universe_scope": "review_100_monitor"
    },
    {
      "card_path": "tmp/ticker-intelligence-cards/CL.current.json",
      "decision_tier_row": false,
      "production_answer_path_member": false,
      "repair_scope": "thin_monitor_expected_context",
      "stale_reasons": [
        "stale:catalyst_earnings_state",
        "stale:deployment_readiness",
        "stale:price_band_stop",
        "stale:recommendation_support",
        "stale:technical_posture"
      ],
      "thin_monitor_row": true,
      "ticker": "CL",
      "tier": "C",
      "universe_scope": "review_100_monitor"
    },
    {
      "card_path": "tmp/ticker-intelligence-cards/CLX.current.json",
      "decision_tier_row": false,
      "production_answer_path_member": false,
      "repair_scope": "thin_monitor_expected_context",
      "stale_reasons": [
        "stale:catalyst_earnings_state",
        "stale:deployment_readiness",
        "stale:price_band_stop",
        "stale:recommendation_support",
        "stale:technical_posture"
      ],
      "thin_monitor_row": true,
      "ticker": "CLX",
      "tier": "C",
      "universe_scope": "review_100_monitor"
    },
    {
      "card_path": "tmp/ticker-intelligence-cards/CMCSA.current.json",
      "decision_tier_row": false,
      "production_answer_path_member": false,
      "repair_scope": "thin_monitor_expected_context",
      "stale_reasons": [
        "stale:catalyst_earnings_state",
        "stale:deployment_readiness",
        "stale:price_band_stop",
        "stale:recommendation_support",
        "stale:technical_posture"
      ],
      "thin_monitor_row": true,
      "ticker": "CMCSA",
      "tier": "C",
      "universe_scope": "review_100_monitor"
    },
    {
      "card_path": "tmp/ticker-intelligence-cards/CME.current.json",
      "decision_tier_row": true,
      "production_answer_path_member": true,
      "repair_scope": "production_expected_context",
      "stale_reasons": [
        {
          "detail": "Ticker not present in current deployment-readiness surface groups",
          "family": "deployment_readiness_surface",
          "severity": "context",
          "status": "missing"
        }
      ],
      "thin_monitor_row": false,
      "ticker": "CME",
      "tier": "A",
      "universe_scope": "active_internal_universe"
    },
    {
      "card_path": "tmp/ticker-intelligence-cards/CMG.current.json",
      "decision_tier_row": false,
      "production_answer_path_member": false,
      "repair_scope": "thin_monitor_expected_context",
      "stale_reasons": [
        "stale:catalyst_earnings_state",
        "stale:deployment_readiness",
        "stale:price_band_stop",
        "stale:recommendation_support",
        "stale:technical_posture"
      ],
      "thin_monitor_row": true,
      "ticker": "CMG",
      "tier": "C",
      "universe_scope": "review_100_monitor"
    },
    {
      "card_path": "tmp/ticker-intelligence-cards/CMI.current.json",
      "decision_tier_row": false,
      "production_answer_path_member": false,
      "repair_scope": "thin_monitor_expected_context",
      "stale_reasons": [
        "price_band_stop",
        "stale:catalyst_earnings_state",
        "stale:deployment_readiness",
        "stale:price_band_stop",
        "stale:recommendation_support",
        "stale:technical_posture"
      ],
      "thin_monitor_row": true,
      "ticker": "CMI",
      "tier": "C",
      "universe_scope": "review_100_monitor"
    },
    {
      "card_path": "tmp/ticker-intelligence-cards/CMS.current.json",
      "decision_tier_row": false,
      "production_answer_path_member": false,
      "repair_scope": "thin_monitor_expected_context",
      "stale_reasons": [
        "stale:catalyst_earnings_state",
        "stale:deployment_readiness",
        "stale:price_band_stop",
        "stale:recommendation_support",
        "stale:technical_posture"
      ],
      "thin_monitor_row": true,
      "ticker": "CMS",
      "tier": "C",
      "universe_scope": "review_100_monitor"
    },
    {
      "card_path": "tmp/ticker-intelligence-cards/CNC.current.json",
      "decision_tier_row": false,
      "production_answer_path_member": false,
      "repair_scope": "thin_monitor_expected_context",
      "stale_reasons": [
        "stale:catalyst_earnings_state",
        "stale:deployment_readiness",
        "stale:price_band_stop",
        "stale:recommendation_support",
        "stale:technical_posture"
      ],
      "thin_monitor_row": true,
      "ticker": "CNC",
      "tier": "C",
      "universe_scope": "review_100_monitor"
    },
    {
      "card_path": "tmp/ticker-intelligence-cards/CNP.current.json",
      "decision_tier_row": false,
      "production_answer_path_member": false,
      "repair_scope": "thin_monitor_expected_context",
      "stale_reasons": [
        "stale:catalyst_earnings_state",
        "stale:deployment_readiness",
        "stale:price_band_stop",
        "stale:recommendation_support",
        "stale:technical_posture"
      ],
      "thin_monitor_row": true,
      "ticker": "CNP",
      "tier": "C",
      "universe_scope": "review_100_monitor"
    },
    {
      "card_path": "tmp/ticker-intelligence-cards/COHR.current.json",
      "decision_tier_row": false,
      "production_answer_path_member": false,
      "repair_scope": "thin_monitor_expected_context",
      "stale_reasons": [
        "stale:catalyst_earnings_state",
        "stale:deployment_readiness",
        "stale:price_band_stop",
        "stale:recommendation_support",
        "stale:technical_posture"
      ],
      "thin_monitor_row": true,
      "ticker": "COHR",
      "tier": "C",
      "universe_scope": "review_100_monitor"
    },
    {
      "card_path": "tmp/ticker-intelligence-cards/COO.current.json",
      "decision_tier_row": false,
      "production_answer_path_member": false,
      "repair_scope": "thin_monitor_expected_context",
      "stale_reasons": [
        "stale:catalyst_earnings_state",
        "stale:deployment_readiness",
        "stale:price_band_stop",
        "stale:recommendation_support",
        "stale:technical_posture"
      ],
      "thin_monitor_row": true,
      "ticker": "COO",
      "tier": "C",
      "universe_scope": "review_100_monitor"
    },
    {
      "card_path": "tmp/ticker-intelligence-cards/COP.current.json",
      "decision_tier_row": false,
      "production_answer_path_member": false,
      "repair_scope": "thin_monitor_expected_context",
      "stale_reasons": [
        "stale:catalyst_earnings_state",
        "stale:deployment_readiness",
        "stale:price_band_stop",
        "stale:recommendation_support",
        "stale:technical_posture"
      ],
      "thin_monitor_row": true,
      "ticker": "COP",
      "tier": "C",
      "universe_scope": "review_100_monitor"
    },
    {
      "card_path": "tmp/ticker-intelligence-cards/COR.current.json",
      "decision_tier_row": false,
      "production_answer_path_member": false,
      "repair_scope": "thin_monitor_expected_context",
      "stale_reasons": [
        "price_band_stop",
        "stale:catalyst_earnings_state",
        "stale:deployment_readiness",
        "stale:price_band_stop",
        "stale:recommendation_support",
        "stale:technical_posture"
      ],
      "thin_monitor_row": true,
      "ticker": "COR",
      "tier": "C",
      "universe_scope": "review_100_monitor"
    },
    {
      "card_path": "tmp/ticker-intelligence-cards/COST.current.json",
      "decision_tier_row": false,
      "production_answer_path_member": false,
      "repair_scope": "thin_monitor_expected_context",
      "stale_reasons": [
        "stale:catalyst_earnings_state",
        "stale:deployment_readiness",
        "stale:price_band_stop",
        "stale:recommendation_support",
        "stale:technical_posture"
      ],
      "thin_monitor_row": true,
      "ticker": "COST",
      "tier": "C",
      "universe_scope": "review_100_monitor"
    },
    {
      "card_path": "tmp/ticker-intelligence-cards/CPB.current.json",
      "decision_tier_row": false,
      "production_answer_path_member": false,
      "repair_scope": "thin_monitor_expected_context",
      "stale_reasons": [
        "stale:catalyst_earnings_state",
        "stale:deployment_readiness",
        "stale:price_band_stop",
        "stale:recommendation_support",
        "stale:technical_posture"
      ],
      "thin_monitor_row": true,
      "ticker": "CPB",
      "tier": "C",
      "universe_scope": "review_100_monitor"
    },
    {
      "card_path": "tmp/ticker-intelligence-cards/CPRT.current.json",
      "decision_tier_row": false,
      "production_answer_path_member": false,
      "repair_scope": "thin_monitor_expected_context",
      "stale_reasons": [
        "stale:catalyst_earnings_state",
        "stale:deployment_readiness",
        "stale:price_band_stop",
        "stale:recommendation_support",
        "stale:technical_posture"
      ],
      "thin_monitor_row": true,
      "ticker": "CPRT",
      "tier": "C",
      "universe_scope": "review_100_monitor"
    },
    {
      "card_path": "tmp/ticker-intelligence-cards/CPT.current.json",
      "decision_tier_row": false,
      "production_answer_path_member": false,
      "repair_scope": "thin_monitor_expected_context",
      "stale_reasons": [
        "stale:catalyst_earnings_state",
        "stale:deployment_readiness",
        "stale:price_band_stop",
        "stale:recommendation_support",
        "stale:technical_posture"
      ],
      "thin_monitor_row": true,
      "ticker": "CPT",
      "tier": "C",
      "universe_scope": "review_100_monitor"
    },
    {
      "card_path": "tmp/ticker-intelligence-cards/CRH.current.json",
      "decision_tier_row": false,
      "production_answer_path_member": false,
      "repair_scope": "thin_monitor_expected_context",
      "stale_reasons": [
        "stale:catalyst_earnings_state",
        "stale:deployment_readiness",
        "stale:price_band_stop",
        "stale:recommendation_support",
        "stale:technical_posture"
      ],
      "thin_monitor_row": true,
      "ticker": "CRH",
      "tier": "C",
      "universe_scope": "review_100_monitor"
    },
    {
      "card_path": "tmp/ticker-intelligence-cards/CRL.current.json",
      "decision_tier_row": false,
      "production_answer_path_member": false,
      "repair_scope": "thin_monitor_expected_context",
      "stale_reasons": [
        "stale:catalyst_earnings_state",
        "stale:deployment_readiness",
        "stale:price_band_stop",
        "stale:recommendation_support",
        "stale:technical_posture"
      ],
      "thin_monitor_row": true,
      "ticker": "CRL",
      "tier": "C",
      "universe_scope": "review_100_monitor"
    },
    {
      "card_path": "tmp/ticker-intelligence-cards/CRM.current.json",
      "decision_tier_row": false,
      "production_answer_path_member": false,
      "repair_scope": "thin_monitor_expected_context",
      "stale_reasons": [
        "stale:catalyst_earnings_state",
        "stale:deployment_readiness",
        "stale:price_band_stop",
        "stale:recommendation_support",
        "stale:technical_posture"
      ],
      "thin_monitor_row": true,
      "ticker": "CRM",
      "tier": "C",
      "universe_scope": "review_100_monitor"
    },
    {
      "card_path": "tmp/ticker-intelligence-cards/CRWD.current.json",
      "decision_tier_row": false,
      "production_answer_path_member": false,
      "repair_scope": "thin_monitor_expected_context",
      "stale_reasons": [
        "stale:catalyst_earnings_state",
        "stale:deployment_readiness",
        "stale:price_band_stop",
        "stale:recommendation_support",
        "stale:technical_posture"
      ],
      "thin_monitor_row": true,
      "ticker": "CRWD",
      "tier": "C",
      "universe_scope": "review_100_monitor"
    },
    {
      "card_path": "tmp/ticker-intelligence-cards/CSCO.current.json",
      "decision_tier_row": false,
      "production_answer_path_member": false,
      "repair_scope": "thin_monitor_expected_context",
      "stale_reasons": [
        "price_band_stop",
        "stale:catalyst_earnings_state",
        "stale:deployment_readiness",
        "stale:price_band_stop",
        "stale:recommendation_support",
        "stale:technical_posture"
      ],
      "thin_monitor_row": true,
      "ticker": "CSCO",
      "tier": "C",
      "universe_scope": "review_100_monitor"
    },
    {
      "card_path": "tmp/ticker-intelligence-cards/CSGP.current.json",
      "decision_tier_row": false,
      "production_answer_path_member": false,
      "repair_scope": "thin_monitor_expected_context",
      "stale_reasons": [
        "stale:catalyst_earnings_state",
        "stale:deployment_readiness",
        "stale:price_band_stop",
        "stale:recommendation_support",
        "stale:technical_posture"
      ],
      "thin_monitor_row": true,
      "ticker": "CSGP",
      "tier": "C",
      "universe_scope": "review_100_monitor"
    },
    {
      "card_path": "tmp/ticker-intelligence-cards/CSX.current.json",
      "decision_tier_row": false,
      "production_answer_path_member": false,
      "repair_scope": "thin_monitor_expected_context",
      "stale_reasons": [
        "price_band_stop",
        "stale:catalyst_earnings_state",
        "stale:deployment_readiness",
        "stale:price_band_stop",
        "stale:recommendation_support",
        "stale:technical_posture"
      ],
      "thin_monitor_row": true,
      "ticker": "CSX",
      "tier": "C",
      "universe_scope": "review_100_monitor"
    },
    {
      "card_path": "tmp/ticker-intelligence-cards/CTAS.current.json",
      "decision_tier_row": false,
      "production_answer_path_member": false,
      "repair_scope": "thin_monitor_expected_context",
      "stale_reasons": [
        "stale:catalyst_earnings_state",
        "stale:deployment_readiness",
        "stale:price_band_stop",
        "stale:recommendation_support",
        "stale:technical_posture"
      ],
      "thin_monitor_row": true,
      "ticker": "CTAS",
      "tier": "C",
      "universe_scope": "review_100_monitor"
    },
    {
      "card_path": "tmp/ticker-intelligence-cards/CTSH.current.json",
      "decision_tier_row": false,
      "production_answer_path_member": false,
      "repair_scope": "thin_monitor_expected_context",
      "stale_reasons": [
        "stale:catalyst_earnings_state",
        "stale:deployment_readiness",
        "stale:price_band_stop",
        "stale:recommendation_support",
        "stale:technical_posture"
      ],
      "thin_monitor_row": true,
      "ticker": "CTSH",
      "tier": "C",
      "universe_scope": "review_100_monitor"
    },
    {
      "card_path": "tmp/ticker-intelligence-cards/CTVA.current.json",
      "decision_tier_row": false,
      "production_answer_path_member": false,
      "repair_scope": "thin_monitor_expected_context",
      "stale_reasons": [
        "stale:catalyst_earnings_state",
        "stale:deployment_readiness",
        "stale:price_band_stop",
        "stale:recommendation_support",
        "stale:technical_posture"
      ],
      "thin_monitor_row": true,
      "ticker": "CTVA",
      "tier": "C",
      "universe_scope": "review_100_monitor"
    },
    {
      "card_path": "tmp/ticker-intelligence-cards/CVNA.current.json",
      "decision_tier_row": false,
      "production_answer_path_member": false,
      "repair_scope": "thin_monitor_expected_context",
      "stale_reasons": [
        "stale:catalyst_earnings_state",
        "stale:deployment_readiness",
        "stale:price_band_stop",
        "stale:recommendation_support",
        "stale:technical_posture"
      ],
      "thin_monitor_row": true,
      "ticker": "CVNA",
      "tier": "C",
      "universe_scope": "review_100_monitor"
    },
    {
      "card_path": "tmp/ticker-intelligence-cards/CVS.current.json",
      "decision_tier_row": false,
      "production_answer_path_member": false,
      "repair_scope": "thin_monitor_expected_context",
      "stale_reasons": [
        "price_band_stop",
        "stale:catalyst_earnings_state",
        "stale:deployment_readiness",
        "stale:price_band_stop",
        "stale:recommendation_support",
        "stale:technical_posture"
      ],
      "thin_monitor_row": true,
      "ticker": "CVS",
      "tier": "C",
      "universe_scope": "review_100_monitor"
    },
    {
      "card_path": "tmp/ticker-intelligence-cards/D.current.json",
      "decision_tier_row": false,
      "production_answer_path_member": false,
      "repair_scope": "thin_monitor_expected_context",
      "stale_reasons": [
        "stale:catalyst_earnings_state",
        "stale:deployment_readiness",
        "stale:price_band_stop",
        "stale:recommendation_support",
        "stale:technical_posture"
      ],
      "thin_monitor_row": true,
      "ticker": "D",
      "tier": "C",
      "universe_scope": "review_100_monitor"
    },
    {
      "card_path": "tmp/ticker-intelligence-cards/DAL.current.json",
      "decision_tier_row": false,
      "production_answer_path_member": false,
      "repair_scope": "thin_monitor_expected_context",
      "stale_reasons": [
        "stale:catalyst_earnings_state",
        "stale:deployment_readiness",
        "stale:price_band_stop",
        "stale:recommendation_support",
        "stale:technical_posture"
      ],
      "thin_monitor_row": true,
      "ticker": "DAL",
      "tier": "C",
      "universe_scope": "review_100_monitor"
    },
    {
      "card_path": "tmp/ticker-intelligence-cards/DASH.current.json",
      "decision_tier_row": false,
      "production_answer_path_member": false,
      "repair_scope": "thin_monitor_expected_context",
      "stale_reasons": [
        "stale:catalyst_earnings_state",
        "stale:deployment_readiness",
        "stale:price_band_stop",
        "stale:recommendation_support",
        "stale:technical_posture"
      ],
      "thin_monitor_row": true,
      "ticker": "DASH",
      "tier": "C",
      "universe_scope": "review_100_monitor"
    },
    {
      "card_path": "tmp/ticker-intelligence-cards/DD.current.json",
      "decision_tier_row": false,
      "production_answer_path_member": false,
      "repair_scope": "thin_monitor_expected_context",
      "stale_reasons": [
        "stale:catalyst_earnings_state",
        "stale:deployment_readiness",
        "stale:price_band_stop",
        "stale:recommendation_support",
        "stale:technical_posture"
      ],
      "thin_monitor_row": true,
      "ticker": "DD",
      "tier": "C",
      "universe_scope": "review_100_monitor"
    },
    {
      "card_path": "tmp/ticker-intelligence-cards/DDOG.current.json",
      "decision_tier_row": false,
      "production_answer_path_member": false,
      "repair_scope": "thin_monitor_expected_context",
      "stale_reasons": [
        "stale:catalyst_earnings_state",
        "stale:deployment_readiness",
        "stale:price_band_stop",
        "stale:recommendation_support",
        "stale:technical_posture"
      ],
      "thin_monitor_row": true,
      "ticker": "DDOG",
      "tier": "C",
      "universe_scope": "review_100_monitor"
    },
    {
      "card_path": "tmp/ticker-intelligence-cards/DE.current.json",
      "decision_tier_row": false,
      "production_answer_path_member": false,
      "repair_scope": "thin_monitor_expected_context",
      "stale_reasons": [
        "stale:catalyst_earnings_state",
        "stale:deployment_readiness",
        "stale:price_band_stop",
        "stale:recommendation_support",
        "stale:technical_posture"
      ],
      "thin_monitor_row": true,
      "ticker": "DE",
      "tier": "C",
      "universe_scope": "review_100_monitor"
    },
    {
      "card_path": "tmp/ticker-intelligence-cards/DECK.current.json",
      "decision_tier_row": false,
      "production_answer_path_member": false,
      "repair_scope": "thin_monitor_expected_context",
      "stale_reasons": [
        "stale:catalyst_earnings_state",
        "stale:deployment_readiness",
        "stale:price_band_stop",
        "stale:recommendation_support",
        "stale:technical_posture"
      ],
      "thin_monitor_row": true,
      "ticker": "DECK",
      "tier": "C",
      "universe_scope": "review_100_monitor"
    },
    {
      "card_path": "tmp/ticker-intelligence-cards/DELL.current.json",
      "decision_tier_row": false,
      "production_answer_path_member": false,
      "repair_scope": "thin_monitor_expected_context",
      "stale_reasons": [
        "stale:catalyst_earnings_state",
        "stale:deployment_readiness",
        "stale:price_band_stop",
        "stale:recommendation_support",
        "stale:technical_posture"
      ],
      "thin_monitor_row": true,
      "ticker": "DELL",
      "tier": "C",
      "universe_scope": "review_100_monitor"
    },
    {
      "card_path": "tmp/ticker-intelligence-cards/DG.current.json",
      "decision_tier_row": false,
      "production_answer_path_member": false,
      "repair_scope": "thin_monitor_expected_context",
      "stale_reasons": [
        "price_band_stop",
        "stale:catalyst_earnings_state",
        "stale:deployment_readiness",
        "stale:price_band_stop",
        "stale:recommendation_support",
        "stale:technical_posture"
      ],
      "thin_monitor_row": true,
      "ticker": "DG",
      "tier": "C",
      "universe_scope": "review_100_monitor"
    },
    {
      "card_path": "tmp/ticker-intelligence-cards/DGX.current.json",
      "decision_tier_row": false,
      "production_answer_path_member": false,
      "repair_scope": "thin_monitor_expected_context",
      "stale_reasons": [
        "price_band_stop",
        "stale:catalyst_earnings_state",
        "stale:deployment_readiness",
        "stale:price_band_stop",
        "stale:recommendation_support",
        "stale:technical_posture"
      ],
      "thin_monitor_row": true,
      "ticker": "DGX",
      "tier": "C",
      "universe_scope": "review_100_monitor"
    },
    {
      "card_path": "tmp/ticker-intelligence-cards/DHI.current.json",
      "decision_tier_row": false,
      "production_answer_path_member": false,
      "repair_scope": "thin_monitor_expected_context",
      "stale_reasons": [
        "price_band_stop",
        "stale:catalyst_earnings_state",
        "stale:deployment_readiness",
        "stale:price_band_stop",
        "stale:recommendation_support",
        "stale:technical_posture"
      ],
      "thin_monitor_row": true,
      "ticker": "DHI",
      "tier": "C",
      "universe_scope": "review_100_monitor"
    },
    {
      "card_path": "tmp/ticker-intelligence-cards/DHR.current.json",
      "decision_tier_row": false,
      "production_answer_path_member": false,
      "repair_scope": "thin_monitor_expected_context",
      "stale_reasons": [
        "stale:catalyst_earnings_state",
        "stale:deployment_readiness",
        "stale:price_band_stop",
        "stale:recommendation_support",
        "stale:technical_posture"
      ],
      "thin_monitor_row": true,
      "ticker": "DHR",
      "tier": "C",
      "universe_scope": "review_100_monitor"
    },
    {
      "card_path": "tmp/ticker-intelligence-cards/DIS.current.json",
      "decision_tier_row": false,
      "production_answer_path_member": false,
      "repair_scope": "thin_monitor_expected_context",
      "stale_reasons": [
        "stale:catalyst_earnings_state",
        "stale:deployment_readiness",
        "stale:price_band_stop",
        "stale:recommendation_support",
        "stale:technical_posture"
      ],
      "thin_monitor_row": true,
      "ticker": "DIS",
      "tier": "C",
      "universe_scope": "review_100_monitor"
    },
    {
      "card_path": "tmp/ticker-intelligence-cards/DLR.current.json",
      "decision_tier_row": false,
      "production_answer_path_member": false,
      "repair_scope": "thin_monitor_expected_context",
      "stale_reasons": [
        "stale:catalyst_earnings_state",
        "stale:deployment_readiness",
        "stale:price_band_stop",
        "stale:recommendation_support",
        "stale:technical_posture"
      ],
      "thin_monitor_row": true,
      "ticker": "DLR",
      "tier": "C",
      "universe_scope": "review_100_monitor"
    },
    {
      "card_path": "tmp/ticker-intelligence-cards/DLTR.current.json",
      "decision_tier_row": false,
      "production_answer_path_member": false,
      "repair_scope": "thin_monitor_expected_context",
      "stale_reasons": [
        "stale:catalyst_earnings_state",
        "stale:deployment_readiness",
        "stale:price_band_stop",
        "stale:recommendation_support",
        "stale:technical_posture"
      ],
      "thin_monitor_row": true,
      "ticker": "DLTR",
      "tier": "C",
      "universe_scope": "review_100_monitor"
    },
    {
      "card_path": "tmp/ticker-intelligence-cards/DOC.current.json",
      "decision_tier_row": false,
      "production_answer_path_member": false,
      "repair_scope": "thin_monitor_expected_context",
      "stale_reasons": [
        "stale:catalyst_earnings_state",
        "stale:deployment_readiness",
        "stale:price_band_stop",
        "stale:recommendation_support",
        "stale:technical_posture"
      ],
      "thin_monitor_row": true,
      "ticker": "DOC",
      "tier": "C",
      "universe_scope": "review_100_monitor"
    },
    {
      "card_path": "tmp/ticker-intelligence-cards/DOV.current.json",
      "decision_tier_row": false,
      "production_answer_path_member": false,
      "repair_scope": "thin_monitor_expected_context",
      "stale_reasons": [
        "price_band_stop",
        "stale:catalyst_earnings_state",
        "stale:deployment_readiness",
        "stale:price_band_stop",
        "stale:recommendation_support",
        "stale:technical_posture"
      ],
      "thin_monitor_row": true,
      "ticker": "DOV",
      "tier": "C",
      "universe_scope": "review_100_monitor"
    },
    {
      "card_path": "tmp/ticker-intelligence-cards/DOW.current.json",
      "decision_tier_row": false,
      "production_answer_path_member": false,
      "repair_scope": "thin_monitor_expected_context",
      "stale_reasons": [
        "stale:catalyst_earnings_state",
        "stale:deployment_readiness",
        "stale:price_band_stop",
        "stale:recommendation_support",
        "stale:technical_posture"
      ],
      "thin_monitor_row": true,
      "ticker": "DOW",
      "tier": "C",
      "universe_scope": "review_100_monitor"
    },
    {
      "card_path": "tmp/ticker-intelligence-cards/DPZ.current.json",
      "decision_tier_row": false,
      "production_answer_path_member": false,
      "repair_scope": "thin_monitor_expected_context",
      "stale_reasons": [
        "price_band_stop",
        "stale:catalyst_earnings_state",
        "stale:deployment_readiness",
        "stale:price_band_stop",
        "stale:recommendation_support",
        "stale:technical_posture"
      ],
      "thin_monitor_row": true,
      "ticker": "DPZ",
      "tier": "C",
      "universe_scope": "review_100_monitor"
    },
    {
      "card_path": "tmp/ticker-intelligence-cards/DRI.current.json",
      "decision_tier_row": false,
      "production_answer_path_member": false,
      "repair_scope": "thin_monitor_expected_context",
      "stale_reasons": [
        "stale:catalyst_earnings_state",
        "stale:deployment_readiness",
        "stale:price_band_stop",
        "stale:recommendation_support",
        "stale:technical_posture"
      ],
      "thin_monitor_row": true,
      "ticker": "DRI",
      "tier": "C",
      "universe_scope": "review_100_monitor"
    },
    {
      "card_path": "tmp/ticker-intelligence-cards/DTE.current.json",
      "decision_tier_row": false,
      "production_answer_path_member": false,
      "repair_scope": "thin_monitor_expected_context",
      "stale_reasons": [
        "stale:catalyst_earnings_state",
        "stale:deployment_readiness",
        "stale:price_band_stop",
        "stale:recommendation_support",
        "stale:technical_posture"
      ],
      "thin_monitor_row": true,
      "ticker": "DTE",
      "tier": "C",
      "universe_scope": "review_100_monitor"
    },
    {
      "card_path": "tmp/ticker-intelligence-cards/DUK.current.json",
      "decision_tier_row": false,
      "production_answer_path_member": false,
      "repair_scope": "thin_monitor_expected_context",
      "stale_reasons": [
        "stale:catalyst_earnings_state",
        "stale:deployment_readiness",
        "stale:price_band_stop",
        "stale:recommendation_support",
        "stale:technical_posture"
      ],
      "thin_monitor_row": true,
      "ticker": "DUK",
      "tier": "C",
      "universe_scope": "review_100_monitor"
    },
    {
      "card_path": "tmp/ticker-intelligence-cards/DVA.current.json",
      "decision_tier_row": false,
      "production_answer_path_member": false,
      "repair_scope": "thin_monitor_expected_context",
      "stale_reasons": [
        "stale:catalyst_earnings_state",
        "stale:deployment_readiness",
        "stale:price_band_stop",
        "stale:recommendation_support",
        "stale:technical_posture"
      ],
      "thin_monitor_row": true,
      "ticker": "DVA",
      "tier": "C",
      "universe_scope": "review_100_monitor"
    },
    {
      "card_path": "tmp/ticker-intelligence-cards/DVN.current.json",
      "decision_tier_row": false,
      "production_answer_path_member": false,
      "repair_scope": "thin_monitor_expected_context",
      "stale_reasons": [
        "stale:catalyst_earnings_state",
        "stale:deployment_readiness",
        "stale:price_band_stop",
        "stale:recommendation_support",
        "stale:technical_posture"
      ],
      "thin_monitor_row": true,
      "ticker": "DVN",
      "tier": "C",
      "universe_scope": "review_100_monitor"
    },
    {
      "card_path": "tmp/ticker-intelligence-cards/EA.current.json",
      "decision_tier_row": false,
      "production_answer_path_member": false,
      "repair_scope": "thin_monitor_expected_context",
      "stale_reasons": [
        "stale:catalyst_earnings_state",
        "stale:deployment_readiness",
        "stale:price_band_stop",
        "stale:recommendation_support",
        "stale:technical_posture"
      ],
      "thin_monitor_row": true,
      "ticker": "EA",
      "tier": "C",
      "universe_scope": "review_100_monitor"
    },
    {
      "card_path": "tmp/ticker-intelligence-cards/EBAY.current.json",
      "decision_tier_row": false,
      "production_answer_path_member": false,
      "repair_scope": "thin_monitor_expected_context",
      "stale_reasons": [
        "price_band_stop",
        "stale:catalyst_earnings_state",
        "stale:deployment_readiness",
        "stale:price_band_stop",
        "stale:recommendation_support",
        "stale:technical_posture"
      ],
      "thin_monitor_row": true,
      "ticker": "EBAY",
      "tier": "C",
      "universe_scope": "review_100_monitor"
    },
    {
      "card_path": "tmp/ticker-intelligence-cards/ECL.current.json",
      "decision_tier_row": true,
      "production_answer_path_member": true,
      "repair_scope": "production_expected_context",
      "stale_reasons": [
        {
          "detail": "Ticker not present in current deployment-readiness surface groups",
          "family": "deployment_readiness_surface",
          "severity": "context",
          "status": "missing"
        }
      ],
      "thin_monitor_row": false,
      "ticker": "ECL",
      "tier": "B",
      "universe_scope": "active_internal_universe"
    },
    {
      "card_path": "tmp/ticker-intelligence-cards/ED.current.json",
      "decision_tier_row": false,
      "production_answer_path_member": false,
      "repair_scope": "thin_monitor_expected_context",
      "stale_reasons": [
        "price_band_stop",
        "stale:catalyst_earnings_state",
        "stale:deployment_readiness",
        "stale:price_band_stop",
        "stale:recommendation_support",
        "stale:technical_posture"
      ],
      "thin_monitor_row": true,
      "ticker": "ED",
      "tier": "C",
      "universe_scope": "review_100_monitor"
    },
    {
      "card_path": "tmp/ticker-intelligence-cards/EFX.current.json",
      "decision_tier_row": false,
      "production_answer_path_member": false,
      "repair_scope": "thin_monitor_expected_context",
      "stale_reasons": [
        "stale:catalyst_earnings_state",
        "stale:deployment_readiness",
        "stale:price_band_stop",
        "stale:recommendation_support",
        "stale:technical_posture"
      ],
      "thin_monitor_row": true,
      "ticker": "EFX",
      "tier": "C",
      "universe_scope": "review_100_monitor"
    },
    {
      "card_path": "tmp/ticker-intelligence-cards/EIX.current.json",
      "decision_tier_row": false,
      "production_answer_path_member": false,
      "repair_scope": "thin_monitor_expected_context",
      "stale_reasons": [
        "price_band_stop",
        "stale:catalyst_earnings_state",
        "stale:deployment_readiness",
        "stale:price_band_stop",
        "stale:recommendation_support",
        "stale:technical_posture"
      ],
      "thin_monitor_row": true,
      "ticker": "EIX",
      "tier": "C",
      "universe_scope": "review_100_monitor"
    },
    {
      "card_path": "tmp/ticker-intelligence-cards/EL.current.json",
      "decision_tier_row": false,
      "production_answer_path_member": false,
      "repair_scope": "thin_monitor_expected_context",
      "stale_reasons": [
        "stale:catalyst_earnings_state",
        "stale:deployment_readiness",
        "stale:price_band_stop",
        "stale:recommendation_support",
        "stale:technical_posture"
      ],
      "thin_monitor_row": true,
      "ticker": "EL",
      "tier": "C",
      "universe_scope": "review_100_monitor"
    },
    {
      "card_path": "tmp/ticker-intelligence-cards/EME.current.json",
      "decision_tier_row": false,
      "production_answer_path_member": false,
      "repair_scope": "thin_monitor_expected_context",
      "stale_reasons": [
        "stale:catalyst_earnings_state",
        "stale:deployment_readiness",
        "stale:price_band_stop",
        "stale:recommendation_support",
        "stale:technical_posture"
      ],
      "thin_monitor_row": true,
      "ticker": "EME",
      "tier": "C",
      "universe_scope": "review_100_monitor"
    },
    {
      "card_path": "tmp/ticker-intelligence-cards/EMR.current.json",
      "decision_tier_row": false,
      "production_answer_path_member": false,
      "repair_scope": "thin_monitor_expected_context",
      "stale_reasons": [
        "stale:catalyst_earnings_state",
        "stale:deployment_readiness",
        "stale:price_band_stop",
        "stale:recommendation_support",
        "stale:technical_posture"
      ],
      "thin_monitor_row": true,
      "ticker": "EMR",
      "tier": "C",
      "universe_scope": "review_100_monitor"
    },
    {
      "card_path": "tmp/ticker-intelligence-cards/EOG.current.json",
      "decision_tier_row": false,
      "production_answer_path_member": false,
      "repair_scope": "thin_monitor_expected_context",
      "stale_reasons": [
        "stale:catalyst_earnings_state",
        "stale:deployment_readiness",
        "stale:price_band_stop",
        "stale:recommendation_support",
        "stale:technical_posture"
      ],
      "thin_monitor_row": true,
      "ticker": "EOG",
      "tier": "C",
      "universe_scope": "review_100_monitor"
    },
    {
      "card_path": "tmp/ticker-intelligence-cards/EQIX.current.json",
      "decision_tier_row": false,
      "production_answer_path_member": false,
      "repair_scope": "thin_monitor_expected_context",
      "stale_reasons": [
        "price_band_stop",
        "stale:catalyst_earnings_state",
        "stale:deployment_readiness",
        "stale:price_band_stop",
        "stale:recommendation_support",
        "stale:technical_posture"
      ],
      "thin_monitor_row": true,
      "ticker": "EQIX",
      "tier": "C",
      "universe_scope": "review_100_monitor"
    },
    {
      "card_path": "tmp/ticker-intelligence-cards/EQR.current.json",
      "decision_tier_row": false,
      "production_answer_path_member": false,
      "repair_scope": "thin_monitor_expected_context",
      "stale_reasons": [
        "price_band_stop",
        "stale:catalyst_earnings_state",
        "stale:deployment_readiness",
        "stale:price_band_stop",
        "stale:recommendation_support",
        "stale:technical_posture"
      ],
      "thin_monitor_row": true,
      "ticker": "EQR",
      "tier": "C",
      "universe_scope": "review_100_monitor"
    },
    {
      "card_path": "tmp/ticker-intelligence-cards/EQT.current.json",
      "decision_tier_row": false,
      "production_answer_path_member": false,
      "repair_scope": "thin_monitor_expected_context",
      "stale_reasons": [
        "stale:catalyst_earnings_state",
        "stale:deployment_readiness",
        "stale:price_band_stop",
        "stale:recommendation_support",
        "stale:technical_posture"
      ],
      "thin_monitor_row": true,
      "ticker": "EQT",
      "tier": "C",
      "universe_scope": "review_100_monitor"
    },
    {
      "card_path": "tmp/ticker-intelligence-cards/ES.current.json",
      "decision_tier_row": false,
      "production_answer_path_member": false,
      "repair_scope": "thin_monitor_expected_context",
      "stale_reasons": [
        "stale:catalyst_earnings_state",
        "stale:deployment_readiness",
        "stale:price_band_stop",
        "stale:recommendation_support",
        "stale:technical_posture"
      ],
      "thin_monitor_row": true,
      "ticker": "ES",
      "tier": "C",
      "universe_scope": "review_100_monitor"
    },
    {
      "card_path": "tmp/ticker-intelligence-cards/ESS.current.json",
      "decision_tier_row": false,
      "production_answer_path_member": false,
      "repair_scope": "thin_monitor_expected_context",
      "stale_reasons": [
        "price_band_stop",
        "stale:catalyst_earnings_state",
        "stale:deployment_readiness",
        "stale:price_band_stop",
        "stale:recommendation_support",
        "stale:technical_posture"
      ],
      "thin_monitor_row": true,
      "ticker": "ESS",
      "tier": "C",
      "universe_scope": "review_100_monitor"
    },
    {
      "card_path": "tmp/ticker-intelligence-cards/ETR.current.json",
      "decision_tier_row": false,
      "production_answer_path_member": false,
      "repair_scope": "thin_monitor_expected_context",
      "stale_reasons": [
        "price_band_stop",
        "stale:catalyst_earnings_state",
        "stale:deployment_readiness",
        "stale:price_band_stop",
        "stale:recommendation_support",
        "stale:technical_posture"
      ],
      "thin_monitor_row": true,
      "ticker": "ETR",
      "tier": "C",
      "universe_scope": "review_100_monitor"
    },
    {
      "card_path": "tmp/ticker-intelligence-cards/EVRG.current.json",
      "decision_tier_row": false,
      "production_answer_path_member": false,
      "repair_scope": "thin_monitor_expected_context",
      "stale_reasons": [
        "price_band_stop",
        "stale:catalyst_earnings_state",
        "stale:deployment_readiness",
        "stale:price_band_stop",
        "stale:recommendation_support",
        "stale:technical_posture"
      ],
      "thin_monitor_row": true,
      "ticker": "EVRG",
      "tier": "C",
      "universe_scope": "review_100_monitor"
    },
    {
      "card_path": "tmp/ticker-intelligence-cards/EXC.current.json",
      "decision_tier_row": false,
      "production_answer_path_member": false,
      "repair_scope": "thin_monitor_expected_context",
      "stale_reasons": [
        "price_band_stop",
        "stale:catalyst_earnings_state",
        "stale:deployment_readiness",
        "stale:price_band_stop",
        "stale:recommendation_support",
        "stale:technical_posture"
      ],
      "thin_monitor_row": true,
      "ticker": "EXC",
      "tier": "C",
      "universe_scope": "review_100_monitor"
    },
    {
      "card_path": "tmp/ticker-intelligence-cards/EXE.current.json",
      "decision_tier_row": false,
      "production_answer_path_member": false,
      "repair_scope": "thin_monitor_expected_context",
      "stale_reasons": [
        "stale:catalyst_earnings_state",
        "stale:deployment_readiness",
        "stale:price_band_stop",
        "stale:recommendation_support",
        "stale:technical_posture"
      ],
      "thin_monitor_row": true,
      "ticker": "EXE",
      "tier": "C",
      "universe_scope": "review_100_monitor"
    },
    {
      "card_path": "tmp/ticker-intelligence-cards/EXPD.current.json",
      "decision_tier_row": false,
      "production_answer_path_member": false,
      "repair_scope": "thin_monitor_expected_context",
      "stale_reasons": [
        "stale:catalyst_earnings_state",
        "stale:deployment_readiness",
        "stale:price_band_stop",
        "stale:recommendation_support",
        "stale:technical_posture"
      ],
      "thin_monitor_row": true,
      "ticker": "EXPD",
      "tier": "C",
      "universe_scope": "review_100_monitor"
    },
    {
      "card_path": "tmp/ticker-intelligence-cards/EXPE.current.json",
      "decision_tier_row": false,
      "production_answer_path_member": false,
      "repair_scope": "thin_monitor_expected_context",
      "stale_reasons": [
        "stale:catalyst_earnings_state",
        "stale:deployment_readiness",
        "stale:price_band_stop",
        "stale:recommendation_support",
        "stale:technical_posture"
      ],
      "thin_monitor_row": true,
      "ticker": "EXPE",
      "tier": "C",
      "universe_scope": "review_100_monitor"
    },
    {
      "card_path": "tmp/ticker-intelligence-cards/EXR.current.json",
      "decision_tier_row": false,
      "production_answer_path_member": false,
      "repair_scope": "thin_monitor_expected_context",
      "stale_reasons": [
        "price_band_stop",
        "stale:catalyst_earnings_state",
        "stale:deployment_readiness",
        "stale:price_band_stop",
        "stale:recommendation_support",
        "stale:technical_posture"
      ],
      "thin_monitor_row": true,
      "ticker": "EXR",
      "tier": "C",
      "universe_scope": "review_100_monitor"
    },
    {
      "card_path": "tmp/ticker-intelligence-cards/F.current.json",
      "decision_tier_row": false,
      "production_answer_path_member": false,
      "repair_scope": "thin_monitor_expected_context",
      "stale_reasons": [
        "price_band_stop",
        "stale:catalyst_earnings_state",
        "stale:deployment_readiness",
        "stale:price_band_stop",
        "stale:recommendation_support",
        "stale:technical_posture"
      ],
      "thin_monitor_row": true,
      "ticker": "F",
      "tier": "C",
      "universe_scope": "review_100_monitor"
    },
    {
      "card_path": "tmp/ticker-intelligence-cards/FANG.current.json",
      "decision_tier_row": false,
      "production_answer_path_member": false,
      "repair_scope": "thin_monitor_expected_context",
      "stale_reasons": [
        "stale:catalyst_earnings_state",
        "stale:deployment_readiness",
        "stale:price_band_stop",
        "stale:recommendation_support",
        "stale:technical_posture"
      ],
      "thin_monitor_row": true,
      "ticker": "FANG",
      "tier": "C",
      "universe_scope": "review_100_monitor"
    },
    {
      "card_path": "tmp/ticker-intelligence-cards/FAST.current.json",
      "decision_tier_row": false,
      "production_answer_path_member": false,
      "repair_scope": "thin_monitor_expected_context",
      "stale_reasons": [
        "stale:catalyst_earnings_state",
        "stale:deployment_readiness",
        "stale:price_band_stop",
        "stale:recommendation_support",
        "stale:technical_posture"
      ],
      "thin_monitor_row": true,
      "ticker": "FAST",
      "tier": "C",
      "universe_scope": "review_100_monitor"
    },
    {
      "card_path": "tmp/ticker-intelligence-cards/FCX.current.json",
      "decision_tier_row": false,
      "production_answer_path_member": false,
      "repair_scope": "thin_monitor_expected_context",
      "stale_reasons": [
        "stale:catalyst_earnings_state",
        "stale:deployment_readiness",
        "stale:price_band_stop",
        "stale:recommendation_support",
        "stale:technical_posture"
      ],
      "thin_monitor_row": true,
      "ticker": "FCX",
      "tier": "C",
      "universe_scope": "review_100_monitor"
    },
    {
      "card_path": "tmp/ticker-intelligence-cards/FE.current.json",
      "decision_tier_row": false,
      "production_answer_path_member": false,
      "repair_scope": "thin_monitor_expected_context",
      "stale_reasons": [
        "price_band_stop",
        "stale:catalyst_earnings_state",
        "stale:deployment_readiness",
        "stale:price_band_stop",
        "stale:recommendation_support",
        "stale:technical_posture"
      ],
      "thin_monitor_row": true,
      "ticker": "FE",
      "tier": "C",
      "universe_scope": "review_100_monitor"
    },
    {
      "card_path": "tmp/ticker-intelligence-cards/FFIV.current.json",
      "decision_tier_row": false,
      "production_answer_path_member": false,
      "repair_scope": "thin_monitor_expected_context",
      "stale_reasons": [
        "stale:catalyst_earnings_state",
        "stale:deployment_readiness",
        "stale:price_band_stop",
        "stale:recommendation_support",
        "stale:technical_posture"
      ],
      "thin_monitor_row": true,
      "ticker": "FFIV",
      "tier": "C",
      "universe_scope": "review_100_monitor"
    },
    {
      "card_path": "tmp/ticker-intelligence-cards/FICO.current.json",
      "decision_tier_row": false,
      "production_answer_path_member": false,
      "repair_scope": "thin_monitor_expected_context",
      "stale_reasons": [
        "stale:catalyst_earnings_state",
        "stale:deployment_readiness",
        "stale:price_band_stop",
        "stale:recommendation_support",
        "stale:technical_posture"
      ],
      "thin_monitor_row": true,
      "ticker": "FICO",
      "tier": "C",
      "universe_scope": "review_100_monitor"
    },
    {
      "card_path": "tmp/ticker-intelligence-cards/FLEX.current.json",
      "decision_tier_row": false,
      "production_answer_path_member": false,
      "repair_scope": "thin_monitor_expected_context",
      "stale_reasons": [
        "stale:catalyst_earnings_state",
        "stale:deployment_readiness",
        "stale:price_band_stop",
        "stale:recommendation_support",
        "stale:technical_posture"
      ],
      "thin_monitor_row": true,
      "ticker": "FLEX",
      "tier": "C",
      "universe_scope": "review_100_monitor"
    },
    {
      "card_path": "tmp/ticker-intelligence-cards/FOX.current.json",
      "decision_tier_row": false,
      "production_answer_path_member": false,
      "repair_scope": "thin_monitor_expected_context",
      "stale_reasons": [
        "analyst_consensus",
        "analyst_price_targets",
        "analyst_ratings",
        "stale:catalyst_earnings_state",
        "stale:deployment_readiness",
        "stale:price_band_stop",
        "stale:recommendation_support",
        "stale:technical_posture"
      ],
      "thin_monitor_row": true,
      "ticker": "FOX",
      "tier": "C",
      "universe_scope": "review_100_monitor"
    },
    {
      "card_path": "tmp/ticker-intelligence-cards/FOXA.current.json",
      "decision_tier_row": false,
      "production_answer_path_member": false,
      "repair_scope": "thin_monitor_expected_context",
      "stale_reasons": [
        "stale:catalyst_earnings_state",
        "stale:deployment_readiness",
        "stale:price_band_stop",
        "stale:recommendation_support",
        "stale:technical_posture"
      ],
      "thin_monitor_row": true,
      "ticker": "FOXA",
      "tier": "C",
      "universe_scope": "review_100_monitor"
    },
    {
      "card_path": "tmp/ticker-intelligence-cards/FRT.current.json",
      "decision_tier_row": false,
      "production_answer_path_member": false,
      "repair_scope": "thin_monitor_expected_context",
      "stale_reasons": [
        "price_band_stop",
        "stale:catalyst_earnings_state",
        "stale:deployment_readiness",
        "stale:price_band_stop",
        "stale:recommendation_support",
        "stale:technical_posture"
      ],
      "thin_monitor_row": true,
      "ticker": "FRT",
      "tier": "C",
      "universe_scope": "review_100_monitor"
    },
    {
      "card_path": "tmp/ticker-intelligence-cards/FSLR.current.json",
      "decision_tier_row": false,
      "production_answer_path_member": false,
      "repair_scope": "thin_monitor_expected_context",
      "stale_reasons": [
        "stale:catalyst_earnings_state",
        "stale:deployment_readiness",
        "stale:price_band_stop",
        "stale:recommendation_support",
        "stale:technical_posture"
      ],
      "thin_monitor_row": true,
      "ticker": "FSLR",
      "tier": "C",
      "universe_scope": "review_100_monitor"
    },
    {
      "card_path": "tmp/ticker-intelligence-cards/GD.current.json",
      "decision_tier_row": false,
      "production_answer_path_member": false,
      "repair_scope": "thin_monitor_expected_context",
      "stale_reasons": [
        "stale:catalyst_earnings_state",
        "stale:deployment_readiness",
        "stale:price_band_stop",
        "stale:recommendation_support",
        "stale:technical_posture"
      ],
      "thin_monitor_row": true,
      "ticker": "GD",
      "tier": "C",
      "universe_scope": "review_100_monitor"
    },
    {
      "card_path": "tmp/ticker-intelligence-cards/GE.current.json",
      "decision_tier_row": true,
      "production_answer_path_member": false,
      "repair_scope": "production_expected_context",
      "stale_reasons": [
        {
          "detail": "Ticker not present in current deployment-readiness surface groups",
          "family": "deployment_readiness_surface",
          "severity": "context",
          "status": "missing"
        }
      ],
      "thin_monitor_row": false,
      "ticker": "GE",
      "tier": "B",
      "universe_scope": "active_internal_universe"
    },
    {
      "card_path": "tmp/ticker-intelligence-cards/GIS.current.json",
      "decision_tier_row": false,
      "production_answer_path_member": false,
      "repair_scope": "thin_monitor_expected_context",
      "stale_reasons": [
        "price_band_stop",
        "stale:catalyst_earnings_state",
        "stale:deployment_readiness",
        "stale:price_band_stop",
        "stale:recommendation_support",
        "stale:technical_posture"
      ],
      "thin_monitor_row": true,
      "ticker": "GIS",
      "tier": "C",
      "universe_scope": "review_100_monitor"
    },
    {
      "card_path": "tmp/ticker-intelligence-cards/GM.current.json",
      "decision_tier_row": false,
      "production_answer_path_member": false,
      "repair_scope": "thin_monitor_expected_context",
      "stale_reasons": [
        "price_band_stop",
        "stale:catalyst_earnings_state",
        "stale:deployment_readiness",
        "stale:price_band_stop",
        "stale:recommendation_support",
        "stale:technical_posture"
      ],
      "thin_monitor_row": true,
      "ticker": "GM",
      "tier": "C",
      "universe_scope": "review_100_monitor"
    },
    {
      "card_path": "tmp/ticker-intelligence-cards/GOOGL.current.json",
      "decision_tier_row": false,
      "production_answer_path_member": false,
      "repair_scope": "thin_monitor_expected_context",
      "stale_reasons": [
        "stale:catalyst_earnings_state",
        "stale:deployment_readiness",
        "stale:price_band_stop",
        "stale:recommendation_support",
        "stale:technical_posture"
      ],
      "thin_monitor_row": true,
      "ticker": "GOOGL",
      "tier": "C",
      "universe_scope": "review_100_monitor"
    },
    {
      "card_path": "tmp/ticker-intelligence-cards/GPC.current.json",
      "decision_tier_row": false,
      "production_answer_path_member": false,
      "repair_scope": "thin_monitor_expected_context",
      "stale_reasons": [
        "stale:catalyst_earnings_state",
        "stale:deployment_readiness",
        "stale:price_band_stop",
        "stale:recommendation_support",
        "stale:technical_posture"
      ],
      "thin_monitor_row": true,
      "ticker": "GPC",
      "tier": "C",
      "universe_scope": "review_100_monitor"
    },
    {
      "card_path": "tmp/ticker-intelligence-cards/GRMN.current.json",
      "decision_tier_row": false,
      "production_answer_path_member": false,
      "repair_scope": "thin_monitor_expected_context",
      "stale_reasons": [
        "stale:catalyst_earnings_state",
        "stale:deployment_readiness",
        "stale:price_band_stop",
        "stale:recommendation_support",
        "stale:technical_posture"
      ],
      "thin_monitor_row": true,
      "ticker": "GRMN",
      "tier": "C",
      "universe_scope": "review_100_monitor"
    },
    {
      "card_path": "tmp/ticker-intelligence-cards/GS.current.json",
      "decision_tier_row": true,
      "production_answer_path_member": false,
      "repair_scope": "production_expected_context",
      "stale_reasons": [
        {
          "detail": "Official period 2026-06-30 is newer than normalized metrics period 2026-03-31; withheld fields remain manual/10-Q required.",
          "family": "fundamental_period_alignment",
          "severity": "context",
          "status": "newer_official_period_normalized_metrics_catch_up_required"
        }
      ],
      "thin_monitor_row": false,
      "ticker": "GS",
      "tier": "A",
      "universe_scope": "active_internal_universe"
    },
    {
      "card_path": "tmp/ticker-intelligence-cards/HAL.current.json",
      "decision_tier_row": false,
      "production_answer_path_member": false,
      "repair_scope": "thin_monitor_expected_context",
      "stale_reasons": [
        "stale:catalyst_earnings_state",
        "stale:deployment_readiness",
        "stale:price_band_stop",
        "stale:recommendation_support",
        "stale:technical_posture"
      ],
      "thin_monitor_row": true,
      "ticker": "HAL",
      "tier": "C",
      "universe_scope": "review_100_monitor"
    },
    {
      "card_path": "tmp/ticker-intelligence-cards/HAS.current.json",
      "decision_tier_row": false,
      "production_answer_path_member": false,
      "repair_scope": "thin_monitor_expected_context",
      "stale_reasons": [
        "price_band_stop",
        "stale:catalyst_earnings_state",
        "stale:deployment_readiness",
        "stale:price_band_stop",
        "stale:recommendation_support",
        "stale:technical_posture"
      ],
      "thin_monitor_row": true,
      "ticker": "HAS",
      "tier": "C",
      "universe_scope": "review_100_monitor"
    },
    {
      "card_path": "tmp/ticker-intelligence-cards/HD.current.json",
      "decision_tier_row": false,
      "production_answer_path_member": false,
      "repair_scope": "thin_monitor_expected_context",
      "stale_reasons": [
        "stale:catalyst_earnings_state",
        "stale:deployment_readiness",
        "stale:price_band_stop",
        "stale:recommendation_support",
        "stale:technical_posture"
      ],
      "thin_monitor_row": true,
      "ticker": "HD",
      "tier": "C",
      "universe_scope": "review_100_monitor"
    },
    {
      "card_path": "tmp/ticker-intelligence-cards/HON.current.json",
      "decision_tier_row": false,
      "production_answer_path_member": false,
      "repair_scope": "thin_monitor_expected_context",
      "stale_reasons": [
        "stale:catalyst_earnings_state",
        "stale:deployment_readiness",
        "stale:price_band_stop",
        "stale:recommendation_support",
        "stale:technical_posture"
      ],
      "thin_monitor_row": true,
      "ticker": "HON",
      "tier": "C",
      "universe_scope": "review_100_monitor"
    },
    {
      "card_path": "tmp/ticker-intelligence-cards/HRL.current.json",
      "decision_tier_row": false,
      "production_answer_path_member": false,
      "repair_scope": "thin_monitor_expected_context",
      "stale_reasons": [
        "stale:catalyst_earnings_state",
        "stale:deployment_readiness",
        "stale:price_band_stop",
        "stale:recommendation_support",
        "stale:technical_posture"
      ],
      "thin_monitor_row": true,
      "ticker": "HRL",
      "tier": "C",
      "universe_scope": "review_100_monitor"
    },
    {
      "card_path": "tmp/ticker-intelligence-cards/HST.current.json",
      "decision_tier_row": false,
      "production_answer_path_member": false,
      "repair_scope": "thin_monitor_expected_context",
      "stale_reasons": [
        "price_band_stop",
        "stale:catalyst_earnings_state",
        "stale:deployment_readiness",
        "stale:price_band_stop",
        "stale:recommendation_support",
        "stale:technical_posture"
      ],
      "thin_monitor_row": true,
      "ticker": "HST",
      "tier": "C",
      "universe_scope": "review_100_monitor"
    },
    {
      "card_path": "tmp/ticker-intelligence-cards/HSY.current.json",
      "decision_tier_row": false,
      "production_answer_path_member": false,
      "repair_scope": "thin_monitor_expected_context",
      "stale_reasons": [
        "price_band_stop",
        "stale:catalyst_earnings_state",
        "stale:deployment_readiness",
        "stale:price_band_stop",
        "stale:recommendation_support",
        "stale:technical_posture"
      ],
      "thin_monitor_row": true,
      "ticker": "HSY",
      "tier": "C",
      "universe_scope": "review_100_monitor"
    },
    {
      "card_path": "tmp/ticker-intelligence-cards/IFF.current.json",
      "decision_tier_row": false,
      "production_answer_path_member": false,
      "repair_scope": "thin_monitor_expected_context",
      "stale_reasons": [
        "stale:catalyst_earnings_state",
        "stale:deployment_readiness",
        "stale:price_band_stop",
        "stale:recommendation_support",
        "stale:technical_posture"
      ],
      "thin_monitor_row": true,
      "ticker": "IFF",
      "tier": "C",
      "universe_scope": "review_100_monitor"
    },
    {
      "card_path": "tmp/ticker-intelligence-cards/INTU.current.json",
      "decision_tier_row": false,
      "production_answer_path_member": false,
      "repair_scope": "thin_monitor_expected_context",
      "stale_reasons": [
        "stale:catalyst_earnings_state",
        "stale:deployment_readiness",
        "stale:price_band_stop",
        "stale:recommendation_support",
        "stale:technical_posture"
      ],
      "thin_monitor_row": true,
      "ticker": "INTU",
      "tier": "C",
      "universe_scope": "review_100_monitor"
    },
    {
      "card_path": "tmp/ticker-intelligence-cards/INVH.current.json",
      "decision_tier_row": false,
      "production_answer_path_member": false,
      "repair_scope": "thin_monitor_expected_context",
      "stale_reasons": [
        "price_band_stop",
        "stale:catalyst_earnings_state",
        "stale:deployment_readiness",
        "stale:price_band_stop",
        "stale:recommendation_support",
        "stale:technical_posture"
      ],
      "thin_monitor_row": true,
      "ticker": "INVH",
      "tier": "C",
      "universe_scope": "review_100_monitor"
    },
    {
      "card_path": "tmp/ticker-intelligence-cards/IP.current.json",
      "decision_tier_row": false,
      "production_answer_path_member": false,
      "repair_scope": "thin_monitor_expected_context",
      "stale_reasons": [
        "stale:catalyst_earnings_state",
        "stale:deployment_readiness",
        "stale:price_band_stop",
        "stale:recommendation_support",
        "stale:technical_posture"
      ],
      "thin_monitor_row": true,
      "ticker": "IP",
      "tier": "C",
      "universe_scope": "review_100_monitor"
    },
    {
      "card_path": "tmp/ticker-intelligence-cards/IRM.current.json",
      "decision_tier_row": false,
      "production_answer_path_member": false,
      "repair_scope": "thin_monitor_expected_context",
      "stale_reasons": [
        "stale:catalyst_earnings_state",
        "stale:deployment_readiness",
        "stale:price_band_stop",
        "stale:recommendation_support",
        "stale:technical_posture"
      ],
      "thin_monitor_row": true,
      "ticker": "IRM",
      "tier": "C",
      "universe_scope": "review_100_monitor"
    },
    {
      "card_path": "tmp/ticker-intelligence-cards/ISRG.current.json",
      "decision_tier_row": false,
      "production_answer_path_member": false,
      "repair_scope": "thin_monitor_expected_context",
      "stale_reasons": [
        "stale:catalyst_earnings_state",
        "stale:deployment_readiness",
        "stale:price_band_stop",
        "stale:recommendation_support",
        "stale:technical_posture"
      ],
      "thin_monitor_row": true,
      "ticker": "ISRG",
      "tier": "C",
      "universe_scope": "review_100_monitor"
    },
    {
      "card_path": "tmp/ticker-intelligence-cards/KDP.current.json",
      "decision_tier_row": false,
      "production_answer_path_member": false,
      "repair_scope": "thin_monitor_expected_context",
      "stale_reasons": [
        "stale:catalyst_earnings_state",
        "stale:deployment_readiness",
        "stale:price_band_stop",
        "stale:recommendation_support",
        "stale:technical_posture"
      ],
      "thin_monitor_row": true,
      "ticker": "KDP",
      "tier": "C",
      "universe_scope": "review_100_monitor"
    },
    {
      "card_path": "tmp/ticker-intelligence-cards/KHC.current.json",
      "decision_tier_row": false,
      "production_answer_path_member": false,
      "repair_scope": "thin_monitor_expected_context",
      "stale_reasons": [
        "price_band_stop",
        "stale:catalyst_earnings_state",
        "stale:deployment_readiness",
        "stale:price_band_stop",
        "stale:recommendation_support",
        "stale:technical_posture"
      ],
      "thin_monitor_row": true,
      "ticker": "KHC",
      "tier": "C",
      "universe_scope": "review_100_monitor"
    },
    {
      "card_path": "tmp/ticker-intelligence-cards/KMB.current.json",
      "decision_tier_row": false,
      "production_answer_path_member": false,
      "repair_scope": "thin_monitor_expected_context",
      "stale_reasons": [
        "stale:catalyst_earnings_state",
        "stale:deployment_readiness",
        "stale:price_band_stop",
        "stale:recommendation_support",
        "stale:technical_posture"
      ],
      "thin_monitor_row": true,
      "ticker": "KMB",
      "tier": "C",
      "universe_scope": "review_100_monitor"
    },
    {
      "card_path": "tmp/ticker-intelligence-cards/KMI.current.json",
      "decision_tier_row": false,
      "production_answer_path_member": false,
      "repair_scope": "thin_monitor_expected_context",
      "stale_reasons": [
        "stale:catalyst_earnings_state",
        "stale:deployment_readiness",
        "stale:price_band_stop",
        "stale:recommendation_support",
        "stale:technical_posture"
      ],
      "thin_monitor_row": true,
      "ticker": "KMI",
      "tier": "C",
      "universe_scope": "review_100_monitor"
    },
    {
      "card_path": "tmp/ticker-intelligence-cards/KTOS.current.json",
      "decision_tier_row": true,
      "production_answer_path_member": false,
      "repair_scope": "production_expected_context",
      "stale_reasons": [
        {
          "detail": "Ticker not present in current deployment-readiness surface groups",
          "family": "deployment_readiness_surface",
          "severity": "context",
          "status": "missing"
        }
      ],
      "thin_monitor_row": false,
      "ticker": "KTOS",
      "tier": "B",
      "universe_scope": "active_internal_universe"
    },
    {
      "card_path": "tmp/ticker-intelligence-cards/LNG.current.json",
      "decision_tier_row": true,
      "production_answer_path_member": false,
      "repair_scope": "production_expected_context",
      "stale_reasons": [
        {
          "detail": "Ticker not present in current deployment-readiness surface groups",
          "family": "deployment_readiness_surface",
          "severity": "context",
          "status": "missing"
        }
      ],
      "thin_monitor_row": false,
      "ticker": "LNG",
      "tier": "B",
      "universe_scope": "active_internal_universe"
    },
    {
      "card_path": "tmp/ticker-intelligence-cards/LNT.current.json",
      "decision_tier_row": false,
      "production_answer_path_member": false,
      "repair_scope": "thin_monitor_expected_context",
      "stale_reasons": [
        "price_band_stop",
        "stale:catalyst_earnings_state",
        "stale:deployment_readiness",
        "stale:price_band_stop",
        "stale:recommendation_support",
        "stale:technical_posture"
      ],
      "thin_monitor_row": true,
      "ticker": "LNT",
      "tier": "C",
      "universe_scope": "review_100_monitor"
    },
    {
      "card_path": "tmp/ticker-intelligence-cards/LYB.current.json",
      "decision_tier_row": false,
      "production_answer_path_member": false,
      "repair_scope": "thin_monitor_expected_context",
      "stale_reasons": [
        "stale:catalyst_earnings_state",
        "stale:deployment_readiness",
        "stale:price_band_stop",
        "stale:recommendation_support",
        "stale:technical_posture"
      ],
      "thin_monitor_row": true,
      "ticker": "LYB",
      "tier": "C",
      "universe_scope": "review_100_monitor"
    },
    {
      "card_path": "tmp/ticker-intelligence-cards/LYV.current.json",
      "decision_tier_row": false,
      "production_answer_path_member": false,
      "repair_scope": "thin_monitor_expected_context",
      "stale_reasons": [
        "stale:catalyst_earnings_state",
        "stale:deployment_readiness",
        "stale:price_band_stop",
        "stale:recommendation_support",
        "stale:technical_posture"
      ],
      "thin_monitor_row": true,
      "ticker": "LYV",
      "tier": "C",
      "universe_scope": "review_100_monitor"
    },
    {
      "card_path": "tmp/ticker-intelligence-cards/MA.current.json",
      "decision_tier_row": false,
      "production_answer_path_member": false,
      "repair_scope": "thin_monitor_expected_context",
      "stale_reasons": [
        "stale:catalyst_earnings_state",
        "stale:deployment_readiness",
        "stale:price_band_stop",
        "stale:recommendation_support",
        "stale:technical_posture"
      ],
      "thin_monitor_row": true,
      "ticker": "MA",
      "tier": "C",
      "universe_scope": "review_100_monitor"
    },
    {
      "card_path": "tmp/ticker-intelligence-cards/MCD.current.json",
      "decision_tier_row": false,
      "production_answer_path_member": false,
      "repair_scope": "thin_monitor_expected_context",
      "stale_reasons": [
        "stale:catalyst_earnings_state",
        "stale:deployment_readiness",
        "stale:price_band_stop",
        "stale:recommendation_support",
        "stale:technical_posture"
      ],
      "thin_monitor_row": true,
      "ticker": "MCD",
      "tier": "C",
      "universe_scope": "review_100_monitor"
    },
    {
      "card_path": "tmp/ticker-intelligence-cards/MCK.current.json",
      "decision_tier_row": false,
      "production_answer_path_member": false,
      "repair_scope": "thin_monitor_expected_context",
      "stale_reasons": [
        "stale:catalyst_earnings_state",
        "stale:deployment_readiness",
        "stale:price_band_stop",
        "stale:recommendation_support",
        "stale:technical_posture"
      ],
      "thin_monitor_row": true,
      "ticker": "MCK",
      "tier": "C",
      "universe_scope": "review_100_monitor"
    },
    {
      "card_path": "tmp/ticker-intelligence-cards/MDB.current.json",
      "decision_tier_row": false,
      "production_answer_path_member": false,
      "repair_scope": "thin_monitor_expected_context",
      "stale_reasons": [
        "stale:catalyst_earnings_state",
        "stale:deployment_readiness",
        "stale:price_band_stop",
        "stale:recommendation_support",
        "stale:technical_posture"
      ],
      "thin_monitor_row": true,
      "ticker": "MDB",
      "tier": "C",
      "universe_scope": "review_100_monitor"
    },
    {
      "card_path": "tmp/ticker-intelligence-cards/META.current.json",
      "decision_tier_row": true,
      "production_answer_path_member": true,
      "repair_scope": "production_expected_context",
      "stale_reasons": [
        {
          "detail": "Ticker not present in current deployment-readiness surface groups",
          "family": "deployment_readiness_surface",
          "severity": "context",
          "status": "missing"
        }
      ],
      "thin_monitor_row": false,
      "ticker": "META",
      "tier": "A",
      "universe_scope": "active_internal_universe"
    },
    {
      "card_path": "tmp/ticker-intelligence-cards/MLM.current.json",
      "decision_tier_row": false,
      "production_answer_path_member": false,
      "repair_scope": "thin_monitor_expected_context",
      "stale_reasons": [
        "stale:catalyst_earnings_state",
        "stale:deployment_readiness",
        "stale:price_band_stop",
        "stale:recommendation_support",
        "stale:technical_posture"
      ],
      "thin_monitor_row": true,
      "ticker": "MLM",
      "tier": "C",
      "universe_scope": "review_100_monitor"
    },
    {
      "card_path": "tmp/ticker-intelligence-cards/MOS.current.json",
      "decision_tier_row": false,
      "production_answer_path_member": false,
      "repair_scope": "thin_monitor_expected_context",
      "stale_reasons": [
        "price_band_stop",
        "stale:catalyst_earnings_state",
        "stale:deployment_readiness",
        "stale:price_band_stop",
        "stale:recommendation_support",
        "stale:technical_posture"
      ],
      "thin_monitor_row": true,
      "ticker": "MOS",
      "tier": "C",
      "universe_scope": "review_100_monitor"
    },
    {
      "card_path": "tmp/ticker-intelligence-cards/MPC.current.json",
      "decision_tier_row": false,
      "production_answer_path_member": false,
      "repair_scope": "thin_monitor_expected_context",
      "stale_reasons": [
        "stale:catalyst_earnings_state",
        "stale:deployment_readiness",
        "stale:price_band_stop",
        "stale:recommendation_support",
        "stale:technical_posture"
      ],
      "thin_monitor_row": true,
      "ticker": "MPC",
      "tier": "C",
      "universe_scope": "review_100_monitor"
    },
    {
      "card_path": "tmp/ticker-intelligence-cards/MU.current.json",
      "decision_tier_row": false,
      "production_answer_path_member": false,
      "repair_scope": "thin_monitor_expected_context",
      "stale_reasons": [
        "stale:catalyst_earnings_state",
        "stale:deployment_readiness",
        "stale:price_band_stop",
        "stale:recommendation_support",
        "stale:technical_posture"
      ],
      "thin_monitor_row": true,
      "ticker": "MU",
      "tier": "C",
      "universe_scope": "review_100_monitor"
    },
    {
      "card_path": "tmp/ticker-intelligence-cards/NEE.current.json",
      "decision_tier_row": false,
      "production_answer_path_member": false,
      "repair_scope": "thin_monitor_expected_context",
      "stale_reasons": [
        "stale:catalyst_earnings_state",
        "stale:deployment_readiness",
        "stale:price_band_stop",
        "stale:recommendation_support",
        "stale:technical_posture"
      ],
      "thin_monitor_row": true,
      "ticker": "NEE",
      "tier": "C",
      "universe_scope": "review_100_monitor"
    },
    {
      "card_path": "tmp/ticker-intelligence-cards/NEM.current.json",
      "decision_tier_row": false,
      "production_answer_path_member": false,
      "repair_scope": "thin_monitor_expected_context",
      "stale_reasons": [
        "stale:catalyst_earnings_state",
        "stale:deployment_readiness",
        "stale:price_band_stop",
        "stale:recommendation_support",
        "stale:technical_posture"
      ],
      "thin_monitor_row": true,
      "ticker": "NEM",
      "tier": "C",
      "universe_scope": "review_100_monitor"
    },
    {
      "card_path": "tmp/ticker-intelligence-cards/NFLX.current.json",
      "decision_tier_row": true,
      "production_answer_path_member": false,
      "repair_scope": "production_expected_context",
      "stale_reasons": [
        {
          "detail": "Ticker not present in current deployment-readiness surface groups",
          "family": "deployment_readiness_surface",
          "severity": "context",
          "status": "missing"
        }
      ],
      "thin_monitor_row": false,
      "ticker": "NFLX",
      "tier": "B",
      "universe_scope": "active_internal_universe"
    },
    {
      "card_path": "tmp/ticker-intelligence-cards/NI.current.json",
      "decision_tier_row": false,
      "production_answer_path_member": false,
      "repair_scope": "thin_monitor_expected_context",
      "stale_reasons": [
        "price_band_stop",
        "stale:catalyst_earnings_state",
        "stale:deployment_readiness",
        "stale:price_band_stop",
        "stale:recommendation_support",
        "stale:technical_posture"
      ],
      "thin_monitor_row": true,
      "ticker": "NI",
      "tier": "C",
      "universe_scope": "review_100_monitor"
    },
    {
      "card_path": "tmp/ticker-intelligence-cards/NOC.current.json",
      "decision_tier_row": false,
      "production_answer_path_member": false,
      "repair_scope": "thin_monitor_expected_context",
      "stale_reasons": [
        "stale:catalyst_earnings_state",
        "stale:deployment_readiness",
        "stale:price_band_stop",
        "stale:recommendation_support",
        "stale:technical_posture"
      ],
      "thin_monitor_row": true,
      "ticker": "NOC",
      "tier": "C",
      "universe_scope": "review_100_monitor"
    },
    {
      "card_path": "tmp/ticker-intelligence-cards/NOW.current.json",
      "decision_tier_row": false,
      "production_answer_path_member": false,
      "repair_scope": "thin_monitor_expected_context",
      "stale_reasons": [
        "stale:catalyst_earnings_state",
        "stale:deployment_readiness",
        "stale:price_band_stop",
        "stale:recommendation_support",
        "stale:technical_posture"
      ],
      "thin_monitor_row": true,
      "ticker": "NOW",
      "tier": "C",
      "universe_scope": "review_100_monitor"
    },
    {
      "card_path": "tmp/ticker-intelligence-cards/NUE.current.json",
      "decision_tier_row": false,
      "production_answer_path_member": false,
      "repair_scope": "thin_monitor_expected_context",
      "stale_reasons": [
        "stale:catalyst_earnings_state",
        "stale:deployment_readiness",
        "stale:price_band_stop",
        "stale:recommendation_support",
        "stale:technical_posture"
      ],
      "thin_monitor_row": true,
      "ticker": "NUE",
      "tier": "C",
      "universe_scope": "review_100_monitor"
    },
    {
      "card_path": "tmp/ticker-intelligence-cards/NVDA.current.json",
      "decision_tier_row": true,
      "production_answer_path_member": true,
      "repair_scope": "production_expected_context",
      "stale_reasons": [
        {
          "detail": "Official period 2026-07-26 is newer than normalized metrics period 2026-04-30; withheld fields remain manual/10-Q required.",
          "family": "fundamental_period_alignment",
          "severity": "context",
          "status": "newer_official_period_normalized_metrics_catch_up_required"
        }
      ],
      "thin_monitor_row": false,
      "ticker": "NVDA",
      "tier": "A",
      "universe_scope": "active_internal_universe"
    },
    {
      "card_path": "tmp/ticker-intelligence-cards/NWS.current.json",
      "decision_tier_row": false,
      "production_answer_path_member": false,
      "repair_scope": "thin_monitor_expected_context",
      "stale_reasons": [
        "analyst_price_targets",
        "stale:catalyst_earnings_state",
        "stale:deployment_readiness",
        "stale:price_band_stop",
        "stale:recommendation_support",
        "stale:technical_posture"
      ],
      "thin_monitor_row": true,
      "ticker": "NWS",
      "tier": "C",
      "universe_scope": "review_100_monitor"
    },
    {
      "card_path": "tmp/ticker-intelligence-cards/NWSA.current.json",
      "decision_tier_row": false,
      "production_answer_path_member": false,
      "repair_scope": "thin_monitor_expected_context",
      "stale_reasons": [
        "stale:catalyst_earnings_state",
        "stale:deployment_readiness",
        "stale:price_band_stop",
        "stale:recommendation_support",
        "stale:technical_posture"
      ],
      "thin_monitor_row": true,
      "ticker": "NWSA",
      "tier": "C",
      "universe_scope": "review_100_monitor"
    },
    {
      "card_path": "tmp/ticker-intelligence-cards/OKE.current.json",
      "decision_tier_row": false,
      "production_answer_path_member": false,
      "repair_scope": "thin_monitor_expected_context",
      "stale_reasons": [
        "stale:catalyst_earnings_state",
        "stale:deployment_readiness",
        "stale:price_band_stop",
        "stale:recommendation_support",
        "stale:technical_posture"
      ],
      "thin_monitor_row": true,
      "ticker": "OKE",
      "tier": "C",
      "universe_scope": "review_100_monitor"
    },
    {
      "card_path": "tmp/ticker-intelligence-cards/OMC.current.json",
      "decision_tier_row": false,
      "production_answer_path_member": false,
      "repair_scope": "thin_monitor_expected_context",
      "stale_reasons": [
        "stale:catalyst_earnings_state",
        "stale:deployment_readiness",
        "stale:price_band_stop",
        "stale:recommendation_support",
        "stale:technical_posture"
      ],
      "thin_monitor_row": true,
      "ticker": "OMC",
      "tier": "C",
      "universe_scope": "review_100_monitor"
    },
    {
      "card_path": "tmp/ticker-intelligence-cards/ORCL.current.json",
      "decision_tier_row": false,
      "production_answer_path_member": false,
      "repair_scope": "thin_monitor_expected_context",
      "stale_reasons": [
        "stale:catalyst_earnings_state",
        "stale:deployment_readiness",
        "stale:price_band_stop",
        "stale:recommendation_support",
        "stale:technical_posture"
      ],
      "thin_monitor_row": true,
      "ticker": "ORCL",
      "tier": "C",
      "universe_scope": "review_100_monitor"
    },
    {
      "card_path": "tmp/ticker-intelligence-cards/ORLY.current.json",
      "decision_tier_row": false,
      "production_answer_path_member": false,
      "repair_scope": "thin_monitor_expected_context",
      "stale_reasons": [
        "stale:catalyst_earnings_state",
        "stale:deployment_readiness",
        "stale:price_band_stop",
        "stale:recommendation_support",
        "stale:technical_posture"
      ],
      "thin_monitor_row": true,
      "ticker": "ORLY",
      "tier": "C",
      "universe_scope": "review_100_monitor"
    },
    {
      "card_path": "tmp/ticker-intelligence-cards/OXY.current.json",
      "decision_tier_row": false,
      "production_answer_path_member": false,
      "repair_scope": "thin_monitor_expected_context",
      "stale_reasons": [
        "stale:catalyst_earnings_state",
        "stale:deployment_readiness",
        "stale:price_band_stop",
        "stale:recommendation_support",
        "stale:technical_posture"
      ],
      "thin_monitor_row": true,
      "ticker": "OXY",
      "tier": "C",
      "universe_scope": "review_100_monitor"
    },
    {
      "card_path": "tmp/ticker-intelligence-cards/PANW.current.json",
      "decision_tier_row": false,
      "production_answer_path_member": false,
      "repair_scope": "thin_monitor_expected_context",
      "stale_reasons": [
        "stale:catalyst_earnings_state",
        "stale:deployment_readiness",
        "stale:price_band_stop",
        "stale:recommendation_support",
        "stale:technical_posture"
      ],
      "thin_monitor_row": true,
      "ticker": "PANW",
      "tier": "C",
      "universe_scope": "review_100_monitor"
    },
    {
      "card_path": "tmp/ticker-intelligence-cards/PAVE.current.json",
      "decision_tier_row": false,
      "production_answer_path_member": false,
      "repair_scope": "production_expected_context",
      "stale_reasons": [
        {
          "detail": "Ticker not present in current deployment-readiness surface groups",
          "family": "deployment_readiness_surface",
          "severity": "context",
          "status": "missing"
        }
      ],
      "thin_monitor_row": false,
      "ticker": "PAVE",
      "tier": "C",
      "universe_scope": "active_internal_universe"
    },
    {
      "card_path": "tmp/ticker-intelligence-cards/PEP.current.json",
      "decision_tier_row": false,
      "production_answer_path_member": false,
      "repair_scope": "thin_monitor_expected_context",
      "stale_reasons": [
        "stale:catalyst_earnings_state",
        "stale:deployment_readiness",
        "stale:price_band_stop",
        "stale:recommendation_support",
        "stale:technical_posture"
      ],
      "thin_monitor_row": true,
      "ticker": "PEP",
      "tier": "C",
      "universe_scope": "review_100_monitor"
    },
    {
      "card_path": "tmp/ticker-intelligence-cards/PG.current.json",
      "decision_tier_row": false,
      "production_answer_path_member": false,
      "repair_scope": "thin_monitor_expected_context",
      "stale_reasons": [
        "stale:catalyst_earnings_state",
        "stale:deployment_readiness",
        "stale:price_band_stop",
        "stale:recommendation_support",
        "stale:technical_posture"
      ],
      "thin_monitor_row": true,
      "ticker": "PG",
      "tier": "C",
      "universe_scope": "review_100_monitor"
    },
    {
      "card_path": "tmp/ticker-intelligence-cards/PH.current.json",
      "decision_tier_row": true,
      "production_answer_path_member": false,
      "repair_scope": "production_expected_context",
      "stale_reasons": [
        {
          "detail": "Official period 2026-06-30 is newer than normalized metrics period 2026-03-31; withheld fields remain manual/10-Q required.",
          "family": "fundamental_period_alignment",
          "severity": "context",
          "status": "newer_official_period_normalized_metrics_catch_up_required"
        }
      ],
      "thin_monitor_row": false,
      "ticker": "PH",
      "tier": "A",
      "universe_scope": "active_internal_universe"
    },
    {
      "card_path": "tmp/ticker-intelligence-cards/PKG.current.json",
      "decision_tier_row": false,
      "production_answer_path_member": false,
      "repair_scope": "thin_monitor_expected_context",
      "stale_reasons": [
        "price_band_stop",
        "stale:catalyst_earnings_state",
        "stale:deployment_readiness",
        "stale:price_band_stop",
        "stale:recommendation_support",
        "stale:technical_posture"
      ],
      "thin_monitor_row": true,
      "ticker": "PKG",
      "tier": "C",
      "universe_scope": "review_100_monitor"
    },
    {
      "card_path": "tmp/ticker-intelligence-cards/PPG.current.json",
      "decision_tier_row": false,
      "production_answer_path_member": false,
      "repair_scope": "thin_monitor_expected_context",
      "stale_reasons": [
        "price_band_stop",
        "stale:catalyst_earnings_state",
        "stale:deployment_readiness",
        "stale:price_band_stop",
        "stale:recommendation_support",
        "stale:technical_posture"
      ],
      "thin_monitor_row": true,
      "ticker": "PPG",
      "tier": "C",
      "universe_scope": "review_100_monitor"
    },
    {
      "card_path": "tmp/ticker-intelligence-cards/PSKY.current.json",
      "decision_tier_row": false,
      "production_answer_path_member": false,
      "repair_scope": "thin_monitor_expected_context",
      "stale_reasons": [
        "stale:catalyst_earnings_state",
        "stale:deployment_readiness",
        "stale:price_band_stop",
        "stale:recommendation_support",
        "stale:technical_posture"
      ],
      "thin_monitor_row": true,
      "ticker": "PSKY",
      "tier": "C",
      "universe_scope": "review_100_monitor"
    },
    {
      "card_path": "tmp/ticker-intelligence-cards/PSX.current.json",
      "decision_tier_row": false,
      "production_answer_path_member": false,
      "repair_scope": "thin_monitor_expected_context",
      "stale_reasons": [
        "stale:catalyst_earnings_state",
        "stale:deployment_readiness",
        "stale:price_band_stop",
        "stale:recommendation_support",
        "stale:technical_posture"
      ],
      "thin_monitor_row": true,
      "ticker": "PSX",
      "tier": "C",
      "universe_scope": "review_100_monitor"
    },
    {
      "card_path": "tmp/ticker-intelligence-cards/QCOM.current.json",
      "decision_tier_row": false,
      "production_answer_path_member": false,
      "repair_scope": "thin_monitor_expected_context",
      "stale_reasons": [
        "stale:catalyst_earnings_state",
        "stale:deployment_readiness",
        "stale:price_band_stop",
        "stale:recommendation_support",
        "stale:technical_posture"
      ],
      "thin_monitor_row": true,
      "ticker": "QCOM",
      "tier": "C",
      "universe_scope": "review_100_monitor"
    },
    {
      "card_path": "tmp/ticker-intelligence-cards/RTX.current.json",
      "decision_tier_row": true,
      "production_answer_path_member": false,
      "repair_scope": "production_expected_context",
      "stale_reasons": [
        {
          "detail": "Ticker not present in current deployment-readiness surface groups",
          "family": "deployment_readiness_surface",
          "severity": "context",
          "status": "missing"
        }
      ],
      "thin_monitor_row": false,
      "ticker": "RTX",
      "tier": "B",
      "universe_scope": "active_internal_universe"
    },
    {
      "card_path": "tmp/ticker-intelligence-cards/SAP.current.json",
      "decision_tier_row": false,
      "production_answer_path_member": false,
      "repair_scope": "thin_monitor_expected_context",
      "stale_reasons": [
        "stale:catalyst_earnings_state",
        "stale:deployment_readiness",
        "stale:price_band_stop",
        "stale:recommendation_support",
        "stale:technical_posture"
      ],
      "thin_monitor_row": true,
      "ticker": "SAP",
      "tier": "C",
      "universe_scope": "review_100_monitor"
    },
    {
      "card_path": "tmp/ticker-intelligence-cards/SCCO.current.json",
      "decision_tier_row": false,
      "production_answer_path_member": false,
      "repair_scope": "thin_monitor_expected_context",
      "stale_reasons": [
        "stale:catalyst_earnings_state",
        "stale:deployment_readiness",
        "stale:price_band_stop",
        "stale:recommendation_support",
        "stale:technical_posture"
      ],
      "thin_monitor_row": true,
      "ticker": "SCCO",
      "tier": "C",
      "universe_scope": "review_100_monitor"
    },
    {
      "card_path": "tmp/ticker-intelligence-cards/SHOP.current.json",
      "decision_tier_row": false,
      "production_answer_path_member": false,
      "repair_scope": "thin_monitor_expected_context",
      "stale_reasons": [
        "stale:catalyst_earnings_state",
        "stale:deployment_readiness",
        "stale:price_band_stop",
        "stale:recommendation_support",
        "stale:technical_posture"
      ],
      "thin_monitor_row": true,
      "ticker": "SHOP",
      "tier": "C",
      "universe_scope": "review_100_monitor"
    },
    {
      "card_path": "tmp/ticker-intelligence-cards/SHW.current.json",
      "decision_tier_row": false,
      "production_answer_path_member": false,
      "repair_scope": "thin_monitor_expected_context",
      "stale_reasons": [
        "stale:catalyst_earnings_state",
        "stale:deployment_readiness",
        "stale:price_band_stop",
        "stale:recommendation_support",
        "stale:technical_posture"
      ],
      "thin_monitor_row": true,
      "ticker": "SHW",
      "tier": "C",
      "universe_scope": "review_100_monitor"
    },
    {
      "card_path": "tmp/ticker-intelligence-cards/SLB.current.json",
      "decision_tier_row": false,
      "production_answer_path_member": false,
      "repair_scope": "thin_monitor_expected_context",
      "stale_reasons": [
        "stale:catalyst_earnings_state",
        "stale:deployment_readiness",
        "stale:price_band_stop",
        "stale:recommendation_support",
        "stale:technical_posture"
      ],
      "thin_monitor_row": true,
      "ticker": "SLB",
      "tier": "C",
      "universe_scope": "review_100_monitor"
    },
    {
      "card_path": "tmp/ticker-intelligence-cards/SLV.current.json",
      "decision_tier_row": false,
      "production_answer_path_member": false,
      "repair_scope": "production_expected_context",
      "stale_reasons": [
        {
          "detail": "Ticker not present in current deployment-readiness surface groups",
          "family": "deployment_readiness_surface",
          "severity": "context",
          "status": "missing"
        }
      ],
      "thin_monitor_row": false,
      "ticker": "SLV",
      "tier": "C",
      "universe_scope": "active_internal_universe"
    },
    {
      "card_path": "tmp/ticker-intelligence-cards/SMCI.current.json",
      "decision_tier_row": true,
      "production_answer_path_member": false,
      "repair_scope": "production_expected_context",
      "stale_reasons": [
        {
          "detail": "Ticker not present in current deployment-readiness surface groups",
          "family": "deployment_readiness_surface",
          "severity": "context",
          "status": "missing"
        }
      ],
      "thin_monitor_row": false,
      "ticker": "SMCI",
      "tier": "B",
      "universe_scope": "active_internal_universe"
    },
    {
      "card_path": "tmp/ticker-intelligence-cards/SNOW.current.json",
      "decision_tier_row": false,
      "production_answer_path_member": false,
      "repair_scope": "thin_monitor_expected_context",
      "stale_reasons": [
        "stale:catalyst_earnings_state",
        "stale:deployment_readiness",
        "stale:price_band_stop",
        "stale:recommendation_support",
        "stale:technical_posture"
      ],
      "thin_monitor_row": true,
      "ticker": "SNOW",
      "tier": "C",
      "universe_scope": "review_100_monitor"
    },
    {
      "card_path": "tmp/ticker-intelligence-cards/SO.current.json",
      "decision_tier_row": false,
      "production_answer_path_member": false,
      "repair_scope": "thin_monitor_expected_context",
      "stale_reasons": [
        "stale:catalyst_earnings_state",
        "stale:deployment_readiness",
        "stale:price_band_stop",
        "stale:recommendation_support",
        "stale:technical_posture"
      ],
      "thin_monitor_row": true,
      "ticker": "SO",
      "tier": "C",
      "universe_scope": "review_100_monitor"
    },
    {
      "card_path": "tmp/ticker-intelligence-cards/STLD.current.json",
      "decision_tier_row": false,
      "production_answer_path_member": false,
      "repair_scope": "thin_monitor_expected_context",
      "stale_reasons": [
        "stale:catalyst_earnings_state",
        "stale:deployment_readiness",
        "stale:price_band_stop",
        "stale:recommendation_support",
        "stale:technical_posture"
      ],
      "thin_monitor_row": true,
      "ticker": "STLD",
      "tier": "C",
      "universe_scope": "review_100_monitor"
    },
    {
      "card_path": "tmp/ticker-intelligence-cards/SYK.current.json",
      "decision_tier_row": false,
      "production_answer_path_member": false,
      "repair_scope": "thin_monitor_expected_context",
      "stale_reasons": [
        "stale:catalyst_earnings_state",
        "stale:deployment_readiness",
        "stale:price_band_stop",
        "stale:recommendation_support",
        "stale:technical_posture"
      ],
      "thin_monitor_row": true,
      "ticker": "SYK",
      "tier": "C",
      "universe_scope": "review_100_monitor"
    },
    {
      "card_path": "tmp/ticker-intelligence-cards/T.current.json",
      "decision_tier_row": false,
      "production_answer_path_member": false,
      "repair_scope": "thin_monitor_expected_context",
      "stale_reasons": [
        "price_band_stop",
        "stale:catalyst_earnings_state",
        "stale:deployment_readiness",
        "stale:price_band_stop",
        "stale:recommendation_support",
        "stale:technical_posture"
      ],
      "thin_monitor_row": true,
      "ticker": "T",
      "tier": "C",
      "universe_scope": "review_100_monitor"
    },
    {
      "card_path": "tmp/ticker-intelligence-cards/TDG.current.json",
      "decision_tier_row": false,
      "production_answer_path_member": false,
      "repair_scope": "thin_monitor_expected_context",
      "stale_reasons": [
        "stale:catalyst_earnings_state",
        "stale:deployment_readiness",
        "stale:price_band_stop",
        "stale:recommendation_support",
        "stale:technical_posture"
      ],
      "thin_monitor_row": true,
      "ticker": "TDG",
      "tier": "C",
      "universe_scope": "review_100_monitor"
    },
    {
      "card_path": "tmp/ticker-intelligence-cards/TKO.current.json",
      "decision_tier_row": false,
      "production_answer_path_member": false,
      "repair_scope": "thin_monitor_expected_context",
      "stale_reasons": [
        "stale:catalyst_earnings_state",
        "stale:deployment_readiness",
        "stale:price_band_stop",
        "stale:recommendation_support",
        "stale:technical_posture"
      ],
      "thin_monitor_row": true,
      "ticker": "TKO",
      "tier": "C",
      "universe_scope": "review_100_monitor"
    },
    {
      "card_path": "tmp/ticker-intelligence-cards/TLT.current.json",
      "decision_tier_row": false,
      "production_answer_path_member": false,
      "repair_scope": "production_expected_context",
      "stale_reasons": [
        {
          "detail": "Ticker not present in current deployment-readiness surface groups",
          "family": "deployment_readiness_surface",
          "severity": "context",
          "status": "missing"
        }
      ],
      "thin_monitor_row": false,
      "ticker": "TLT",
      "tier": "C",
      "universe_scope": "active_internal_universe"
    },
    {
      "card_path": "tmp/ticker-intelligence-cards/TMO.current.json",
      "decision_tier_row": false,
      "production_answer_path_member": false,
      "repair_scope": "thin_monitor_expected_context",
      "stale_reasons": [
        "stale:catalyst_earnings_state",
        "stale:deployment_readiness",
        "stale:price_band_stop",
        "stale:recommendation_support",
        "stale:technical_posture"
      ],
      "thin_monitor_row": true,
      "ticker": "TMO",
      "tier": "C",
      "universe_scope": "review_100_monitor"
    },
    {
      "card_path": "tmp/ticker-intelligence-cards/TMUS.current.json",
      "decision_tier_row": true,
      "production_answer_path_member": false,
      "repair_scope": "production_expected_context",
      "stale_reasons": [
        {
          "detail": "Ticker not present in current deployment-readiness surface groups",
          "family": "deployment_readiness_surface",
          "severity": "context",
          "status": "missing"
        }
      ],
      "thin_monitor_row": false,
      "ticker": "TMUS",
      "tier": "B",
      "universe_scope": "active_internal_universe"
    },
    {
      "card_path": "tmp/ticker-intelligence-cards/TPL.current.json",
      "decision_tier_row": false,
      "production_answer_path_member": false,
      "repair_scope": "thin_monitor_expected_context",
      "stale_reasons": [
        "stale:catalyst_earnings_state",
        "stale:deployment_readiness",
        "stale:price_band_stop",
        "stale:recommendation_support",
        "stale:technical_posture"
      ],
      "thin_monitor_row": true,
      "ticker": "TPL",
      "tier": "C",
      "universe_scope": "review_100_monitor"
    },
    {
      "card_path": "tmp/ticker-intelligence-cards/TRGP.current.json",
      "decision_tier_row": false,
      "production_answer_path_member": false,
      "repair_scope": "thin_monitor_expected_context",
      "stale_reasons": [
        "stale:catalyst_earnings_state",
        "stale:deployment_readiness",
        "stale:price_band_stop",
        "stale:recommendation_support",
        "stale:technical_posture"
      ],
      "thin_monitor_row": true,
      "ticker": "TRGP",
      "tier": "C",
      "universe_scope": "review_100_monitor"
    },
    {
      "card_path": "tmp/ticker-intelligence-cards/TSM.current.json",
      "decision_tier_row": false,
      "production_answer_path_member": false,
      "repair_scope": "thin_monitor_expected_context",
      "stale_reasons": [
        "stale:catalyst_earnings_state",
        "stale:deployment_readiness",
        "stale:price_band_stop",
        "stale:recommendation_support",
        "stale:technical_posture"
      ],
      "thin_monitor_row": true,
      "ticker": "TSM",
      "tier": "C",
      "universe_scope": "review_100_monitor"
    },
    {
      "card_path": "tmp/ticker-intelligence-cards/TTD.current.json",
      "decision_tier_row": false,
      "production_answer_path_member": false,
      "repair_scope": "thin_monitor_expected_context",
      "stale_reasons": [
        "stale:catalyst_earnings_state",
        "stale:deployment_readiness",
        "stale:price_band_stop",
        "stale:recommendation_support",
        "stale:technical_posture"
      ],
      "thin_monitor_row": true,
      "ticker": "TTD",
      "tier": "C",
      "universe_scope": "review_100_monitor"
    },
    {
      "card_path": "tmp/ticker-intelligence-cards/TTWO.current.json",
      "decision_tier_row": false,
      "production_answer_path_member": false,
      "repair_scope": "thin_monitor_expected_context",
      "stale_reasons": [
        "stale:catalyst_earnings_state",
        "stale:deployment_readiness",
        "stale:price_band_stop",
        "stale:recommendation_support",
        "stale:technical_posture"
      ],
      "thin_monitor_row": true,
      "ticker": "TTWO",
      "tier": "C",
      "universe_scope": "review_100_monitor"
    },
    {
      "card_path": "tmp/ticker-intelligence-cards/TXN.current.json",
      "decision_tier_row": false,
      "production_answer_path_member": false,
      "repair_scope": "thin_monitor_expected_context",
      "stale_reasons": [
        "stale:catalyst_earnings_state",
        "stale:deployment_readiness",
        "stale:price_band_stop",
        "stale:recommendation_support",
        "stale:technical_posture"
      ],
      "thin_monitor_row": true,
      "ticker": "TXN",
      "tier": "C",
      "universe_scope": "review_100_monitor"
    },
    {
      "card_path": "tmp/ticker-intelligence-cards/UBER.current.json",
      "decision_tier_row": false,
      "production_answer_path_member": false,
      "repair_scope": "thin_monitor_expected_context",
      "stale_reasons": [
        "stale:catalyst_earnings_state",
        "stale:deployment_readiness",
        "stale:price_band_stop",
        "stale:recommendation_support",
        "stale:technical_posture"
      ],
      "thin_monitor_row": true,
      "ticker": "UBER",
      "tier": "C",
      "universe_scope": "review_100_monitor"
    },
    {
      "card_path": "tmp/ticker-intelligence-cards/UNH.current.json",
      "decision_tier_row": false,
      "production_answer_path_member": false,
      "repair_scope": "thin_monitor_expected_context",
      "stale_reasons": [
        "stale:catalyst_earnings_state",
        "stale:deployment_readiness",
        "stale:price_band_stop",
        "stale:recommendation_support",
        "stale:technical_posture"
      ],
      "thin_monitor_row": true,
      "ticker": "UNH",
      "tier": "C",
      "universe_scope": "review_100_monitor"
    },
    {
      "card_path": "tmp/ticker-intelligence-cards/UNP.current.json",
      "decision_tier_row": false,
      "production_answer_path_member": false,
      "repair_scope": "thin_monitor_expected_context",
      "stale_reasons": [
        "stale:catalyst_earnings_state",
        "stale:deployment_readiness",
        "stale:price_band_stop",
        "stale:recommendation_support",
        "stale:technical_posture"
      ],
      "thin_monitor_row": true,
      "ticker": "UNP",
      "tier": "C",
      "universe_scope": "review_100_monitor"
    },
    {
      "card_path": "tmp/ticker-intelligence-cards/URI.current.json",
      "decision_tier_row": false,
      "production_answer_path_member": false,
      "repair_scope": "thin_monitor_expected_context",
      "stale_reasons": [
        "stale:catalyst_earnings_state",
        "stale:deployment_readiness",
        "stale:price_band_stop",
        "stale:recommendation_support",
        "stale:technical_posture"
      ],
      "thin_monitor_row": true,
      "ticker": "URI",
      "tier": "C",
      "universe_scope": "review_100_monitor"
    },
    {
      "card_path": "tmp/ticker-intelligence-cards/V.current.json",
      "decision_tier_row": false,
      "production_answer_path_member": false,
      "repair_scope": "thin_monitor_expected_context",
      "stale_reasons": [
        "stale:catalyst_earnings_state",
        "stale:deployment_readiness",
        "stale:price_band_stop",
        "stale:recommendation_support",
        "stale:technical_posture"
      ],
      "thin_monitor_row": true,
      "ticker": "V",
      "tier": "C",
      "universe_scope": "review_100_monitor"
    },
    {
      "card_path": "tmp/ticker-intelligence-cards/VAW.current.json",
      "decision_tier_row": false,
      "production_answer_path_member": false,
      "repair_scope": "production_expected_context",
      "stale_reasons": [
        {
          "detail": "Ticker not present in current deployment-readiness surface groups",
          "family": "deployment_readiness_surface",
          "severity": "context",
          "status": "missing"
        }
      ],
      "thin_monitor_row": false,
      "ticker": "VAW",
      "tier": "C",
      "universe_scope": "active_internal_universe"
    },
    {
      "card_path": "tmp/ticker-intelligence-cards/VLO.current.json",
      "decision_tier_row": false,
      "production_answer_path_member": false,
      "repair_scope": "thin_monitor_expected_context",
      "stale_reasons": [
        "stale:catalyst_earnings_state",
        "stale:deployment_readiness",
        "stale:price_band_stop",
        "stale:recommendation_support",
        "stale:technical_posture"
      ],
      "thin_monitor_row": true,
      "ticker": "VLO",
      "tier": "C",
      "universe_scope": "review_100_monitor"
    },
    {
      "card_path": "tmp/ticker-intelligence-cards/VMC.current.json",
      "decision_tier_row": true,
      "production_answer_path_member": false,
      "repair_scope": "production_expected_context",
      "stale_reasons": [
        {
          "detail": "Ticker not present in current deployment-readiness surface groups",
          "family": "deployment_readiness_surface",
          "severity": "context",
          "status": "missing"
        }
      ],
      "thin_monitor_row": false,
      "ticker": "VMC",
      "tier": "B",
      "universe_scope": "active_internal_universe"
    },
    {
      "card_path": "tmp/ticker-intelligence-cards/VXUS.current.json",
      "decision_tier_row": false,
      "production_answer_path_member": false,
      "repair_scope": "production_expected_context",
      "stale_reasons": [
        {
          "detail": "Ticker not present in current deployment-readiness surface groups",
          "family": "deployment_readiness_surface",
          "severity": "context",
          "status": "missing"
        }
      ],
      "thin_monitor_row": false,
      "ticker": "VXUS",
      "tier": "C",
      "universe_scope": "active_internal_universe"
    },
    {
      "card_path": "tmp/ticker-intelligence-cards/VZ.current.json",
      "decision_tier_row": false,
      "production_answer_path_member": false,
      "repair_scope": "thin_monitor_expected_context",
      "stale_reasons": [
        "price_band_stop",
        "stale:catalyst_earnings_state",
        "stale:deployment_readiness",
        "stale:price_band_stop",
        "stale:recommendation_support",
        "stale:technical_posture"
      ],
      "thin_monitor_row": true,
      "ticker": "VZ",
      "tier": "C",
      "universe_scope": "review_100_monitor"
    },
    {
      "card_path": "tmp/ticker-intelligence-cards/WMB.current.json",
      "decision_tier_row": true,
      "production_answer_path_member": false,
      "repair_scope": "production_expected_context",
      "stale_reasons": [
        {
          "detail": "Ticker not present in current deployment-readiness surface groups",
          "family": "deployment_readiness_surface",
          "severity": "context",
          "status": "missing"
        }
      ],
      "thin_monitor_row": false,
      "ticker": "WMB",
      "tier": "B",
      "universe_scope": "active_internal_universe"
    },
    {
      "card_path": "tmp/ticker-intelligence-cards/WMT.current.json",
      "decision_tier_row": false,
      "production_answer_path_member": false,
      "repair_scope": "thin_monitor_expected_context",
      "stale_reasons": [
        "stale:catalyst_earnings_state",
        "stale:deployment_readiness",
        "stale:price_band_stop",
        "stale:recommendation_support",
        "stale:technical_posture"
      ],
      "thin_monitor_row": true,
      "ticker": "WMT",
      "tier": "C",
      "universe_scope": "review_100_monitor"
    },
    {
      "card_path": "tmp/ticker-intelligence-cards/XLC.current.json",
      "decision_tier_row": false,
      "production_answer_path_member": false,
      "repair_scope": "production_expected_context",
      "stale_reasons": [
        {
          "detail": "Ticker not present in current deployment-readiness surface groups",
          "family": "deployment_readiness_surface",
          "severity": "context",
          "status": "missing"
        }
      ],
      "thin_monitor_row": false,
      "ticker": "XLC",
      "tier": "C",
      "universe_scope": "active_internal_universe"
    },
    {
      "card_path": "tmp/ticker-intelligence-cards/XLE.current.json",
      "decision_tier_row": false,
      "production_answer_path_member": false,
      "repair_scope": "production_expected_context",
      "stale_reasons": [
        {
          "detail": "Ticker not present in current deployment-readiness surface groups",
          "family": "deployment_readiness_surface",
          "severity": "context",
          "status": "missing"
        }
      ],
      "thin_monitor_row": false,
      "ticker": "XLE",
      "tier": "C",
      "universe_scope": "active_internal_universe"
    },
    {
      "card_path": "tmp/ticker-intelligence-cards/XLF.current.json",
      "decision_tier_row": false,
      "production_answer_path_member": false,
      "repair_scope": "production_expected_context",
      "stale_reasons": [
        {
          "detail": "Ticker not present in current deployment-readiness surface groups",
          "family": "deployment_readiness_surface",
          "severity": "context",
          "status": "missing"
        }
      ],
      "thin_monitor_row": false,
      "ticker": "XLF",
      "tier": "C",
      "universe_scope": "active_internal_universe"
    },
    {
      "card_path": "tmp/ticker-intelligence-cards/XLI.current.json",
      "decision_tier_row": false,
      "production_answer_path_member": false,
      "repair_scope": "production_expected_context",
      "stale_reasons": [
        {
          "detail": "Ticker not present in current deployment-readiness surface groups",
          "family": "deployment_readiness_surface",
          "severity": "context",
          "status": "missing"
        }
      ],
      "thin_monitor_row": false,
      "ticker": "XLI",
      "tier": "C",
      "universe_scope": "active_internal_universe"
    }
  ],
  "review_scope": "ticker_card_refresh_gate",
  "schema_version": 1,
  "status": "ok_with_expected_context",
  "summary": {
    "card_price_drift": {
      "drift_rows": [
        {
          "card_generated_at_utc": "2026-08-28T14:34:30Z",
          "card_latest_known_price": 202.56,
          "card_path": "tmp/ticker-intelligence-cards/BKNG.current.json",
          "fresh_latest_close": 203.63,
          "fresh_minus_card_price": 1.07,
          "price_data_date": "2026-08-28",
          "price_source": "tmp/technical-refresh.json",
          "production_answer_path_member": true,
          "repair_scope": "production_card_price_drift",
          "ticker": "BKNG",
          "tier": "B"
        },
        {
          "card_generated_at_utc": "2026-08-28T14:34:30Z",
          "card_latest_known_price": 503.7,
          "card_path": "tmp/ticker-intelligence-cards/BRK.B.current.json",
          "fresh_latest_close": 503.39,
          "fresh_minus_card_price": -0.31,
          "price_data_date": "2026-08-28",
          "price_source": "tmp/technical-refresh.json",
          "production_answer_path_member": true,
          "repair_scope": "production_card_price_drift",
          "ticker": "BRK.B",
          "tier": "A"
        },
        {
          "card_generated_at_utc": "2026-08-28T14:34:30Z",
          "card_latest_known_price": 280.94,
          "card_path": "tmp/ticker-intelligence-cards/CME.current.json",
          "fresh_latest_close": 281.86,
          "fresh_minus_card_price": 0.92,
          "price_data_date": "2026-08-28",
          "price_source": "tmp/technical-refresh.json",
          "production_answer_path_member": true,
          "repair_scope": "production_card_price_drift",
          "ticker": "CME",
          "tier": "A"
        },
        {
          "card_generated_at_utc": "2026-08-28T14:34:30Z",
          "card_latest_known_price": 199.77,
          "card_path": "tmp/ticker-intelligence-cards/CVX.current.json",
          "fresh_latest_close": 200.86,
          "fresh_minus_card_price": 1.09,
          "price_data_date": "2026-08-28",
          "price_source": "tmp/technical-refresh.json",
          "production_answer_path_member": true,
          "repair_scope": "production_card_price_drift",
          "ticker": "CVX",
          "tier": "B"
        },
        {
          "card_generated_at_utc": "2026-08-28T14:34:30Z",
          "card_latest_known_price": 285.91,
          "card_path": "tmp/ticker-intelligence-cards/ECL.current.json",
          "fresh_latest_close": 286.77,
          "fresh_minus_card_price": 0.86,
          "price_data_date": "2026-08-28",
          "price_source": "tmp/technical-refresh.json",
          "production_answer_path_member": true,
          "repair_scope": "production_card_price_drift",
          "ticker": "ECL",
          "tier": "B"
        },
        {
          "card_generated_at_utc": "2026-08-28T14:34:30Z",
          "card_latest_known_price": 337.71,
          "card_path": "tmp/ticker-intelligence-cards/GOOG.current.json",
          "fresh_latest_close": 339.51,
          "fresh_minus_card_price": 1.8,
          "price_data_date": "2026-08-28",
          "price_source": "tmp/technical-refresh.json",
          "production_answer_path_member": true,
          "repair_scope": "production_card_price_drift",
          "ticker": "GOOG",
          "tier": "A"
        },
        {
          "card_generated_at_utc": "2026-08-28T14:34:30Z",
          "card_latest_known_price": 354.22,
          "card_path": "tmp/ticker-intelligence-cards/JPM.current.json",
          "fresh_latest_close": 354.79,
          "fresh_minus_card_price": 0.57,
          "price_data_date": "2026-08-28",
          "price_source": "tmp/technical-refresh.json",
          "production_answer_path_member": true,
          "repair_scope": "production_card_price_drift",
          "ticker": "JPM",
          "tier": "A"
        },
        {
          "card_generated_at_utc": "2026-08-28T14:34:30Z",
          "card_latest_known_price": 485.35,
          "card_path": "tmp/ticker-intelligence-cards/LIN.current.json",
          "fresh_latest_close": 488.12,
          "fresh_minus_card_price": 2.77,
          "price_data_date": "2026-08-28",
          "price_source": "tmp/technical-refresh.json",
          "production_answer_path_member": true,
          "repair_scope": "production_card_price_drift",
          "ticker": "LIN",
          "tier": "A"
        },
        {
          "card_generated_at_utc": "2026-08-28T14:34:30Z",
          "card_latest_known_price": 1176.1,
          "card_path": "tmp/ticker-intelligence-cards/LLY.current.json",
          "fresh_latest_close": 1168.8,
          "fresh_minus_card_price": -7.3,
          "price_data_date": "2026-08-28",
          "price_source": "tmp/technical-refresh.json",
          "production_answer_path_member": true,
          "repair_scope": "production_card_price_drift",
          "ticker": "LLY",
          "tier": "B"
        },
        {
          "card_generated_at_utc": "2026-08-28T14:34:30Z",
          "card_latest_known_price": 571.1,
          "card_path": "tmp/ticker-intelligence-cards/META.current.json",
          "fresh_latest_close": 581.99,
          "fresh_minus_card_price": 10.89,
          "price_data_date": "2026-08-28",
          "price_source": "tmp/technical-refresh.json",
          "production_answer_path_member": true,
          "repair_scope": "production_card_price_drift",
          "ticker": "META",
          "tier": "A"
        },
        {
          "card_generated_at_utc": "2026-08-28T14:34:30Z",
          "card_latest_known_price": 227.98,
          "card_path": "tmp/ticker-intelligence-cards/NVDA.current.json",
          "fresh_latest_close": 227.23,
          "fresh_minus_card_price": -0.75,
          "price_data_date": "2026-08-28",
          "price_source": "tmp/technical-refresh.json",
          "production_answer_path_member": true,
          "repair_scope": "production_card_price_drift",
          "ticker": "NVDA",
          "tier": "A"
        },
        {
          "card_generated_at_utc": "2026-08-28T14:34:31Z",
          "card_latest_known_price": 185.93,
          "card_path": "tmp/ticker-intelligence-cards/PLTR.current.json",
          "fresh_latest_close": 186.85,
          "fresh_minus_card_price": 0.92,
          "price_data_date": "2026-08-28",
          "price_source": "tmp/technical-refresh.json",
          "production_answer_path_member": true,
          "repair_scope": "production_card_price_drift",
          "ticker": "PLTR",
          "tier": "B"
        },
        {
          "card_generated_at_utc": "2026-08-28T14:34:31Z",
          "card_latest_known_price": 269.28,
          "card_path": "tmp/ticker-intelligence-cards/VRT.current.json",
          "fresh_latest_close": 267.68,
          "fresh_minus_card_price": -1.6,
          "price_data_date": "2026-08-28",
          "price_source": "tmp/technical-refresh.json",
          "production_answer_path_member": true,
          "repair_scope": "production_card_price_drift",
          "ticker": "VRT",
          "tier": "A"
        }
      ],
      "drift_tolerance": 0.02,
      "production_price_drift_count": 13,
      "source": "data\\market\\price-snapshots\\wf77-price-state-current.json",
      "status": "warning"
    },
    "card_rollup": {
      "approval_ready_card_count": 8,
      "card_build_complete_count": 300,
      "card_count": 300,
      "cards_with_missing_or_stale": 244,
      "decision_ready_card_count": 8,
      "missing_or_stale_total": 245,
      "readiness_semantics": {
        "card_build_complete_count": "cards rebuilt into local evidence-cache artifacts",
        "decision_ready_card_count": "approval-support-ready cards only; does not imply owner approval"
      },
      "recommendation_support_counts": {
        "approval-ready paper starter if fresh in band": 13,
        "no chase": 120,
        "promotion review": 4,
        "watch only": 163
      },
      "status": "ok",
      "top_gap_examples": [
        {
          "card_path": "tmp\\ticker-intelligence-cards\\A.current.json",
          "missing_or_stale": [],
          "missing_or_stale_count": 1,
          "ticker": "A"
        },
        {
          "card_path": "tmp\\ticker-intelligence-cards\\ABBV.current.json",
          "missing_or_stale": [],
          "missing_or_stale_count": 1,
          "ticker": "ABBV"
        },
        {
          "card_path": "tmp\\ticker-intelligence-cards\\ABNB.current.json",
          "missing_or_stale": [],
          "missing_or_stale_count": 1,
          "ticker": "ABNB"
        },
        {
          "card_path": "tmp\\ticker-intelligence-cards\\ABT.current.json",
          "missing_or_stale": [],
          "missing_or_stale_count": 1,
          "ticker": "ABT"
        },
        {
          "card_path": "tmp\\ticker-intelligence-cards\\ACGL.current.json",
          "missing_or_stale": [],
          "missing_or_stale_count": 1,
          "ticker": "ACGL"
        },
        {
          "card_path": "tmp\\ticker-intelligence-cards\\ADBE.current.json",
          "missing_or_stale": [],
          "missing_or_stale_count": 1,
          "ticker": "ADBE"
        },
        {
          "card_path": "tmp\\ticker-intelligence-cards\\ADM.current.json",
          "missing_or_stale": [],
          "missing_or_stale_count": 1,
          "ticker": "ADM"
        },
        {
          "card_path": "tmp\\ticker-intelligence-cards\\AEE.current.json",
          "missing_or_stale": [],
          "missing_or_stale_count": 1,
          "ticker": "AEE"
        },
        {
          "card_path": "tmp\\ticker-intelligence-cards\\AEP.current.json",
          "missing_or_stale": [],
          "missing_or_stale_count": 1,
          "ticker": "AEP"
        },
        {
          "card_path": "tmp\\ticker-intelligence-cards\\AES.current.json",
          "missing_or_stale": [],
          "missing_or_stale_count": 1,
          "ticker": "AES"
        },
        {
          "card_path": "tmp\\ticker-intelligence-cards\\AFL.current.json",
          "missing_or_stale": [],
          "missing_or_stale_count": 1,
          "ticker": "AFL"
        },
        {
          "card_path": "tmp\\ticker-intelligence-cards\\AIG.current.json",
          "missing_or_stale": [],
          "missing_or_stale_count": 1,
          "ticker": "AIG"
        },
        {
          "card_path": "tmp\\ticker-intelligence-cards\\AIZ.current.json",
          "missing_or_stale": [],
          "missing_or_stale_count": 1,
          "ticker": "AIZ"
        },
        {
          "card_path": "tmp\\ticker-intelligence-cards\\ALGN.current.json",
          "missing_or_stale": [],
          "missing_or_stale_count": 1,
          "ticker": "ALGN"
        },
        {
          "card_path": "tmp\\ticker-intelligence-cards\\ALL.current.json",
          "missing_or_stale": [],
          "missing_or_stale_count": 1,
          "ticker": "ALL"
        },
        {
          "card_path": "tmp\\ticker-intelligence-cards\\AMD.current.json",
          "missing_or_stale": [],
          "missing_or_stale_count": 1,
          "ticker": "AMD"
        },
        {
          "card_path": "tmp\\ticker-intelligence-cards\\AMGN.current.json",
          "missing_or_stale": [],
          "missing_or_stale_count": 1,
          "ticker": "AMGN"
        },
        {
          "card_path": "tmp\\ticker-intelligence-cards\\AMP.current.json",
          "missing_or_stale": [],
          "missing_or_stale_count": 1,
          "ticker": "AMP"
        },
        {
          "card_path": "tmp\\ticker-intelligence-cards\\AMT.current.json",
          "missing_or_stale": [],
          "missing_or_stale_count": 1,
          "ticker": "AMT"
        },
        {
          "card_path": "tmp\\ticker-intelligence-cards\\AMZN.current.json",
          "missing_or_stale": [],
          "missing_or_stale_count": 2,
          "ticker": "AMZN"
        },
        {
          "card_path": "tmp\\ticker-intelligence-cards\\APA.current.json",
          "missing_or_stale": [],
          "missing_or_stale_count": 1,
          "ticker": "APA"
        },
        {
          "card_path": "tmp\\ticker-intelligence-cards\\APO.current.json",
          "missing_or_stale": [],
          "missing_or_stale_count": 1,
          "ticker": "APO"
        },
        {
          "card_path": "tmp\\ticker-intelligence-cards\\APTV.current.json",
          "missing_or_stale": [],
          "missing_or_stale_count": 1,
          "ticker": "APTV"
        },
        {
          "card_path": "tmp\\ticker-intelligence-cards\\ARE.current.json",
          "missing_or_stale": [],
          "missing_or_stale_count": 1,
          "ticker": "ARE"
        },
        {
          "card_path": "tmp\\ticker-intelligence-cards\\ARES.current.json",
          "missing_or_stale": [],
          "missing_or_stale_count": 1,
          "ticker": "ARES"
        }
      ]
    },
    "command_count": 7,
    "coverage_status": "ok_with_explicit_gaps",
    "earnings_rollforward_guard": {
      "reconciliation_command_count": 0,
      "reconciliation_triggered": false,
      "source": "tmp\\earnings-rollforward-guard.json",
      "status": "ok",
      "summary": {
        "catch_up_required_count": 0,
        "critical_finding_count": 0,
        "current_count": 7,
        "discovery_error_count": 0,
        "manual_reconciliation_pending_count": 0,
        "manual_required_count": 0,
        "source_verified_pending_reconciliation_count": 0,
        "tracked_ticker_count": 7,
        "unresolved_count": 0,
        "updated_review_only_count": 0
      }
    },
    "expected_card_count": 300,
    "failed_command_count": 0,
    "full_answer_rebuild": {
      "command_run": false,
      "mode": "never",
      "previous_source_digest": "9ffacb349aef78b671af42957996c6f914469ac88956907c641a87245325784e",
      "run_reason": null,
      "skip_reason": "full_answer_mode_never",
      "source_digest": "c66b48f712dc33274cd50b43aa2af0b69d2d8fe1bf02f95d66e7dc49fbe50d3f",
      "source_digest_changed": true
    },
    "price_bridge": {
      "authority": null,
      "fresh_count": null,
      "freshness_status": null,
      "stale_count": null,
      "status": "ok",
      "tickers_checked": null
    },
    "sql_canon_scope": {
      "access_validation_status": "ok",
      "authority_boundary": {
        "capital_deployment_allowed": false,
        "db_mutation_allowed": false,
        "owner_approval_inferred": false,
        "paper_or_live_execution_allowed": false,
        "read_only_access_layer": true
      },
      "base_scope_count": 300,
      "decision_tier_non_production_count": 18,
      "decision_tier_non_production_tickers": [
        "AMD",
        "AMZN",
        "CAT",
        "ETN",
        "GE",
        "GS",
        "ITA",
        "KTOS",
        "LMT",
        "LNG",
        "MSFT",
        "NFLX",
        "PH",
        "RTX",
        "SMCI",
        "TMUS",
        "VMC",
        "WMB"
      ],
      "effective_production_answer_count": 14,
      "legacy_42_count_advisory_only": true,
      "legacy_42_retired_from_blocking": true,
      "legacy_production_answer_count": 0,
      "missing_from_base_scope": [],
      "missing_from_sql": [],
      "production_answer_count": 14,
      "registry_summary": {
        "answer_path_non_p0_consumers": [],
        "answer_path_non_p0_count": 0,
        "cutover_state_counts": {
          "not_cut_over": 116,
          "source_producer": 389,
          "sql_primary_guarded": 179
        },
        "lane_counts": {
          "answer_path_parity_lane": 21,
          "cron_pm_governance_lane": 14,
          "pm_cockpit_lane": 2,
          "source_loader_lane": 436,
          "test_parity_lane": 203,
          "typed_access_guard_lane": 3,
          "wf78_wf77_routing_lane": 5
        },
        "p0_answer_path_lane_count": 21,
        "p0_answer_path_lane_status": {
          "answer_path_lane_count": 21,
          "answer_path_non_p0_consumers": [],
          "answer_path_non_p0_count": 0,
          "errors": [],
          "ok": true,
          "p0_answer_path_lane_count": 21,
          "p0_count": 21,
          "p0_non_answer_path_consumers": [],
          "p0_non_answer_path_count": 0
        },
        "p0_non_answer_path_consumers": [],
        "p0_non_answer_path_count": 0,
        "priority_counts": {
          "P0": 21,
          "P1": 459,
          "P2": 204
        }
      },
      "schema": "veritas.finance_ticker_card_refresh_gate.sql_canon_scope.v1",
      "scope_diff": {
        "extra_in_sql_production": [],
        "legacy_base_scope_retired_from_blocking": true,
        "missing_from_sql_production": []
      },
      "sql_canon_db": "state\\finance\\finance-canon.sqlite",
      "status": "ok",
      "typed_access_layer": "scripts/finance_sql_canon_access.py",
      "validation": {
        "errors": [],
        "status": "ok",
        "warnings": []
      }
    },
    "stale_rollup": {
      "fresh_quote_required_context_count": 0,
      "production_expected_context_count": 27,
      "production_repair_count": 0,
      "repair_queue": [
        {
          "card_path": "tmp/ticker-intelligence-cards/A.current.json",
          "decision_tier_row": false,
          "production_answer_path_member": false,
          "repair_scope": "thin_monitor_expected_context",
          "stale_reasons": [
            "stale:catalyst_earnings_state",
            "stale:deployment_readiness",
            "stale:price_band_stop",
            "stale:recommendation_support",
            "stale:technical_posture"
          ],
          "thin_monitor_row": true,
          "ticker": "A",
          "tier": "C",
          "universe_scope": "review_100_monitor"
        },
        {
          "card_path": "tmp/ticker-intelligence-cards/AAPL.current.json",
          "decision_tier_row": false,
          "production_answer_path_member": false,
          "repair_scope": "thin_monitor_expected_context",
          "stale_reasons": [
            "stale:catalyst_earnings_state",
            "stale:deployment_readiness",
            "stale:price_band_stop",
            "stale:recommendation_support",
            "stale:technical_posture"
          ],
          "thin_monitor_row": true,
          "ticker": "AAPL",
          "tier": "C",
          "universe_scope": "review_100_monitor"
        },
        {
          "card_path": "tmp/ticker-intelligence-cards/ABBV.current.json",
          "decision_tier_row": false,
          "production_answer_path_member": false,
          "repair_scope": "thin_monitor_expected_context",
          "stale_reasons": [
            "stale:catalyst_earnings_state",
            "stale:deployment_readiness",
            "stale:price_band_stop",
            "stale:recommendation_support",
            "stale:technical_posture"
          ],
          "thin_monitor_row": true,
          "ticker": "ABBV",
          "tier": "C",
          "universe_scope": "review_100_monitor"
        },
        {
          "card_path": "tmp/ticker-intelligence-cards/ABNB.current.json",
          "decision_tier_row": false,
          "production_answer_path_member": false,
          "repair_scope": "thin_monitor_expected_context",
          "stale_reasons": [
            "stale:catalyst_earnings_state",
            "stale:deployment_readiness",
            "stale:price_band_stop",
            "stale:recommendation_support",
            "stale:technical_posture"
          ],
          "thin_monitor_row": true,
          "ticker": "ABNB",
          "tier": "C",
          "universe_scope": "review_100_monitor"
        },
        {
          "card_path": "tmp/ticker-intelligence-cards/ABT.current.json",
          "decision_tier_row": false,
          "production_answer_path_member": false,
          "repair_scope": "thin_monitor_expected_context",
          "stale_reasons": [
            "stale:catalyst_earnings_state",
            "stale:deployment_readiness",
            "stale:price_band_stop",
            "stale:recommendation_support",
            "stale:technical_posture"
          ],
          "thin_monitor_row": true,
          "ticker": "ABT",
          "tier": "C",
          "universe_scope": "review_100_monitor"
        },
        {
          "card_path": "tmp/ticker-intelligence-cards/ACGL.current.json",
          "decision_tier_row": false,
          "production_answer_path_member": false,
          "repair_scope": "thin_monitor_expected_context",
          "stale_reasons": [
            "stale:catalyst_earnings_state",
            "stale:deployment_readiness",
            "stale:price_band_stop",
            "stale:recommendation_support",
            "stale:technical_posture"
          ],
          "thin_monitor_row": true,
          "ticker": "ACGL",
          "tier": "C",
          "universe_scope": "review_100_monitor"
        },
        {
          "card_path": "tmp/ticker-intelligence-cards/ACN.current.json",
          "decision_tier_row": false,
          "production_answer_path_member": false,
          "repair_scope": "thin_monitor_expected_context",
          "stale_reasons": [
            "stale:catalyst_earnings_state",
            "stale:deployment_readiness",
            "stale:price_band_stop",
            "stale:recommendation_support",
            "stale:technical_posture"
          ],
          "thin_monitor_row": true,
          "ticker": "ACN",
          "tier": "C",
          "universe_scope": "review_100_monitor"
        },
        {
          "card_path": "tmp/ticker-intelligence-cards/ADBE.current.json",
          "decision_tier_row": false,
          "production_answer_path_member": false,
          "repair_scope": "thin_monitor_expected_context",
          "stale_reasons": [
            "stale:catalyst_earnings_state",
            "stale:deployment_readiness",
            "stale:price_band_stop",
            "stale:recommendation_support",
            "stale:technical_posture"
          ],
          "thin_monitor_row": true,
          "ticker": "ADBE",
          "tier": "C",
          "universe_scope": "review_100_monitor"
        },
        {
          "card_path": "tmp/ticker-intelligence-cards/ADI.current.json",
          "decision_tier_row": false,
          "production_answer_path_member": false,
          "repair_scope": "thin_monitor_expected_context",
          "stale_reasons": [
            "stale:catalyst_earnings_state",
            "stale:deployment_readiness",
            "stale:price_band_stop",
            "stale:recommendation_support",
            "stale:technical_posture"
          ],
          "thin_monitor_row": true,
          "ticker": "ADI",
          "tier": "C",
          "universe_scope": "review_100_monitor"
        },
        {
          "card_path": "tmp/ticker-intelligence-cards/ADM.current.json",
          "decision_tier_row": false,
          "production_answer_path_member": false,
          "repair_scope": "thin_monitor_expected_context",
          "stale_reasons": [
            "stale:catalyst_earnings_state",
            "stale:deployment_readiness",
            "stale:price_band_stop",
            "stale:recommendation_support",
            "stale:technical_posture"
          ],
          "thin_monitor_row": true,
          "ticker": "ADM",
          "tier": "C",
          "universe_scope": "review_100_monitor"
        },
        {
          "card_path": "tmp/ticker-intelligence-cards/ADP.current.json",
          "decision_tier_row": false,
          "production_answer_path_member": false,
          "repair_scope": "thin_monitor_expected_context",
          "stale_reasons": [
            "stale:catalyst_earnings_state",
            "stale:deployment_readiness",
            "stale:price_band_stop",
            "stale:recommendation_support",
            "stale:technical_posture"
          ],
          "thin_monitor_row": true,
          "ticker": "ADP",
          "tier": "C",
          "universe_scope": "review_100_monitor"
        },
        {
          "card_path": "tmp/ticker-intelligence-cards/ADSK.current.json",
          "decision_tier_row": false,
          "production_answer_path_member": false,
          "repair_scope": "thin_monitor_expected_context",
          "stale_reasons": [
            "stale:catalyst_earnings_state",
            "stale:deployment_readiness",
            "stale:price_band_stop",
            "stale:recommendation_support",
            "stale:technical_posture"
          ],
          "thin_monitor_row": true,
          "ticker": "ADSK",
          "tier": "C",
          "universe_scope": "review_100_monitor"
        },
        {
          "card_path": "tmp/ticker-intelligence-cards/AEE.current.json",
          "decision_tier_row": false,
          "production_answer_path_member": false,
          "repair_scope": "thin_monitor_expected_context",
          "stale_reasons": [
            "stale:catalyst_earnings_state",
            "stale:deployment_readiness",
            "stale:price_band_stop",
            "stale:recommendation_support",
            "stale:technical_posture"
          ],
          "thin_monitor_row": true,
          "ticker": "AEE",
          "tier": "C",
          "universe_scope": "review_100_monitor"
        },
        {
          "card_path": "tmp/ticker-intelligence-cards/AEP.current.json",
          "decision_tier_row": false,
          "production_answer_path_member": false,
          "repair_scope": "thin_monitor_expected_context",
          "stale_reasons": [
            "stale:catalyst_earnings_state",
            "stale:deployment_readiness",
            "stale:price_band_stop",
            "stale:recommendation_support",
            "stale:technical_posture"
          ],
          "thin_monitor_row": true,
          "ticker": "AEP",
          "tier": "C",
          "universe_scope": "review_100_monitor"
        },
        {
          "card_path": "tmp/ticker-intelligence-cards/AES.current.json",
          "decision_tier_row": false,
          "production_answer_path_member": false,
          "repair_scope": "thin_monitor_expected_context",
          "stale_reasons": [
            "stale:catalyst_earnings_state",
            "stale:deployment_readiness",
            "stale:price_band_stop",
            "stale:recommendation_support",
            "stale:technical_posture"
          ],
          "thin_monitor_row": true,
          "ticker": "AES",
          "tier": "C",
          "universe_scope": "review_100_monitor"
        },
        {
          "card_path": "tmp/ticker-intelligence-cards/AFL.current.json",
          "decision_tier_row": false,
          "production_answer_path_member": false,
          "repair_scope": "thin_monitor_expected_context",
          "stale_reasons": [
            "stale:catalyst_earnings_state",
            "stale:deployment_readiness",
            "stale:price_band_stop",
            "stale:recommendation_support",
            "stale:technical_posture"
          ],
          "thin_monitor_row": true,
          "ticker": "AFL",
          "tier": "C",
          "universe_scope": "review_100_monitor"
        },
        {
          "card_path": "tmp/ticker-intelligence-cards/AIG.current.json",
          "decision_tier_row": false,
          "production_answer_path_member": false,
          "repair_scope": "thin_monitor_expected_context",
          "stale_reasons": [
            "stale:catalyst_earnings_state",
            "stale:deployment_readiness",
            "stale:price_band_stop",
            "stale:recommendation_support",
            "stale:technical_posture"
          ],
          "thin_monitor_row": true,
          "ticker": "AIG",
          "tier": "C",
          "universe_scope": "review_100_monitor"
        },
        {
          "card_path": "tmp/ticker-intelligence-cards/AIZ.current.json",
          "decision_tier_row": false,
          "production_answer_path_member": false,
          "repair_scope": "thin_monitor_expected_context",
          "stale_reasons": [
            "stale:catalyst_earnings_state",
            "stale:deployment_readiness",
            "stale:price_band_stop",
            "stale:recommendation_support",
            "stale:technical_posture"
          ],
          "thin_monitor_row": true,
          "ticker": "AIZ",
          "tier": "C",
          "universe_scope": "review_100_monitor"
        },
        {
          "card_path": "tmp/ticker-intelligence-cards/AJG.current.json",
          "decision_tier_row": false,
          "production_answer_path_member": false,
          "repair_scope": "thin_monitor_expected_context",
          "stale_reasons": [
            "stale:catalyst_earnings_state",
            "stale:deployment_readiness",
            "stale:price_band_stop",
            "stale:recommendation_support",
            "stale:technical_posture"
          ],
          "thin_monitor_row": true,
          "ticker": "AJG",
          "tier": "C",
          "universe_scope": "review_100_monitor"
        },
        {
          "card_path": "tmp/ticker-intelligence-cards/AKAM.current.json",
          "decision_tier_row": false,
          "production_answer_path_member": false,
          "repair_scope": "thin_monitor_expected_context",
          "stale_reasons": [
            "stale:catalyst_earnings_state",
            "stale:deployment_readiness",
            "stale:price_band_stop",
            "stale:recommendation_support",
            "stale:technical_posture"
          ],
          "thin_monitor_row": true,
          "ticker": "AKAM",
          "tier": "C",
          "universe_scope": "review_100_monitor"
        },
        {
          "card_path": "tmp/ticker-intelligence-cards/ALB.current.json",
          "decision_tier_row": false,
          "production_answer_path_member": false,
          "repair_scope": "thin_monitor_expected_context",
          "stale_reasons": [
            "stale:catalyst_earnings_state",
            "stale:deployment_readiness",
            "stale:price_band_stop",
            "stale:recommendation_support",
            "stale:technical_posture"
          ],
          "thin_monitor_row": true,
          "ticker": "ALB",
          "tier": "C",
          "universe_scope": "review_100_monitor"
        },
        {
          "card_path": "tmp/ticker-intelligence-cards/ALGN.current.json",
          "decision_tier_row": false,
          "production_answer_path_member": false,
          "repair_scope": "thin_monitor_expected_context",
          "stale_reasons": [
            "stale:catalyst_earnings_state",
            "stale:deployment_readiness",
            "stale:price_band_stop",
            "stale:recommendation_support",
            "stale:technical_posture"
          ],
          "thin_monitor_row": true,
          "ticker": "ALGN",
          "tier": "C",
          "universe_scope": "review_100_monitor"
        },
        {
          "card_path": "tmp/ticker-intelligence-cards/ALL.current.json",
          "decision_tier_row": false,
          "production_answer_path_member": false,
          "repair_scope": "thin_monitor_expected_context",
          "stale_reasons": [
            "stale:catalyst_earnings_state",
            "stale:deployment_readiness",
            "stale:price_band_stop",
            "stale:recommendation_support",
            "stale:technical_posture"
          ],
          "thin_monitor_row": true,
          "ticker": "ALL",
          "tier": "C",
          "universe_scope": "review_100_monitor"
        },
        {
          "card_path": "tmp/ticker-intelligence-cards/ALLE.current.json",
          "decision_tier_row": false,
          "production_answer_path_member": false,
          "repair_scope": "thin_monitor_expected_context",
          "stale_reasons": [
            "stale:catalyst_earnings_state",
            "stale:deployment_readiness",
            "stale:price_band_stop",
            "stale:recommendation_support",
            "stale:technical_posture"
          ],
          "thin_monitor_row": true,
          "ticker": "ALLE",
          "tier": "C",
          "universe_scope": "review_100_monitor"
        },
        {
          "card_path": "tmp/ticker-intelligence-cards/AMAT.current.json",
          "decision_tier_row": false,
          "production_answer_path_member": false,
          "repair_scope": "thin_monitor_expected_context",
          "stale_reasons": [
            "stale:catalyst_earnings_state",
            "stale:deployment_readiness",
            "stale:price_band_stop",
            "stale:recommendation_support",
            "stale:technical_posture"
          ],
          "thin_monitor_row": true,
          "ticker": "AMAT",
          "tier": "C",
          "universe_scope": "review_100_monitor"
        },
        {
          "card_path": "tmp/ticker-intelligence-cards/AMCR.current.json",
          "decision_tier_row": false,
          "production_answer_path_member": false,
          "repair_scope": "thin_monitor_expected_context",
          "stale_reasons": [
            "stale:catalyst_earnings_state",
            "stale:deployment_readiness",
            "stale:price_band_stop",
            "stale:recommendation_support",
            "stale:technical_posture"
          ],
          "thin_monitor_row": true,
          "ticker": "AMCR",
          "tier": "C",
          "universe_scope": "review_100_monitor"
        },
        {
          "card_path": "tmp/ticker-intelligence-cards/AMD.current.json",
          "decision_tier_row": true,
          "production_answer_path_member": false,
          "repair_scope": "production_expected_context",
          "stale_reasons": [
            {
              "detail": "Ticker not present in current deployment-readiness surface groups",
              "family": "deployment_readiness_surface",
              "severity": "context",
              "status": "missing"
            }
          ],
          "thin_monitor_row": false,
          "ticker": "AMD",
          "tier": "B",
          "universe_scope": "active_internal_universe"
        },
        {
          "card_path": "tmp/ticker-intelligence-cards/AME.current.json",
          "decision_tier_row": false,
          "production_answer_path_member": false,
          "repair_scope": "thin_monitor_expected_context",
          "stale_reasons": [
            "stale:catalyst_earnings_state",
            "stale:deployment_readiness",
            "stale:price_band_stop",
            "stale:recommendation_support",
            "stale:technical_posture"
          ],
          "thin_monitor_row": true,
          "ticker": "AME",
          "tier": "C",
          "universe_scope": "review_100_monitor"
        },
        {
          "card_path": "tmp/ticker-intelligence-cards/AMGN.current.json",
          "decision_tier_row": false,
          "production_answer_path_member": false,
          "repair_scope": "thin_monitor_expected_context",
          "stale_reasons": [
            "stale:catalyst_earnings_state",
            "stale:deployment_readiness",
            "stale:price_band_stop",
            "stale:recommendation_support",
            "stale:technical_posture"
          ],
          "thin_monitor_row": true,
          "ticker": "AMGN",
          "tier": "C",
          "universe_scope": "review_100_monitor"
        },
        {
          "card_path": "tmp/ticker-intelligence-cards/AMP.current.json",
          "decision_tier_row": false,
          "production_answer_path_member": false,
          "repair_scope": "thin_monitor_expected_context",
          "stale_reasons": [
            "stale:catalyst_earnings_state",
            "stale:deployment_readiness",
            "stale:price_band_stop",
            "stale:recommendation_support",
            "stale:technical_posture"
          ],
          "thin_monitor_row": true,
          "ticker": "AMP",
          "tier": "C",
          "universe_scope": "review_100_monitor"
        },
        {
          "card_path": "tmp/ticker-intelligence-cards/AMT.current.json",
          "decision_tier_row": false,
          "production_answer_path_member": false,
          "repair_scope": "thin_monitor_expected_context",
          "stale_reasons": [
            "stale:catalyst_earnings_state",
            "stale:deployment_readiness",
            "stale:price_band_stop",
            "stale:recommendation_support",
            "stale:technical_posture"
          ],
          "thin_monitor_row": true,
          "ticker": "AMT",
          "tier": "C",
          "universe_scope": "review_100_monitor"
        },
        {
          "card_path": "tmp/ticker-intelligence-cards/AMZN.current.json",
          "decision_tier_row": true,
          "production_answer_path_member": false,
          "repair_scope": "production_expected_context",
          "stale_reasons": [
            {
              "detail": "Ticker not present in current deployment-readiness surface groups",
              "family": "deployment_readiness_surface",
              "severity": "context",
              "status": "missing"
            },
            {
              "detail": "Official period 2026-06-30 is newer than normalized metrics period 2026-03-31; withheld fields remain manual/10-Q required.",
              "family": "fundamental_period_alignment",
              "severity": "context",
              "status": "newer_official_period_normalized_metrics_catch_up_required"
            }
          ],
          "thin_monitor_row": false,
          "ticker": "AMZN",
          "tier": "B",
          "universe_scope": "active_internal_universe"
        },
        {
          "card_path": "tmp/ticker-intelligence-cards/ANET.current.json",
          "decision_tier_row": false,
          "production_answer_path_member": false,
          "repair_scope": "thin_monitor_expected_context",
          "stale_reasons": [
            "stale:catalyst_earnings_state",
            "stale:deployment_readiness",
            "stale:price_band_stop",
            "stale:recommendation_support",
            "stale:technical_posture"
          ],
          "thin_monitor_row": true,
          "ticker": "ANET",
          "tier": "C",
          "universe_scope": "review_100_monitor"
        },
        {
          "card_path": "tmp/ticker-intelligence-cards/AON.current.json",
          "decision_tier_row": false,
          "production_answer_path_member": false,
          "repair_scope": "thin_monitor_expected_context",
          "stale_reasons": [
            "stale:catalyst_earnings_state",
            "stale:deployment_readiness",
            "stale:price_band_stop",
            "stale:recommendation_support",
            "stale:technical_posture"
          ],
          "thin_monitor_row": true,
          "ticker": "AON",
          "tier": "C",
          "universe_scope": "review_100_monitor"
        },
        {
          "card_path": "tmp/ticker-intelligence-cards/AOS.current.json",
          "decision_tier_row": false,
          "production_answer_path_member": false,
          "repair_scope": "thin_monitor_expected_context",
          "stale_reasons": [
            "stale:catalyst_earnings_state",
            "stale:deployment_readiness",
            "stale:price_band_stop",
            "stale:recommendation_support",
            "stale:technical_posture"
          ],
          "thin_monitor_row": true,
          "ticker": "AOS",
          "tier": "C",
          "universe_scope": "review_100_monitor"
        },
        {
          "card_path": "tmp/ticker-intelligence-cards/APA.current.json",
          "decision_tier_row": false,
          "production_answer_path_member": false,
          "repair_scope": "thin_monitor_expected_context",
          "stale_reasons": [
            "stale:catalyst_earnings_state",
            "stale:deployment_readiness",
            "stale:price_band_stop",
            "stale:recommendation_support",
            "stale:technical_posture"
          ],
          "thin_monitor_row": true,
          "ticker": "APA",
          "tier": "C",
          "universe_scope": "review_100_monitor"
        },
        {
          "card_path": "tmp/ticker-intelligence-cards/APD.current.json",
          "decision_tier_row": false,
          "production_answer_path_member": false,
          "repair_scope": "thin_monitor_expected_context",
          "stale_reasons": [
            "stale:catalyst_earnings_state",
            "stale:deployment_readiness",
            "stale:price_band_stop",
            "stale:recommendation_support",
            "stale:technical_posture"
          ],
          "thin_monitor_row": true,
          "ticker": "APD",
          "tier": "C",
          "universe_scope": "review_100_monitor"
        },
        {
          "card_path": "tmp/ticker-intelligence-cards/APH.current.json",
          "decision_tier_row": false,
          "production_answer_path_member": false,
          "repair_scope": "thin_monitor_expected_context",
          "stale_reasons": [
            "stale:catalyst_earnings_state",
            "stale:deployment_readiness",
            "stale:price_band_stop",
            "stale:recommendation_support",
            "stale:technical_posture"
          ],
          "thin_monitor_row": true,
          "ticker": "APH",
          "tier": "C",
          "universe_scope": "review_100_monitor"
        },
        {
          "card_path": "tmp/ticker-intelligence-cards/APO.current.json",
          "decision_tier_row": false,
          "production_answer_path_member": false,
          "repair_scope": "thin_monitor_expected_context",
          "stale_reasons": [
            "stale:catalyst_earnings_state",
            "stale:deployment_readiness",
            "stale:price_band_stop",
            "stale:recommendation_support",
            "stale:technical_posture"
          ],
          "thin_monitor_row": true,
          "ticker": "APO",
          "tier": "C",
          "universe_scope": "review_100_monitor"
        },
        {
          "card_path": "tmp/ticker-intelligence-cards/APP.current.json",
          "decision_tier_row": false,
          "production_answer_path_member": false,
          "repair_scope": "thin_monitor_expected_context",
          "stale_reasons": [
            "stale:catalyst_earnings_state",
            "stale:deployment_readiness",
            "stale:price_band_stop",
            "stale:recommendation_support",
            "stale:technical_posture"
          ],
          "thin_monitor_row": true,
          "ticker": "APP",
          "tier": "C",
          "universe_scope": "review_100_monitor"
        },
        {
          "card_path": "tmp/ticker-intelligence-cards/APTV.current.json",
          "decision_tier_row": false,
          "production_answer_path_member": false,
          "repair_scope": "thin_monitor_expected_context",
          "stale_reasons": [
            "stale:catalyst_earnings_state",
            "stale:deployment_readiness",
            "stale:price_band_stop",
            "stale:recommendation_support",
            "stale:technical_posture"
          ],
          "thin_monitor_row": true,
          "ticker": "APTV",
          "tier": "C",
          "universe_scope": "review_100_monitor"
        },
        {
          "card_path": "tmp/ticker-intelligence-cards/ARE.current.json",
          "decision_tier_row": false,
          "production_answer_path_member": false,
          "repair_scope": "thin_monitor_expected_context",
          "stale_reasons": [
            "stale:catalyst_earnings_state",
            "stale:deployment_readiness",
            "stale:price_band_stop",
            "stale:recommendation_support",
            "stale:technical_posture"
          ],
          "thin_monitor_row": true,
          "ticker": "ARE",
          "tier": "C",
          "universe_scope": "review_100_monitor"
        },
        {
          "card_path": "tmp/ticker-intelligence-cards/ARES.current.json",
          "decision_tier_row": false,
          "production_answer_path_member": false,
          "repair_scope": "thin_monitor_expected_context",
          "stale_reasons": [
            "stale:catalyst_earnings_state",
            "stale:deployment_readiness",
            "stale:price_band_stop",
            "stale:recommendation_support",
            "stale:technical_posture"
          ],
          "thin_monitor_row": true,
          "ticker": "ARES",
          "tier": "C",
          "universe_scope": "review_100_monitor"
        },
        {
          "card_path": "tmp/ticker-intelligence-cards/ASML.current.json",
          "decision_tier_row": false,
          "production_answer_path_member": false,
          "repair_scope": "thin_monitor_expected_context",
          "stale_reasons": [
            "stale:catalyst_earnings_state",
            "stale:deployment_readiness",
            "stale:price_band_stop",
            "stale:recommendation_support",
            "stale:technical_posture"
          ],
          "thin_monitor_row": true,
          "ticker": "ASML",
          "tier": "C",
          "universe_scope": "review_100_monitor"
        },
        {
          "card_path": "tmp/ticker-intelligence-cards/ATO.current.json",
          "decision_tier_row": false,
          "production_answer_path_member": false,
          "repair_scope": "thin_monitor_expected_context",
          "stale_reasons": [
            "stale:catalyst_earnings_state",
            "stale:deployment_readiness",
            "stale:price_band_stop",
            "stale:recommendation_support",
            "stale:technical_posture"
          ],
          "thin_monitor_row": true,
          "ticker": "ATO",
          "tier": "C",
          "universe_scope": "review_100_monitor"
        },
        {
          "card_path": "tmp/ticker-intelligence-cards/AVB.current.json",
          "decision_tier_row": false,
          "production_answer_path_member": false,
          "repair_scope": "thin_monitor_expected_context",
          "stale_reasons": [
            "stale:catalyst_earnings_state",
            "stale:deployment_readiness",
            "stale:price_band_stop",
            "stale:recommendation_support",
            "stale:technical_posture"
          ],
          "thin_monitor_row": true,
          "ticker": "AVB",
          "tier": "C",
          "universe_scope": "review_100_monitor"
        },
        {
          "card_path": "tmp/ticker-intelligence-cards/AVGO.current.json",
          "decision_tier_row": false,
          "production_answer_path_member": false,
          "repair_scope": "thin_monitor_expected_context",
          "stale_reasons": [
            "stale:catalyst_earnings_state",
            "stale:deployment_readiness",
            "stale:price_band_stop",
            "stale:recommendation_support",
            "stale:technical_posture"
          ],
          "thin_monitor_row": true,
          "ticker": "AVGO",
          "tier": "C",
          "universe_scope": "review_100_monitor"
        },
        {
          "card_path": "tmp/ticker-intelligence-cards/AVY.current.json",
          "decision_tier_row": false,
          "production_answer_path_member": false,
          "repair_scope": "thin_monitor_expected_context",
          "stale_reasons": [
            "stale:catalyst_earnings_state",
            "stale:deployment_readiness",
            "stale:price_band_stop",
            "stale:recommendation_support",
            "stale:technical_posture"
          ],
          "thin_monitor_row": true,
          "ticker": "AVY",
          "tier": "C",
          "universe_scope": "review_100_monitor"
        },
        {
          "card_path": "tmp/ticker-intelligence-cards/AWK.current.json",
          "decision_tier_row": false,
          "production_answer_path_member": false,
          "repair_scope": "thin_monitor_expected_context",
          "stale_reasons": [
            "stale:catalyst_earnings_state",
            "stale:deployment_readiness",
            "stale:price_band_stop",
            "stale:recommendation_support",
            "stale:technical_posture"
          ],
          "thin_monitor_row": true,
          "ticker": "AWK",
          "tier": "C",
          "universe_scope": "review_100_monitor"
        },
        {
          "card_path": "tmp/ticker-intelligence-cards/AXON.current.json",
          "decision_tier_row": false,
          "production_answer_path_member": false,
          "repair_scope": "thin_monitor_expected_context",
          "stale_reasons": [
            "stale:catalyst_earnings_state",
            "stale:deployment_readiness",
            "stale:price_band_stop",
            "stale:recommendation_support",
            "stale:technical_posture"
          ],
          "thin_monitor_row": true,
          "ticker": "AXON",
          "tier": "C",
          "universe_scope": "review_100_monitor"
        },
        {
          "card_path": "tmp/ticker-intelligence-cards/AXP.current.json",
          "decision_tier_row": false,
          "production_answer_path_member": false,
          "repair_scope": "thin_monitor_expected_context",
          "stale_reasons": [
            "stale:catalyst_earnings_state",
            "stale:deployment_readiness",
            "stale:price_band_stop",
            "stale:recommendation_support",
            "stale:technical_posture"
          ],
          "thin_monitor_row": true,
          "ticker": "AXP",
          "tier": "C",
          "universe_scope": "review_100_monitor"
        },
        {
          "card_path": "tmp/ticker-intelligence-cards/AZO.current.json",
          "decision_tier_row": false,
          "production_answer_path_member": false,
          "repair_scope": "thin_monitor_expected_context",
          "stale_reasons": [
            "stale:catalyst_earnings_state",
            "stale:deployment_readiness",
            "stale:price_band_stop",
            "stale:recommendation_support",
            "stale:technical_posture"
          ],
          "thin_monitor_row": true,
          "ticker": "AZO",
          "tier": "C",
          "universe_scope": "review_100_monitor"
        },
        {
          "card_path": "tmp/ticker-intelligence-cards/BA.current.json",
          "decision_tier_row": false,
          "production_answer_path_member": false,
          "repair_scope": "thin_monitor_expected_context",
          "stale_reasons": [
            "stale:catalyst_earnings_state",
            "stale:deployment_readiness",
            "stale:price_band_stop",
            "stale:recommendation_support",
            "stale:technical_posture"
          ],
          "thin_monitor_row": true,
          "ticker": "BA",
          "tier": "C",
          "universe_scope": "review_100_monitor"
        },
        {
          "card_path": "tmp/ticker-intelligence-cards/BAC.current.json",
          "decision_tier_row": false,
          "production_answer_path_member": false,
          "repair_scope": "thin_monitor_expected_context",
          "stale_reasons": [
            "price_band_stop",
            "stale:catalyst_earnings_state",
            "stale:deployment_readiness",
            "stale:price_band_stop",
            "stale:recommendation_support",
            "stale:technical_posture"
          ],
          "thin_monitor_row": true,
          "ticker": "BAC",
          "tier": "C",
          "universe_scope": "review_100_monitor"
        },
        {
          "card_path": "tmp/ticker-intelligence-cards/BALL.current.json",
          "decision_tier_row": false,
          "production_answer_path_member": false,
          "repair_scope": "thin_monitor_expected_context",
          "stale_reasons": [
            "stale:catalyst_earnings_state",
            "stale:deployment_readiness",
            "stale:price_band_stop",
            "stale:recommendation_support",
            "stale:technical_posture"
          ],
          "thin_monitor_row": true,
          "ticker": "BALL",
          "tier": "C",
          "universe_scope": "review_100_monitor"
        },
        {
          "card_path": "tmp/ticker-intelligence-cards/BAX.current.json",
          "decision_tier_row": false,
          "production_answer_path_member": false,
          "repair_scope": "thin_monitor_expected_context",
          "stale_reasons": [
            "stale:catalyst_earnings_state",
            "stale:deployment_readiness",
            "stale:price_band_stop",
            "stale:recommendation_support",
            "stale:technical_posture"
          ],
          "thin_monitor_row": true,
          "ticker": "BAX",
          "tier": "C",
          "universe_scope": "review_100_monitor"
        },
        {
          "card_path": "tmp/ticker-intelligence-cards/BBY.current.json",
          "decision_tier_row": false,
          "production_answer_path_member": false,
          "repair_scope": "thin_monitor_expected_context",
          "stale_reasons": [
            "stale:catalyst_earnings_state",
            "stale:deployment_readiness",
            "stale:price_band_stop",
            "stale:recommendation_support",
            "stale:technical_posture"
          ],
          "thin_monitor_row": true,
          "ticker": "BBY",
          "tier": "C",
          "universe_scope": "review_100_monitor"
        },
        {
          "card_path": "tmp/ticker-intelligence-cards/BDX.current.json",
          "decision_tier_row": false,
          "production_answer_path_member": false,
          "repair_scope": "thin_monitor_expected_context",
          "stale_reasons": [
            "stale:catalyst_earnings_state",
            "stale:deployment_readiness",
            "stale:price_band_stop",
            "stale:recommendation_support",
            "stale:technical_posture"
          ],
          "thin_monitor_row": true,
          "ticker": "BDX",
          "tier": "C",
          "universe_scope": "review_100_monitor"
        },
        {
          "card_path": "tmp/ticker-intelligence-cards/BEN.current.json",
          "decision_tier_row": false,
          "production_answer_path_member": false,
          "repair_scope": "thin_monitor_expected_context",
          "stale_reasons": [
            "price_band_stop",
            "stale:catalyst_earnings_state",
            "stale:deployment_readiness",
            "stale:price_band_stop",
            "stale:recommendation_support",
            "stale:technical_posture"
          ],
          "thin_monitor_row": true,
          "ticker": "BEN",
          "tier": "C",
          "universe_scope": "review_100_monitor"
        },
        {
          "card_path": "tmp/ticker-intelligence-cards/BF-B.current.json",
          "decision_tier_row": false,
          "production_answer_path_member": false,
          "repair_scope": "thin_monitor_expected_context",
          "stale_reasons": [
            "stale:catalyst_earnings_state",
            "stale:deployment_readiness",
            "stale:price_band_stop",
            "stale:recommendation_support",
            "stale:technical_posture"
          ],
          "thin_monitor_row": true,
          "ticker": "BF-B",
          "tier": "C",
          "universe_scope": "review_100_monitor"
        },
        {
          "card_path": "tmp/ticker-intelligence-cards/BG.current.json",
          "decision_tier_row": false,
          "production_answer_path_member": false,
          "repair_scope": "thin_monitor_expected_context",
          "stale_reasons": [
            "stale:catalyst_earnings_state",
            "stale:deployment_readiness",
            "stale:price_band_stop",
            "stale:recommendation_support",
            "stale:technical_posture"
          ],
          "thin_monitor_row": true,
          "ticker": "BG",
          "tier": "C",
          "universe_scope": "review_100_monitor"
        },
        {
          "card_path": "tmp/ticker-intelligence-cards/BIIB.current.json",
          "decision_tier_row": false,
          "production_answer_path_member": false,
          "repair_scope": "thin_monitor_expected_context",
          "stale_reasons": [
            "stale:catalyst_earnings_state",
            "stale:deployment_readiness",
            "stale:price_band_stop",
            "stale:recommendation_support",
            "stale:technical_posture"
          ],
          "thin_monitor_row": true,
          "ticker": "BIIB",
          "tier": "C",
          "universe_scope": "review_100_monitor"
        },
        {
          "card_path": "tmp/ticker-intelligence-cards/BKR.current.json",
          "decision_tier_row": false,
          "production_answer_path_member": false,
          "repair_scope": "thin_monitor_expected_context",
          "stale_reasons": [
            "stale:catalyst_earnings_state",
            "stale:deployment_readiness",
            "stale:price_band_stop",
            "stale:recommendation_support",
            "stale:technical_posture"
          ],
          "thin_monitor_row": true,
          "ticker": "BKR",
          "tier": "C",
          "universe_scope": "review_100_monitor"
        },
        {
          "card_path": "tmp/ticker-intelligence-cards/BLDR.current.json",
          "decision_tier_row": false,
          "production_answer_path_member": false,
          "repair_scope": "thin_monitor_expected_context",
          "stale_reasons": [
            "stale:catalyst_earnings_state",
            "stale:deployment_readiness",
            "stale:price_band_stop",
            "stale:recommendation_support",
            "stale:technical_posture"
          ],
          "thin_monitor_row": true,
          "ticker": "BLDR",
          "tier": "C",
          "universe_scope": "review_100_monitor"
        },
        {
          "card_path": "tmp/ticker-intelligence-cards/BLK.current.json",
          "decision_tier_row": false,
          "production_answer_path_member": false,
          "repair_scope": "thin_monitor_expected_context",
          "stale_reasons": [
            "price_band_stop",
            "stale:catalyst_earnings_state",
            "stale:deployment_readiness",
            "stale:price_band_stop",
            "stale:recommendation_support",
            "stale:technical_posture"
          ],
          "thin_monitor_row": true,
          "ticker": "BLK",
          "tier": "C",
          "universe_scope": "review_100_monitor"
        },
        {
          "card_path": "tmp/ticker-intelligence-cards/BMY.current.json",
          "decision_tier_row": false,
          "production_answer_path_member": false,
          "repair_scope": "thin_monitor_expected_context",
          "stale_reasons": [
            "stale:catalyst_earnings_state",
            "stale:deployment_readiness",
            "stale:price_band_stop",
            "stale:recommendation_support",
            "stale:technical_posture"
          ],
          "thin_monitor_row": true,
          "ticker": "BMY",
          "tier": "C",
          "universe_scope": "review_100_monitor"
        },
        {
          "card_path": "tmp/ticker-intelligence-cards/BNY.current.json",
          "decision_tier_row": false,
          "production_answer_path_member": false,
          "repair_scope": "thin_monitor_expected_context",
          "stale_reasons": [
            "price_band_stop",
            "stale:catalyst_earnings_state",
            "stale:deployment_readiness",
            "stale:price_band_stop",
            "stale:recommendation_support",
            "stale:technical_posture"
          ],
          "thin_monitor_row": true,
          "ticker": "BNY",
          "tier": "C",
          "universe_scope": "review_100_monitor"
        },
        {
          "card_path": "tmp/ticker-intelligence-cards/BR.current.json",
          "decision_tier_row": false,
          "production_answer_path_member": false,
          "repair_scope": "thin_monitor_expected_context",
          "stale_reasons": [
            "stale:catalyst_earnings_state",
            "stale:deployment_readiness",
            "stale:price_band_stop",
            "stale:recommendation_support",
            "stale:technical_posture"
          ],
          "thin_monitor_row": true,
          "ticker": "BR",
          "tier": "C",
          "universe_scope": "review_100_monitor"
        },
        {
          "card_path": "tmp/ticker-intelligence-cards/BRO.current.json",
          "decision_tier_row": false,
          "production_answer_path_member": false,
          "repair_scope": "thin_monitor_expected_context",
          "stale_reasons": [
            "stale:catalyst_earnings_state",
            "stale:deployment_readiness",
            "stale:price_band_stop",
            "stale:recommendation_support",
            "stale:technical_posture"
          ],
          "thin_monitor_row": true,
          "ticker": "BRO",
          "tier": "C",
          "universe_scope": "review_100_monitor"
        },
        {
          "card_path": "tmp/ticker-intelligence-cards/BSX.current.json",
          "decision_tier_row": false,
          "production_answer_path_member": false,
          "repair_scope": "thin_monitor_expected_context",
          "stale_reasons": [
            "stale:catalyst_earnings_state",
            "stale:deployment_readiness",
            "stale:price_band_stop",
            "stale:recommendation_support",
            "stale:technical_posture"
          ],
          "thin_monitor_row": true,
          "ticker": "BSX",
          "tier": "C",
          "universe_scope": "review_100_monitor"
        },
        {
          "card_path": "tmp/ticker-intelligence-cards/BX.current.json",
          "decision_tier_row": false,
          "production_answer_path_member": false,
          "repair_scope": "thin_monitor_expected_context",
          "stale_reasons": [
            "stale:catalyst_earnings_state",
            "stale:deployment_readiness",
            "stale:price_band_stop",
            "stale:recommendation_support",
            "stale:technical_posture"
          ],
          "thin_monitor_row": true,
          "ticker": "BX",
          "tier": "C",
          "universe_scope": "review_100_monitor"
        },
        {
          "card_path": "tmp/ticker-intelligence-cards/BXP.current.json",
          "decision_tier_row": false,
          "production_answer_path_member": false,
          "repair_scope": "thin_monitor_expected_context",
          "stale_reasons": [
            "stale:catalyst_earnings_state",
            "stale:deployment_readiness",
            "stale:price_band_stop",
            "stale:recommendation_support",
            "stale:technical_posture"
          ],
          "thin_monitor_row": true,
          "ticker": "BXP",
          "tier": "C",
          "universe_scope": "review_100_monitor"
        },
        {
          "card_path": "tmp/ticker-intelligence-cards/C.current.json",
          "decision_tier_row": false,
          "production_answer_path_member": false,
          "repair_scope": "thin_monitor_expected_context",
          "stale_reasons": [
            "price_band_stop",
            "stale:catalyst_earnings_state",
            "stale:deployment_readiness",
            "stale:price_band_stop",
            "stale:recommendation_support",
            "stale:technical_posture"
          ],
          "thin_monitor_row": true,
          "ticker": "C",
          "tier": "C",
          "universe_scope": "review_100_monitor"
        },
        {
          "card_path": "tmp/ticker-intelligence-cards/CAG.current.json",
          "decision_tier_row": false,
          "production_answer_path_member": false,
          "repair_scope": "thin_monitor_expected_context",
          "stale_reasons": [
            "stale:catalyst_earnings_state",
            "stale:deployment_readiness",
            "stale:price_band_stop",
            "stale:recommendation_support",
            "stale:technical_posture"
          ],
          "thin_monitor_row": true,
          "ticker": "CAG",
          "tier": "C",
          "universe_scope": "review_100_monitor"
        },
        {
          "card_path": "tmp/ticker-intelligence-cards/CAH.current.json",
          "decision_tier_row": false,
          "production_answer_path_member": false,
          "repair_scope": "thin_monitor_expected_context",
          "stale_reasons": [
            "stale:catalyst_earnings_state",
            "stale:deployment_readiness",
            "stale:price_band_stop",
            "stale:recommendation_support",
            "stale:technical_posture"
          ],
          "thin_monitor_row": true,
          "ticker": "CAH",
          "tier": "C",
          "universe_scope": "review_100_monitor"
        },
        {
          "card_path": "tmp/ticker-intelligence-cards/CARR.current.json",
          "decision_tier_row": false,
          "production_answer_path_member": false,
          "repair_scope": "thin_monitor_expected_context",
          "stale_reasons": [
            "stale:catalyst_earnings_state",
            "stale:deployment_readiness",
            "stale:price_band_stop",
            "stale:recommendation_support",
            "stale:technical_posture"
          ],
          "thin_monitor_row": true,
          "ticker": "CARR",
          "tier": "C",
          "universe_scope": "review_100_monitor"
        },
        {
          "card_path": "tmp/ticker-intelligence-cards/CASY.current.json",
          "decision_tier_row": false,
          "production_answer_path_member": false,
          "repair_scope": "thin_monitor_expected_context",
          "stale_reasons": [
            "stale:catalyst_earnings_state",
            "stale:deployment_readiness",
            "stale:price_band_stop",
            "stale:recommendation_support",
            "stale:technical_posture"
          ],
          "thin_monitor_row": true,
          "ticker": "CASY",
          "tier": "C",
          "universe_scope": "review_100_monitor"
        },
        {
          "card_path": "tmp/ticker-intelligence-cards/CAT.current.json",
          "decision_tier_row": true,
          "production_answer_path_member": false,
          "repair_scope": "production_expected_context",
          "stale_reasons": [
            {
              "detail": "Ticker not present in current deployment-readiness surface groups",
              "family": "deployment_readiness_surface",
              "severity": "context",
              "status": "missing"
            }
          ],
          "thin_monitor_row": false,
          "ticker": "CAT",
          "tier": "B",
          "universe_scope": "active_internal_universe"
        },
        {
          "card_path": "tmp/ticker-intelligence-cards/CB.current.json",
          "decision_tier_row": false,
          "production_answer_path_member": false,
          "repair_scope": "thin_monitor_expected_context",
          "stale_reasons": [
            "stale:catalyst_earnings_state",
            "stale:deployment_readiness",
            "stale:price_band_stop",
            "stale:recommendation_support",
            "stale:technical_posture"
          ],
          "thin_monitor_row": true,
          "ticker": "CB",
          "tier": "C",
          "universe_scope": "review_100_monitor"
        },
        {
          "card_path": "tmp/ticker-intelligence-cards/CBOE.current.json",
          "decision_tier_row": false,
          "production_answer_path_member": false,
          "repair_scope": "thin_monitor_expected_context",
          "stale_reasons": [
            "stale:catalyst_earnings_state",
            "stale:deployment_readiness",
            "stale:price_band_stop",
            "stale:recommendation_support",
            "stale:technical_posture"
          ],
          "thin_monitor_row": true,
          "ticker": "CBOE",
          "tier": "C",
          "universe_scope": "review_100_monitor"
        },
        {
          "card_path": "tmp/ticker-intelligence-cards/CBRE.current.json",
          "decision_tier_row": false,
          "production_answer_path_member": false,
          "repair_scope": "thin_monitor_expected_context",
          "stale_reasons": [
            "stale:catalyst_earnings_state",
            "stale:deployment_readiness",
            "stale:price_band_stop",
            "stale:recommendation_support",
            "stale:technical_posture"
          ],
          "thin_monitor_row": true,
          "ticker": "CBRE",
          "tier": "C",
          "universe_scope": "review_100_monitor"
        },
        {
          "card_path": "tmp/ticker-intelligence-cards/CCI.current.json",
          "decision_tier_row": false,
          "production_answer_path_member": false,
          "repair_scope": "thin_monitor_expected_context",
          "stale_reasons": [
            "stale:catalyst_earnings_state",
            "stale:deployment_readiness",
            "stale:price_band_stop",
            "stale:recommendation_support",
            "stale:technical_posture"
          ],
          "thin_monitor_row": true,
          "ticker": "CCI",
          "tier": "C",
          "universe_scope": "review_100_monitor"
        },
        {
          "card_path": "tmp/ticker-intelligence-cards/CCL.current.json",
          "decision_tier_row": false,
          "production_answer_path_member": false,
          "repair_scope": "thin_monitor_expected_context",
          "stale_reasons": [
            "stale:catalyst_earnings_state",
            "stale:deployment_readiness",
            "stale:price_band_stop",
            "stale:recommendation_support",
            "stale:technical_posture"
          ],
          "thin_monitor_row": true,
          "ticker": "CCL",
          "tier": "C",
          "universe_scope": "review_100_monitor"
        },
        {
          "card_path": "tmp/ticker-intelligence-cards/CDNS.current.json",
          "decision_tier_row": false,
          "production_answer_path_member": false,
          "repair_scope": "thin_monitor_expected_context",
          "stale_reasons": [
            "stale:catalyst_earnings_state",
            "stale:deployment_readiness",
            "stale:price_band_stop",
            "stale:recommendation_support",
            "stale:technical_posture"
          ],
          "thin_monitor_row": true,
          "ticker": "CDNS",
          "tier": "C",
          "universe_scope": "review_100_monitor"
        },
        {
          "card_path": "tmp/ticker-intelligence-cards/CDW.current.json",
          "decision_tier_row": false,
          "production_answer_path_member": false,
          "repair_scope": "thin_monitor_expected_context",
          "stale_reasons": [
            "stale:catalyst_earnings_state",
            "stale:deployment_readiness",
            "stale:price_band_stop",
            "stale:recommendation_support",
            "stale:technical_posture"
          ],
          "thin_monitor_row": true,
          "ticker": "CDW",
          "tier": "C",
          "universe_scope": "review_100_monitor"
        },
        {
          "card_path": "tmp/ticker-intelligence-cards/CEG.current.json",
          "decision_tier_row": false,
          "production_answer_path_member": false,
          "repair_scope": "thin_monitor_expected_context",
          "stale_reasons": [
            "stale:catalyst_earnings_state",
            "stale:deployment_readiness",
            "stale:price_band_stop",
            "stale:recommendation_support",
            "stale:technical_posture"
          ],
          "thin_monitor_row": true,
          "ticker": "CEG",
          "tier": "C",
          "universe_scope": "review_100_monitor"
        },
        {
          "card_path": "tmp/ticker-intelligence-cards/CF.current.json",
          "decision_tier_row": false,
          "production_answer_path_member": false,
          "repair_scope": "thin_monitor_expected_context",
          "stale_reasons": [
            "stale:catalyst_earnings_state",
            "stale:deployment_readiness",
            "stale:price_band_stop",
            "stale:recommendation_support",
            "stale:technical_posture"
          ],
          "thin_monitor_row": true,
          "ticker": "CF",
          "tier": "C",
          "universe_scope": "review_100_monitor"
        },
        {
          "card_path": "tmp/ticker-intelligence-cards/CFG.current.json",
          "decision_tier_row": false,
          "production_answer_path_member": false,
          "repair_scope": "thin_monitor_expected_context",
          "stale_reasons": [
            "stale:catalyst_earnings_state",
            "stale:deployment_readiness",
            "stale:price_band_stop",
            "stale:recommendation_support",
            "stale:technical_posture"
          ],
          "thin_monitor_row": true,
          "ticker": "CFG",
          "tier": "C",
          "universe_scope": "review_100_monitor"
        },
        {
          "card_path": "tmp/ticker-intelligence-cards/CHD.current.json",
          "decision_tier_row": false,
          "production_answer_path_member": false,
          "repair_scope": "thin_monitor_expected_context",
          "stale_reasons": [
            "stale:catalyst_earnings_state",
            "stale:deployment_readiness",
            "stale:price_band_stop",
            "stale:recommendation_support",
            "stale:technical_posture"
          ],
          "thin_monitor_row": true,
          "ticker": "CHD",
          "tier": "C",
          "universe_scope": "review_100_monitor"
        },
        {
          "card_path": "tmp/ticker-intelligence-cards/CHRW.current.json",
          "decision_tier_row": false,
          "production_answer_path_member": false,
          "repair_scope": "thin_monitor_expected_context",
          "stale_reasons": [
            "stale:catalyst_earnings_state",
            "stale:deployment_readiness",
            "stale:price_band_stop",
            "stale:recommendation_support",
            "stale:technical_posture"
          ],
          "thin_monitor_row": true,
          "ticker": "CHRW",
          "tier": "C",
          "universe_scope": "review_100_monitor"
        },
        {
          "card_path": "tmp/ticker-intelligence-cards/CHTR.current.json",
          "decision_tier_row": false,
          "production_answer_path_member": false,
          "repair_scope": "thin_monitor_expected_context",
          "stale_reasons": [
            "stale:catalyst_earnings_state",
            "stale:deployment_readiness",
            "stale:price_band_stop",
            "stale:recommendation_support",
            "stale:technical_posture"
          ],
          "thin_monitor_row": true,
          "ticker": "CHTR",
          "tier": "C",
          "universe_scope": "review_100_monitor"
        },
        {
          "card_path": "tmp/ticker-intelligence-cards/CI.current.json",
          "decision_tier_row": false,
          "production_answer_path_member": false,
          "repair_scope": "thin_monitor_expected_context",
          "stale_reasons": [
            "price_band_stop",
            "stale:catalyst_earnings_state",
            "stale:deployment_readiness",
            "stale:price_band_stop",
            "stale:recommendation_support",
            "stale:technical_posture"
          ],
          "thin_monitor_row": true,
          "ticker": "CI",
          "tier": "C",
          "universe_scope": "review_100_monitor"
        },
        {
          "card_path": "tmp/ticker-intelligence-cards/CIEN.current.json",
          "decision_tier_row": false,
          "production_answer_path_member": false,
          "repair_scope": "thin_monitor_expected_context",
          "stale_reasons": [
            "stale:catalyst_earnings_state",
            "stale:deployment_readiness",
            "stale:price_band_stop",
            "stale:recommendation_support",
            "stale:technical_posture"
          ],
          "thin_monitor_row": true,
          "ticker": "CIEN",
          "tier": "C",
          "universe_scope": "review_100_monitor"
        },
        {
          "card_path": "tmp/ticker-intelligence-cards/CINF.current.json",
          "decision_tier_row": false,
          "production_answer_path_member": false,
          "repair_scope": "thin_monitor_expected_context",
          "stale_reasons": [
            "stale:catalyst_earnings_state",
            "stale:deployment_readiness",
            "stale:price_band_stop",
            "stale:recommendation_support",
            "stale:technical_posture"
          ],
          "thin_monitor_row": true,
          "ticker": "CINF",
          "tier": "C",
          "universe_scope": "review_100_monitor"
        },
        {
          "card_path": "tmp/ticker-intelligence-cards/CL.current.json",
          "decision_tier_row": false,
          "production_answer_path_member": false,
          "repair_scope": "thin_monitor_expected_context",
          "stale_reasons": [
            "stale:catalyst_earnings_state",
            "stale:deployment_readiness",
            "stale:price_band_stop",
            "stale:recommendation_support",
            "stale:technical_posture"
          ],
          "thin_monitor_row": true,
          "ticker": "CL",
          "tier": "C",
          "universe_scope": "review_100_monitor"
        },
        {
          "card_path": "tmp/ticker-intelligence-cards/CLX.current.json",
          "decision_tier_row": false,
          "production_answer_path_member": false,
          "repair_scope": "thin_monitor_expected_context",
          "stale_reasons": [
            "stale:catalyst_earnings_state",
            "stale:deployment_readiness",
            "stale:price_band_stop",
            "stale:recommendation_support",
            "stale:technical_posture"
          ],
          "thin_monitor_row": true,
          "ticker": "CLX",
          "tier": "C",
          "universe_scope": "review_100_monitor"
        },
        {
          "card_path": "tmp/ticker-intelligence-cards/CMCSA.current.json",
          "decision_tier_row": false,
          "production_answer_path_member": false,
          "repair_scope": "thin_monitor_expected_context",
          "stale_reasons": [
            "stale:catalyst_earnings_state",
            "stale:deployment_readiness",
            "stale:price_band_stop",
            "stale:recommendation_support",
            "stale:technical_posture"
          ],
          "thin_monitor_row": true,
          "ticker": "CMCSA",
          "tier": "C",
          "universe_scope": "review_100_monitor"
        },
        {
          "card_path": "tmp/ticker-intelligence-cards/CME.current.json",
          "decision_tier_row": true,
          "production_answer_path_member": true,
          "repair_scope": "production_expected_context",
          "stale_reasons": [
            {
              "detail": "Ticker not present in current deployment-readiness surface groups",
              "family": "deployment_readiness_surface",
              "severity": "context",
              "status": "missing"
            }
          ],
          "thin_monitor_row": false,
          "ticker": "CME",
          "tier": "A",
          "universe_scope": "active_internal_universe"
        },
        {
          "card_path": "tmp/ticker-intelligence-cards/CMG.current.json",
          "decision_tier_row": false,
          "production_answer_path_member": false,
          "repair_scope": "thin_monitor_expected_context",
          "stale_reasons": [
            "stale:catalyst_earnings_state",
            "stale:deployment_readiness",
            "stale:price_band_stop",
            "stale:recommendation_support",
            "stale:technical_posture"
          ],
          "thin_monitor_row": true,
          "ticker": "CMG",
          "tier": "C",
          "universe_scope": "review_100_monitor"
        },
        {
          "card_path": "tmp/ticker-intelligence-cards/CMI.current.json",
          "decision_tier_row": false,
          "production_answer_path_member": false,
          "repair_scope": "thin_monitor_expected_context",
          "stale_reasons": [
            "price_band_stop",
            "stale:catalyst_earnings_state",
            "stale:deployment_readiness",
            "stale:price_band_stop",
            "stale:recommendation_support",
            "stale:technical_posture"
          ],
          "thin_monitor_row": true,
          "ticker": "CMI",
          "tier": "C",
          "universe_scope": "review_100_monitor"
        },
        {
          "card_path": "tmp/ticker-intelligence-cards/CMS.current.json",
          "decision_tier_row": false,
          "production_answer_path_member": false,
          "repair_scope": "thin_monitor_expected_context",
          "stale_reasons": [
            "stale:catalyst_earnings_state",
            "stale:deployment_readiness",
            "stale:price_band_stop",
            "stale:recommendation_support",
            "stale:technical_posture"
          ],
          "thin_monitor_row": true,
          "ticker": "CMS",
          "tier": "C",
          "universe_scope": "review_100_monitor"
        },
        {
          "card_path": "tmp/ticker-intelligence-cards/CNC.current.json",
          "decision_tier_row": false,
          "production_answer_path_member": false,
          "repair_scope": "thin_monitor_expected_context",
          "stale_reasons": [
            "stale:catalyst_earnings_state",
            "stale:deployment_readiness",
            "stale:price_band_stop",
            "stale:recommendation_support",
            "stale:technical_posture"
          ],
          "thin_monitor_row": true,
          "ticker": "CNC",
          "tier": "C",
          "universe_scope": "review_100_monitor"
        },
        {
          "card_path": "tmp/ticker-intelligence-cards/CNP.current.json",
          "decision_tier_row": false,
          "production_answer_path_member": false,
          "repair_scope": "thin_monitor_expected_context",
          "stale_reasons": [
            "stale:catalyst_earnings_state",
            "stale:deployment_readiness",
            "stale:price_band_stop",
            "stale:recommendation_support",
            "stale:technical_posture"
          ],
          "thin_monitor_row": true,
          "ticker": "CNP",
          "tier": "C",
          "universe_scope": "review_100_monitor"
        },
        {
          "card_path": "tmp/ticker-intelligence-cards/COHR.current.json",
          "decision_tier_row": false,
          "production_answer_path_member": false,
          "repair_scope": "thin_monitor_expected_context",
          "stale_reasons": [
            "stale:catalyst_earnings_state",
            "stale:deployment_readiness",
            "stale:price_band_stop",
            "stale:recommendation_support",
            "stale:technical_posture"
          ],
          "thin_monitor_row": true,
          "ticker": "COHR",
          "tier": "C",
          "universe_scope": "review_100_monitor"
        },
        {
          "card_path": "tmp/ticker-intelligence-cards/COO.current.json",
          "decision_tier_row": false,
          "production_answer_path_member": false,
          "repair_scope": "thin_monitor_expected_context",
          "stale_reasons": [
            "stale:catalyst_earnings_state",
            "stale:deployment_readiness",
            "stale:price_band_stop",
            "stale:recommendation_support",
            "stale:technical_posture"
          ],
          "thin_monitor_row": true,
          "ticker": "COO",
          "tier": "C",
          "universe_scope": "review_100_monitor"
        },
        {
          "card_path": "tmp/ticker-intelligence-cards/COP.current.json",
          "decision_tier_row": false,
          "production_answer_path_member": false,
          "repair_scope": "thin_monitor_expected_context",
          "stale_reasons": [
            "stale:catalyst_earnings_state",
            "stale:deployment_readiness",
            "stale:price_band_stop",
            "stale:recommendation_support",
            "stale:technical_posture"
          ],
          "thin_monitor_row": true,
          "ticker": "COP",
          "tier": "C",
          "universe_scope": "review_100_monitor"
        },
        {
          "card_path": "tmp/ticker-intelligence-cards/COR.current.json",
          "decision_tier_row": false,
          "production_answer_path_member": false,
          "repair_scope": "thin_monitor_expected_context",
          "stale_reasons": [
            "price_band_stop",
            "stale:catalyst_earnings_state",
            "stale:deployment_readiness",
            "stale:price_band_stop",
            "stale:recommendation_support",
            "stale:technical_posture"
          ],
          "thin_monitor_row": true,
          "ticker": "COR",
          "tier": "C",
          "universe_scope": "review_100_monitor"
        },
        {
          "card_path": "tmp/ticker-intelligence-cards/COST.current.json",
          "decision_tier_row": false,
          "production_answer_path_member": false,
          "repair_scope": "thin_monitor_expected_context",
          "stale_reasons": [
            "stale:catalyst_earnings_state",
            "stale:deployment_readiness",
            "stale:price_band_stop",
            "stale:recommendation_support",
            "stale:technical_posture"
          ],
          "thin_monitor_row": true,
          "ticker": "COST",
          "tier": "C",
          "universe_scope": "review_100_monitor"
        },
        {
          "card_path": "tmp/ticker-intelligence-cards/CPB.current.json",
          "decision_tier_row": false,
          "production_answer_path_member": false,
          "repair_scope": "thin_monitor_expected_context",
          "stale_reasons": [
            "stale:catalyst_earnings_state",
            "stale:deployment_readiness",
            "stale:price_band_stop",
            "stale:recommendation_support",
            "stale:technical_posture"
          ],
          "thin_monitor_row": true,
          "ticker": "CPB",
          "tier": "C",
          "universe_scope": "review_100_monitor"
        },
        {
          "card_path": "tmp/ticker-intelligence-cards/CPRT.current.json",
          "decision_tier_row": false,
          "production_answer_path_member": false,
          "repair_scope": "thin_monitor_expected_context",
          "stale_reasons": [
            "stale:catalyst_earnings_state",
            "stale:deployment_readiness",
            "stale:price_band_stop",
            "stale:recommendation_support",
            "stale:technical_posture"
          ],
          "thin_monitor_row": true,
          "ticker": "CPRT",
          "tier": "C",
          "universe_scope": "review_100_monitor"
        },
        {
          "card_path": "tmp/ticker-intelligence-cards/CPT.current.json",
          "decision_tier_row": false,
          "production_answer_path_member": false,
          "repair_scope": "thin_monitor_expected_context",
          "stale_reasons": [
            "stale:catalyst_earnings_state",
            "stale:deployment_readiness",
            "stale:price_band_stop",
            "stale:recommendation_support",
            "stale:technical_posture"
          ],
          "thin_monitor_row": true,
          "ticker": "CPT",
          "tier": "C",
          "universe_scope": "review_100_monitor"
        },
        {
          "card_path": "tmp/ticker-intelligence-cards/CRH.current.json",
          "decision_tier_row": false,
          "production_answer_path_member": false,
          "repair_scope": "thin_monitor_expected_context",
          "stale_reasons": [
            "stale:catalyst_earnings_state",
            "stale:deployment_readiness",
            "stale:price_band_stop",
            "stale:recommendation_support",
            "stale:technical_posture"
          ],
          "thin_monitor_row": true,
          "ticker": "CRH",
          "tier": "C",
          "universe_scope": "review_100_monitor"
        },
        {
          "card_path": "tmp/ticker-intelligence-cards/CRL.current.json",
          "decision_tier_row": false,
          "production_answer_path_member": false,
          "repair_scope": "thin_monitor_expected_context",
          "stale_reasons": [
            "stale:catalyst_earnings_state",
            "stale:deployment_readiness",
            "stale:price_band_stop",
            "stale:recommendation_support",
            "stale:technical_posture"
          ],
          "thin_monitor_row": true,
          "ticker": "CRL",
          "tier": "C",
          "universe_scope": "review_100_monitor"
        },
        {
          "card_path": "tmp/ticker-intelligence-cards/CRM.current.json",
          "decision_tier_row": false,
          "production_answer_path_member": false,
          "repair_scope": "thin_monitor_expected_context",
          "stale_reasons": [
            "stale:catalyst_earnings_state",
            "stale:deployment_readiness",
            "stale:price_band_stop",
            "stale:recommendation_support",
            "stale:technical_posture"
          ],
          "thin_monitor_row": true,
          "ticker": "CRM",
          "tier": "C",
          "universe_scope": "review_100_monitor"
        },
        {
          "card_path": "tmp/ticker-intelligence-cards/CRWD.current.json",
          "decision_tier_row": false,
          "production_answer_path_member": false,
          "repair_scope": "thin_monitor_expected_context",
          "stale_reasons": [
            "stale:catalyst_earnings_state",
            "stale:deployment_readiness",
            "stale:price_band_stop",
            "stale:recommendation_support",
            "stale:technical_posture"
          ],
          "thin_monitor_row": true,
          "ticker": "CRWD",
          "tier": "C",
          "universe_scope": "review_100_monitor"
        },
        {
          "card_path": "tmp/ticker-intelligence-cards/CSCO.current.json",
          "decision_tier_row": false,
          "production_answer_path_member": false,
          "repair_scope": "thin_monitor_expected_context",
          "stale_reasons": [
            "price_band_stop",
            "stale:catalyst_earnings_state",
            "stale:deployment_readiness",
            "stale:price_band_stop",
            "stale:recommendation_support",
            "stale:technical_posture"
          ],
          "thin_monitor_row": true,
          "ticker": "CSCO",
          "tier": "C",
          "universe_scope": "review_100_monitor"
        },
        {
          "card_path": "tmp/ticker-intelligence-cards/CSGP.current.json",
          "decision_tier_row": false,
          "production_answer_path_member": false,
          "repair_scope": "thin_monitor_expected_context",
          "stale_reasons": [
            "stale:catalyst_earnings_state",
            "stale:deployment_readiness",
            "stale:price_band_stop",
            "stale:recommendation_support",
            "stale:technical_posture"
          ],
          "thin_monitor_row": true,
          "ticker": "CSGP",
          "tier": "C",
          "universe_scope": "review_100_monitor"
        },
        {
          "card_path": "tmp/ticker-intelligence-cards/CSX.current.json",
          "decision_tier_row": false,
          "production_answer_path_member": false,
          "repair_scope": "thin_monitor_expected_context",
          "stale_reasons": [
            "price_band_stop",
            "stale:catalyst_earnings_state",
            "stale:deployment_readiness",
            "stale:price_band_stop",
            "stale:recommendation_support",
            "stale:technical_posture"
          ],
          "thin_monitor_row": true,
          "ticker": "CSX",
          "tier": "C",
          "universe_scope": "review_100_monitor"
        },
        {
          "card_path": "tmp/ticker-intelligence-cards/CTAS.current.json",
          "decision_tier_row": false,
          "production_answer_path_member": false,
          "repair_scope": "thin_monitor_expected_context",
          "stale_reasons": [
            "stale:catalyst_earnings_state",
            "stale:deployment_readiness",
            "stale:price_band_stop",
            "stale:recommendation_support",
            "stale:technical_posture"
          ],
          "thin_monitor_row": true,
          "ticker": "CTAS",
          "tier": "C",
          "universe_scope": "review_100_monitor"
        },
        {
          "card_path": "tmp/ticker-intelligence-cards/CTSH.current.json",
          "decision_tier_row": false,
          "production_answer_path_member": false,
          "repair_scope": "thin_monitor_expected_context",
          "stale_reasons": [
            "stale:catalyst_earnings_state",
            "stale:deployment_readiness",
            "stale:price_band_stop",
            "stale:recommendation_support",
            "stale:technical_posture"
          ],
          "thin_monitor_row": true,
          "ticker": "CTSH",
          "tier": "C",
          "universe_scope": "review_100_monitor"
        },
        {
          "card_path": "tmp/ticker-intelligence-cards/CTVA.current.json",
          "decision_tier_row": false,
          "production_answer_path_member": false,
          "repair_scope": "thin_monitor_expected_context",
          "stale_reasons": [
            "stale:catalyst_earnings_state",
            "stale:deployment_readiness",
            "stale:price_band_stop",
            "stale:recommendation_support",
            "stale:technical_posture"
          ],
          "thin_monitor_row": true,
          "ticker": "CTVA",
          "tier": "C",
          "universe_scope": "review_100_monitor"
        },
        {
          "card_path": "tmp/ticker-intelligence-cards/CVNA.current.json",
          "decision_tier_row": false,
          "production_answer_path_member": false,
          "repair_scope": "thin_monitor_expected_context",
          "stale_reasons": [
            "stale:catalyst_earnings_state",
            "stale:deployment_readiness",
            "stale:price_band_stop",
            "stale:recommendation_support",
            "stale:technical_posture"
          ],
          "thin_monitor_row": true,
          "ticker": "CVNA",
          "tier": "C",
          "universe_scope": "review_100_monitor"
        },
        {
          "card_path": "tmp/ticker-intelligence-cards/CVS.current.json",
          "decision_tier_row": false,
          "production_answer_path_member": false,
          "repair_scope": "thin_monitor_expected_context",
          "stale_reasons": [
            "price_band_stop",
            "stale:catalyst_earnings_state",
            "stale:deployment_readiness",
            "stale:price_band_stop",
            "stale:recommendation_support",
            "stale:technical_posture"
          ],
          "thin_monitor_row": true,
          "ticker": "CVS",
          "tier": "C",
          "universe_scope": "review_100_monitor"
        },
        {
          "card_path": "tmp/ticker-intelligence-cards/D.current.json",
          "decision_tier_row": false,
          "production_answer_path_member": false,
          "repair_scope": "thin_monitor_expected_context",
          "stale_reasons": [
            "stale:catalyst_earnings_state",
            "stale:deployment_readiness",
            "stale:price_band_stop",
            "stale:recommendation_support",
            "stale:technical_posture"
          ],
          "thin_monitor_row": true,
          "ticker": "D",
          "tier": "C",
          "universe_scope": "review_100_monitor"
        },
        {
          "card_path": "tmp/ticker-intelligence-cards/DAL.current.json",
          "decision_tier_row": false,
          "production_answer_path_member": false,
          "repair_scope": "thin_monitor_expected_context",
          "stale_reasons": [
            "stale:catalyst_earnings_state",
            "stale:deployment_readiness",
            "stale:price_band_stop",
            "stale:recommendation_support",
            "stale:technical_posture"
          ],
          "thin_monitor_row": true,
          "ticker": "DAL",
          "tier": "C",
          "universe_scope": "review_100_monitor"
        },
        {
          "card_path": "tmp/ticker-intelligence-cards/DASH.current.json",
          "decision_tier_row": false,
          "production_answer_path_member": false,
          "repair_scope": "thin_monitor_expected_context",
          "stale_reasons": [
            "stale:catalyst_earnings_state",
            "stale:deployment_readiness",
            "stale:price_band_stop",
            "stale:recommendation_support",
            "stale:technical_posture"
          ],
          "thin_monitor_row": true,
          "ticker": "DASH",
          "tier": "C",
          "universe_scope": "review_100_monitor"
        },
        {
          "card_path": "tmp/ticker-intelligence-cards/DD.current.json",
          "decision_tier_row": false,
          "production_answer_path_member": false,
          "repair_scope": "thin_monitor_expected_context",
          "stale_reasons": [
            "stale:catalyst_earnings_state",
            "stale:deployment_readiness",
            "stale:price_band_stop",
            "stale:recommendation_support",
            "stale:technical_posture"
          ],
          "thin_monitor_row": true,
          "ticker": "DD",
          "tier": "C",
          "universe_scope": "review_100_monitor"
        },
        {
          "card_path": "tmp/ticker-intelligence-cards/DDOG.current.json",
          "decision_tier_row": false,
          "production_answer_path_member": false,
          "repair_scope": "thin_monitor_expected_context",
          "stale_reasons": [
            "stale:catalyst_earnings_state",
            "stale:deployment_readiness",
            "stale:price_band_stop",
            "stale:recommendation_support",
            "stale:technical_posture"
          ],
          "thin_monitor_row": true,
          "ticker": "DDOG",
          "tier": "C",
          "universe_scope": "review_100_monitor"
        },
        {
          "card_path": "tmp/ticker-intelligence-cards/DE.current.json",
          "decision_tier_row": false,
          "production_answer_path_member": false,
          "repair_scope": "thin_monitor_expected_context",
          "stale_reasons": [
            "stale:catalyst_earnings_state",
            "stale:deployment_readiness",
            "stale:price_band_stop",
            "stale:recommendation_support",
            "stale:technical_posture"
          ],
          "thin_monitor_row": true,
          "ticker": "DE",
          "tier": "C",
          "universe_scope": "review_100_monitor"
        },
        {
          "card_path": "tmp/ticker-intelligence-cards/DECK.current.json",
          "decision_tier_row": false,
          "production_answer_path_member": false,
          "repair_scope": "thin_monitor_expected_context",
          "stale_reasons": [
            "stale:catalyst_earnings_state",
            "stale:deployment_readiness",
            "stale:price_band_stop",
            "stale:recommendation_support",
            "stale:technical_posture"
          ],
          "thin_monitor_row": true,
          "ticker": "DECK",
          "tier": "C",
          "universe_scope": "review_100_monitor"
        },
        {
          "card_path": "tmp/ticker-intelligence-cards/DELL.current.json",
          "decision_tier_row": false,
          "production_answer_path_member": false,
          "repair_scope": "thin_monitor_expected_context",
          "stale_reasons": [
            "stale:catalyst_earnings_state",
            "stale:deployment_readiness",
            "stale:price_band_stop",
            "stale:recommendation_support",
            "stale:technical_posture"
          ],
          "thin_monitor_row": true,
          "ticker": "DELL",
          "tier": "C",
          "universe_scope": "review_100_monitor"
        },
        {
          "card_path": "tmp/ticker-intelligence-cards/DG.current.json",
          "decision_tier_row": false,
          "production_answer_path_member": false,
          "repair_scope": "thin_monitor_expected_context",
          "stale_reasons": [
            "price_band_stop",
            "stale:catalyst_earnings_state",
            "stale:deployment_readiness",
            "stale:price_band_stop",
            "stale:recommendation_support",
            "stale:technical_posture"
          ],
          "thin_monitor_row": true,
          "ticker": "DG",
          "tier": "C",
          "universe_scope": "review_100_monitor"
        },
        {
          "card_path": "tmp/ticker-intelligence-cards/DGX.current.json",
          "decision_tier_row": false,
          "production_answer_path_member": false,
          "repair_scope": "thin_monitor_expected_context",
          "stale_reasons": [
            "price_band_stop",
            "stale:catalyst_earnings_state",
            "stale:deployment_readiness",
            "stale:price_band_stop",
            "stale:recommendation_support",
            "stale:technical_posture"
          ],
          "thin_monitor_row": true,
          "ticker": "DGX",
          "tier": "C",
          "universe_scope": "review_100_monitor"
        },
        {
          "card_path": "tmp/ticker-intelligence-cards/DHI.current.json",
          "decision_tier_row": false,
          "production_answer_path_member": false,
          "repair_scope": "thin_monitor_expected_context",
          "stale_reasons": [
            "price_band_stop",
            "stale:catalyst_earnings_state",
            "stale:deployment_readiness",
            "stale:price_band_stop",
            "stale:recommendation_support",
            "stale:technical_posture"
          ],
          "thin_monitor_row": true,
          "ticker": "DHI",
          "tier": "C",
          "universe_scope": "review_100_monitor"
        },
        {
          "card_path": "tmp/ticker-intelligence-cards/DHR.current.json",
          "decision_tier_row": false,
          "production_answer_path_member": false,
          "repair_scope": "thin_monitor_expected_context",
          "stale_reasons": [
            "stale:catalyst_earnings_state",
            "stale:deployment_readiness",
            "stale:price_band_stop",
            "stale:recommendation_support",
            "stale:technical_posture"
          ],
          "thin_monitor_row": true,
          "ticker": "DHR",
          "tier": "C",
          "universe_scope": "review_100_monitor"
        },
        {
          "card_path": "tmp/ticker-intelligence-cards/DIS.current.json",
          "decision_tier_row": false,
          "production_answer_path_member": false,
          "repair_scope": "thin_monitor_expected_context",
          "stale_reasons": [
            "stale:catalyst_earnings_state",
            "stale:deployment_readiness",
            "stale:price_band_stop",
            "stale:recommendation_support",
            "stale:technical_posture"
          ],
          "thin_monitor_row": true,
          "ticker": "DIS",
          "tier": "C",
          "universe_scope": "review_100_monitor"
        },
        {
          "card_path": "tmp/ticker-intelligence-cards/DLR.current.json",
          "decision_tier_row": false,
          "production_answer_path_member": false,
          "repair_scope": "thin_monitor_expected_context",
          "stale_reasons": [
            "stale:catalyst_earnings_state",
            "stale:deployment_readiness",
            "stale:price_band_stop",
            "stale:recommendation_support",
            "stale:technical_posture"
          ],
          "thin_monitor_row": true,
          "ticker": "DLR",
          "tier": "C",
          "universe_scope": "review_100_monitor"
        },
        {
          "card_path": "tmp/ticker-intelligence-cards/DLTR.current.json",
          "decision_tier_row": false,
          "production_answer_path_member": false,
          "repair_scope": "thin_monitor_expected_context",
          "stale_reasons": [
            "stale:catalyst_earnings_state",
            "stale:deployment_readiness",
            "stale:price_band_stop",
            "stale:recommendation_support",
            "stale:technical_posture"
          ],
          "thin_monitor_row": true,
          "ticker": "DLTR",
          "tier": "C",
          "universe_scope": "review_100_monitor"
        },
        {
          "card_path": "tmp/ticker-intelligence-cards/DOC.current.json",
          "decision_tier_row": false,
          "production_answer_path_member": false,
          "repair_scope": "thin_monitor_expected_context",
          "stale_reasons": [
            "stale:catalyst_earnings_state",
            "stale:deployment_readiness",
            "stale:price_band_stop",
            "stale:recommendation_support",
            "stale:technical_posture"
          ],
          "thin_monitor_row": true,
          "ticker": "DOC",
          "tier": "C",
          "universe_scope": "review_100_monitor"
        },
        {
          "card_path": "tmp/ticker-intelligence-cards/DOV.current.json",
          "decision_tier_row": false,
          "production_answer_path_member": false,
          "repair_scope": "thin_monitor_expected_context",
          "stale_reasons": [
            "price_band_stop",
            "stale:catalyst_earnings_state",
            "stale:deployment_readiness",
            "stale:price_band_stop",
            "stale:recommendation_support",
            "stale:technical_posture"
          ],
          "thin_monitor_row": true,
          "ticker": "DOV",
          "tier": "C",
          "universe_scope": "review_100_monitor"
        },
        {
          "card_path": "tmp/ticker-intelligence-cards/DOW.current.json",
          "decision_tier_row": false,
          "production_answer_path_member": false,
          "repair_scope": "thin_monitor_expected_context",
          "stale_reasons": [
            "stale:catalyst_earnings_state",
            "stale:deployment_readiness",
            "stale:price_band_stop",
            "stale:recommendation_support",
            "stale:technical_posture"
          ],
          "thin_monitor_row": true,
          "ticker": "DOW",
          "tier": "C",
          "universe_scope": "review_100_monitor"
        },
        {
          "card_path": "tmp/ticker-intelligence-cards/DPZ.current.json",
          "decision_tier_row": false,
          "production_answer_path_member": false,
          "repair_scope": "thin_monitor_expected_context",
          "stale_reasons": [
            "price_band_stop",
            "stale:catalyst_earnings_state",
            "stale:deployment_readiness",
            "stale:price_band_stop",
            "stale:recommendation_support",
            "stale:technical_posture"
          ],
          "thin_monitor_row": true,
          "ticker": "DPZ",
          "tier": "C",
          "universe_scope": "review_100_monitor"
        },
        {
          "card_path": "tmp/ticker-intelligence-cards/DRI.current.json",
          "decision_tier_row": false,
          "production_answer_path_member": false,
          "repair_scope": "thin_monitor_expected_context",
          "stale_reasons": [
            "stale:catalyst_earnings_state",
            "stale:deployment_readiness",
            "stale:price_band_stop",
            "stale:recommendation_support",
            "stale:technical_posture"
          ],
          "thin_monitor_row": true,
          "ticker": "DRI",
          "tier": "C",
          "universe_scope": "review_100_monitor"
        },
        {
          "card_path": "tmp/ticker-intelligence-cards/DTE.current.json",
          "decision_tier_row": false,
          "production_answer_path_member": false,
          "repair_scope": "thin_monitor_expected_context",
          "stale_reasons": [
            "stale:catalyst_earnings_state",
            "stale:deployment_readiness",
            "stale:price_band_stop",
            "stale:recommendation_support",
            "stale:technical_posture"
          ],
          "thin_monitor_row": true,
          "ticker": "DTE",
          "tier": "C",
          "universe_scope": "review_100_monitor"
        },
        {
          "card_path": "tmp/ticker-intelligence-cards/DUK.current.json",
          "decision_tier_row": false,
          "production_answer_path_member": false,
          "repair_scope": "thin_monitor_expected_context",
          "stale_reasons": [
            "stale:catalyst_earnings_state",
            "stale:deployment_readiness",
            "stale:price_band_stop",
            "stale:recommendation_support",
            "stale:technical_posture"
          ],
          "thin_monitor_row": true,
          "ticker": "DUK",
          "tier": "C",
          "universe_scope": "review_100_monitor"
        },
        {
          "card_path": "tmp/ticker-intelligence-cards/DVA.current.json",
          "decision_tier_row": false,
          "production_answer_path_member": false,
          "repair_scope": "thin_monitor_expected_context",
          "stale_reasons": [
            "stale:catalyst_earnings_state",
            "stale:deployment_readiness",
            "stale:price_band_stop",
            "stale:recommendation_support",
            "stale:technical_posture"
          ],
          "thin_monitor_row": true,
          "ticker": "DVA",
          "tier": "C",
          "universe_scope": "review_100_monitor"
        },
        {
          "card_path": "tmp/ticker-intelligence-cards/DVN.current.json",
          "decision_tier_row": false,
          "production_answer_path_member": false,
          "repair_scope": "thin_monitor_expected_context",
          "stale_reasons": [
            "stale:catalyst_earnings_state",
            "stale:deployment_readiness",
            "stale:price_band_stop",
            "stale:recommendation_support",
            "stale:technical_posture"
          ],
          "thin_monitor_row": true,
          "ticker": "DVN",
          "tier": "C",
          "universe_scope": "review_100_monitor"
        },
        {
          "card_path": "tmp/ticker-intelligence-cards/EA.current.json",
          "decision_tier_row": false,
          "production_answer_path_member": false,
          "repair_scope": "thin_monitor_expected_context",
          "stale_reasons": [
            "stale:catalyst_earnings_state",
            "stale:deployment_readiness",
            "stale:price_band_stop",
            "stale:recommendation_support",
            "stale:technical_posture"
          ],
          "thin_monitor_row": true,
          "ticker": "EA",
          "tier": "C",
          "universe_scope": "review_100_monitor"
        },
        {
          "card_path": "tmp/ticker-intelligence-cards/EBAY.current.json",
          "decision_tier_row": false,
          "production_answer_path_member": false,
          "repair_scope": "thin_monitor_expected_context",
          "stale_reasons": [
            "price_band_stop",
            "stale:catalyst_earnings_state",
            "stale:deployment_readiness",
            "stale:price_band_stop",
            "stale:recommendation_support",
            "stale:technical_posture"
          ],
          "thin_monitor_row": true,
          "ticker": "EBAY",
          "tier": "C",
          "universe_scope": "review_100_monitor"
        },
        {
          "card_path": "tmp/ticker-intelligence-cards/ECL.current.json",
          "decision_tier_row": true,
          "production_answer_path_member": true,
          "repair_scope": "production_expected_context",
          "stale_reasons": [
            {
              "detail": "Ticker not present in current deployment-readiness surface groups",
              "family": "deployment_readiness_surface",
              "severity": "context",
              "status": "missing"
            }
          ],
          "thin_monitor_row": false,
          "ticker": "ECL",
          "tier": "B",
          "universe_scope": "active_internal_universe"
        },
        {
          "card_path": "tmp/ticker-intelligence-cards/ED.current.json",
          "decision_tier_row": false,
          "production_answer_path_member": false,
          "repair_scope": "thin_monitor_expected_context",
          "stale_reasons": [
            "price_band_stop",
            "stale:catalyst_earnings_state",
            "stale:deployment_readiness",
            "stale:price_band_stop",
            "stale:recommendation_support",
            "stale:technical_posture"
          ],
          "thin_monitor_row": true,
          "ticker": "ED",
          "tier": "C",
          "universe_scope": "review_100_monitor"
        },
        {
          "card_path": "tmp/ticker-intelligence-cards/EFX.current.json",
          "decision_tier_row": false,
          "production_answer_path_member": false,
          "repair_scope": "thin_monitor_expected_context",
          "stale_reasons": [
            "stale:catalyst_earnings_state",
            "stale:deployment_readiness",
            "stale:price_band_stop",
            "stale:recommendation_support",
            "stale:technical_posture"
          ],
          "thin_monitor_row": true,
          "ticker": "EFX",
          "tier": "C",
          "universe_scope": "review_100_monitor"
        },
        {
          "card_path": "tmp/ticker-intelligence-cards/EIX.current.json",
          "decision_tier_row": false,
          "production_answer_path_member": false,
          "repair_scope": "thin_monitor_expected_context",
          "stale_reasons": [
            "price_band_stop",
            "stale:catalyst_earnings_state",
            "stale:deployment_readiness",
            "stale:price_band_stop",
            "stale:recommendation_support",
            "stale:technical_posture"
          ],
          "thin_monitor_row": true,
          "ticker": "EIX",
          "tier": "C",
          "universe_scope": "review_100_monitor"
        },
        {
          "card_path": "tmp/ticker-intelligence-cards/EL.current.json",
          "decision_tier_row": false,
          "production_answer_path_member": false,
          "repair_scope": "thin_monitor_expected_context",
          "stale_reasons": [
            "stale:catalyst_earnings_state",
            "stale:deployment_readiness",
            "stale:price_band_stop",
            "stale:recommendation_support",
            "stale:technical_posture"
          ],
          "thin_monitor_row": true,
          "ticker": "EL",
          "tier": "C",
          "universe_scope": "review_100_monitor"
        },
        {
          "card_path": "tmp/ticker-intelligence-cards/EME.current.json",
          "decision_tier_row": false,
          "production_answer_path_member": false,
          "repair_scope": "thin_monitor_expected_context",
          "stale_reasons": [
            "stale:catalyst_earnings_state",
            "stale:deployment_readiness",
            "stale:price_band_stop",
            "stale:recommendation_support",
            "stale:technical_posture"
          ],
          "thin_monitor_row": true,
          "ticker": "EME",
          "tier": "C",
          "universe_scope": "review_100_monitor"
        },
        {
          "card_path": "tmp/ticker-intelligence-cards/EMR.current.json",
          "decision_tier_row": false,
          "production_answer_path_member": false,
          "repair_scope": "thin_monitor_expected_context",
          "stale_reasons": [
            "stale:catalyst_earnings_state",
            "stale:deployment_readiness",
            "stale:price_band_stop",
            "stale:recommendation_support",
            "stale:technical_posture"
          ],
          "thin_monitor_row": true,
          "ticker": "EMR",
          "tier": "C",
          "universe_scope": "review_100_monitor"
        },
        {
          "card_path": "tmp/ticker-intelligence-cards/EOG.current.json",
          "decision_tier_row": false,
          "production_answer_path_member": false,
          "repair_scope": "thin_monitor_expected_context",
          "stale_reasons": [
            "stale:catalyst_earnings_state",
            "stale:deployment_readiness",
            "stale:price_band_stop",
            "stale:recommendation_support",
            "stale:technical_posture"
          ],
          "thin_monitor_row": true,
          "ticker": "EOG",
          "tier": "C",
          "universe_scope": "review_100_monitor"
        },
        {
          "card_path": "tmp/ticker-intelligence-cards/EQIX.current.json",
          "decision_tier_row": false,
          "production_answer_path_member": false,
          "repair_scope": "thin_monitor_expected_context",
          "stale_reasons": [
            "price_band_stop",
            "stale:catalyst_earnings_state",
            "stale:deployment_readiness",
            "stale:price_band_stop",
            "stale:recommendation_support",
            "stale:technical_posture"
          ],
          "thin_monitor_row": true,
          "ticker": "EQIX",
          "tier": "C",
          "universe_scope": "review_100_monitor"
        },
        {
          "card_path": "tmp/ticker-intelligence-cards/EQR.current.json",
          "decision_tier_row": false,
          "production_answer_path_member": false,
          "repair_scope": "thin_monitor_expected_context",
          "stale_reasons": [
            "price_band_stop",
            "stale:catalyst_earnings_state",
            "stale:deployment_readiness",
            "stale:price_band_stop",
            "stale:recommendation_support",
            "stale:technical_posture"
          ],
          "thin_monitor_row": true,
          "ticker": "EQR",
          "tier": "C",
          "universe_scope": "review_100_monitor"
        },
        {
          "card_path": "tmp/ticker-intelligence-cards/EQT.current.json",
          "decision_tier_row": false,
          "production_answer_path_member": false,
          "repair_scope": "thin_monitor_expected_context",
          "stale_reasons": [
            "stale:catalyst_earnings_state",
            "stale:deployment_readiness",
            "stale:price_band_stop",
            "stale:recommendation_support",
            "stale:technical_posture"
          ],
          "thin_monitor_row": true,
          "ticker": "EQT",
          "tier": "C",
          "universe_scope": "review_100_monitor"
        },
        {
          "card_path": "tmp/ticker-intelligence-cards/ES.current.json",
          "decision_tier_row": false,
          "production_answer_path_member": false,
          "repair_scope": "thin_monitor_expected_context",
          "stale_reasons": [
            "stale:catalyst_earnings_state",
            "stale:deployment_readiness",
            "stale:price_band_stop",
            "stale:recommendation_support",
            "stale:technical_posture"
          ],
          "thin_monitor_row": true,
          "ticker": "ES",
          "tier": "C",
          "universe_scope": "review_100_monitor"
        },
        {
          "card_path": "tmp/ticker-intelligence-cards/ESS.current.json",
          "decision_tier_row": false,
          "production_answer_path_member": false,
          "repair_scope": "thin_monitor_expected_context",
          "stale_reasons": [
            "price_band_stop",
            "stale:catalyst_earnings_state",
            "stale:deployment_readiness",
            "stale:price_band_stop",
            "stale:recommendation_support",
            "stale:technical_posture"
          ],
          "thin_monitor_row": true,
          "ticker": "ESS",
          "tier": "C",
          "universe_scope": "review_100_monitor"
        },
        {
          "card_path": "tmp/ticker-intelligence-cards/ETR.current.json",
          "decision_tier_row": false,
          "production_answer_path_member": false,
          "repair_scope": "thin_monitor_expected_context",
          "stale_reasons": [
            "price_band_stop",
            "stale:catalyst_earnings_state",
            "stale:deployment_readiness",
            "stale:price_band_stop",
            "stale:recommendation_support",
            "stale:technical_posture"
          ],
          "thin_monitor_row": true,
          "ticker": "ETR",
          "tier": "C",
          "universe_scope": "review_100_monitor"
        },
        {
          "card_path": "tmp/ticker-intelligence-cards/EVRG.current.json",
          "decision_tier_row": false,
          "production_answer_path_member": false,
          "repair_scope": "thin_monitor_expected_context",
          "stale_reasons": [
            "price_band_stop",
            "stale:catalyst_earnings_state",
            "stale:deployment_readiness",
            "stale:price_band_stop",
            "stale:recommendation_support",
            "stale:technical_posture"
          ],
          "thin_monitor_row": true,
          "ticker": "EVRG",
          "tier": "C",
          "universe_scope": "review_100_monitor"
        },
        {
          "card_path": "tmp/ticker-intelligence-cards/EXC.current.json",
          "decision_tier_row": false,
          "production_answer_path_member": false,
          "repair_scope": "thin_monitor_expected_context",
          "stale_reasons": [
            "price_band_stop",
            "stale:catalyst_earnings_state",
            "stale:deployment_readiness",
            "stale:price_band_stop",
            "stale:recommendation_support",
            "stale:technical_posture"
          ],
          "thin_monitor_row": true,
          "ticker": "EXC",
          "tier": "C",
          "universe_scope": "review_100_monitor"
        },
        {
          "card_path": "tmp/ticker-intelligence-cards/EXE.current.json",
          "decision_tier_row": false,
          "production_answer_path_member": false,
          "repair_scope": "thin_monitor_expected_context",
          "stale_reasons": [
            "stale:catalyst_earnings_state",
            "stale:deployment_readiness",
            "stale:price_band_stop",
            "stale:recommendation_support",
            "stale:technical_posture"
          ],
          "thin_monitor_row": true,
          "ticker": "EXE",
          "tier": "C",
          "universe_scope": "review_100_monitor"
        },
        {
          "card_path": "tmp/ticker-intelligence-cards/EXPD.current.json",
          "decision_tier_row": false,
          "production_answer_path_member": false,
          "repair_scope": "thin_monitor_expected_context",
          "stale_reasons": [
            "stale:catalyst_earnings_state",
            "stale:deployment_readiness",
            "stale:price_band_stop",
            "stale:recommendation_support",
            "stale:technical_posture"
          ],
          "thin_monitor_row": true,
          "ticker": "EXPD",
          "tier": "C",
          "universe_scope": "review_100_monitor"
        },
        {
          "card_path": "tmp/ticker-intelligence-cards/EXPE.current.json",
          "decision_tier_row": false,
          "production_answer_path_member": false,
          "repair_scope": "thin_monitor_expected_context",
          "stale_reasons": [
            "stale:catalyst_earnings_state",
            "stale:deployment_readiness",
            "stale:price_band_stop",
            "stale:recommendation_support",
            "stale:technical_posture"
          ],
          "thin_monitor_row": true,
          "ticker": "EXPE",
          "tier": "C",
          "universe_scope": "review_100_monitor"
        },
        {
          "card_path": "tmp/ticker-intelligence-cards/EXR.current.json",
          "decision_tier_row": false,
          "production_answer_path_member": false,
          "repair_scope": "thin_monitor_expected_context",
          "stale_reasons": [
            "price_band_stop",
            "stale:catalyst_earnings_state",
            "stale:deployment_readiness",
            "stale:price_band_stop",
            "stale:recommendation_support",
            "stale:technical_posture"
          ],
          "thin_monitor_row": true,
          "ticker": "EXR",
          "tier": "C",
          "universe_scope": "review_100_monitor"
        },
        {
          "card_path": "tmp/ticker-intelligence-cards/F.current.json",
          "decision_tier_row": false,
          "production_answer_path_member": false,
          "repair_scope": "thin_monitor_expected_context",
          "stale_reasons": [
            "price_band_stop",
            "stale:catalyst_earnings_state",
            "stale:deployment_readiness",
            "stale:price_band_stop",
            "stale:recommendation_support",
            "stale:technical_posture"
          ],
          "thin_monitor_row": true,
          "ticker": "F",
          "tier": "C",
          "universe_scope": "review_100_monitor"
        },
        {
          "card_path": "tmp/ticker-intelligence-cards/FANG.current.json",
          "decision_tier_row": false,
          "production_answer_path_member": false,
          "repair_scope": "thin_monitor_expected_context",
          "stale_reasons": [
            "stale:catalyst_earnings_state",
            "stale:deployment_readiness",
            "stale:price_band_stop",
            "stale:recommendation_support",
            "stale:technical_posture"
          ],
          "thin_monitor_row": true,
          "ticker": "FANG",
          "tier": "C",
          "universe_scope": "review_100_monitor"
        },
        {
          "card_path": "tmp/ticker-intelligence-cards/FAST.current.json",
          "decision_tier_row": false,
          "production_answer_path_member": false,
          "repair_scope": "thin_monitor_expected_context",
          "stale_reasons": [
            "stale:catalyst_earnings_state",
            "stale:deployment_readiness",
            "stale:price_band_stop",
            "stale:recommendation_support",
            "stale:technical_posture"
          ],
          "thin_monitor_row": true,
          "ticker": "FAST",
          "tier": "C",
          "universe_scope": "review_100_monitor"
        },
        {
          "card_path": "tmp/ticker-intelligence-cards/FCX.current.json",
          "decision_tier_row": false,
          "production_answer_path_member": false,
          "repair_scope": "thin_monitor_expected_context",
          "stale_reasons": [
            "stale:catalyst_earnings_state",
            "stale:deployment_readiness",
            "stale:price_band_stop",
            "stale:recommendation_support",
            "stale:technical_posture"
          ],
          "thin_monitor_row": true,
          "ticker": "FCX",
          "tier": "C",
          "universe_scope": "review_100_monitor"
        },
        {
          "card_path": "tmp/ticker-intelligence-cards/FE.current.json",
          "decision_tier_row": false,
          "production_answer_path_member": false,
          "repair_scope": "thin_monitor_expected_context",
          "stale_reasons": [
            "price_band_stop",
            "stale:catalyst_earnings_state",
            "stale:deployment_readiness",
            "stale:price_band_stop",
            "stale:recommendation_support",
            "stale:technical_posture"
          ],
          "thin_monitor_row": true,
          "ticker": "FE",
          "tier": "C",
          "universe_scope": "review_100_monitor"
        },
        {
          "card_path": "tmp/ticker-intelligence-cards/FFIV.current.json",
          "decision_tier_row": false,
          "production_answer_path_member": false,
          "repair_scope": "thin_monitor_expected_context",
          "stale_reasons": [
            "stale:catalyst_earnings_state",
            "stale:deployment_readiness",
            "stale:price_band_stop",
            "stale:recommendation_support",
            "stale:technical_posture"
          ],
          "thin_monitor_row": true,
          "ticker": "FFIV",
          "tier": "C",
          "universe_scope": "review_100_monitor"
        },
        {
          "card_path": "tmp/ticker-intelligence-cards/FICO.current.json",
          "decision_tier_row": false,
          "production_answer_path_member": false,
          "repair_scope": "thin_monitor_expected_context",
          "stale_reasons": [
            "stale:catalyst_earnings_state",
            "stale:deployment_readiness",
            "stale:price_band_stop",
            "stale:recommendation_support",
            "stale:technical_posture"
          ],
          "thin_monitor_row": true,
          "ticker": "FICO",
          "tier": "C",
          "universe_scope": "review_100_monitor"
        },
        {
          "card_path": "tmp/ticker-intelligence-cards/FLEX.current.json",
          "decision_tier_row": false,
          "production_answer_path_member": false,
          "repair_scope": "thin_monitor_expected_context",
          "stale_reasons": [
            "stale:catalyst_earnings_state",
            "stale:deployment_readiness",
            "stale:price_band_stop",
            "stale:recommendation_support",
            "stale:technical_posture"
          ],
          "thin_monitor_row": true,
          "ticker": "FLEX",
          "tier": "C",
          "universe_scope": "review_100_monitor"
        },
        {
          "card_path": "tmp/ticker-intelligence-cards/FOX.current.json",
          "decision_tier_row": false,
          "production_answer_path_member": false,
          "repair_scope": "thin_monitor_expected_context",
          "stale_reasons": [
            "analyst_consensus",
            "analyst_price_targets",
            "analyst_ratings",
            "stale:catalyst_earnings_state",
            "stale:deployment_readiness",
            "stale:price_band_stop",
            "stale:recommendation_support",
            "stale:technical_posture"
          ],
          "thin_monitor_row": true,
          "ticker": "FOX",
          "tier": "C",
          "universe_scope": "review_100_monitor"
        },
        {
          "card_path": "tmp/ticker-intelligence-cards/FOXA.current.json",
          "decision_tier_row": false,
          "production_answer_path_member": false,
          "repair_scope": "thin_monitor_expected_context",
          "stale_reasons": [
            "stale:catalyst_earnings_state",
            "stale:deployment_readiness",
            "stale:price_band_stop",
            "stale:recommendation_support",
            "stale:technical_posture"
          ],
          "thin_monitor_row": true,
          "ticker": "FOXA",
          "tier": "C",
          "universe_scope": "review_100_monitor"
        },
        {
          "card_path": "tmp/ticker-intelligence-cards/FRT.current.json",
          "decision_tier_row": false,
          "production_answer_path_member": false,
          "repair_scope": "thin_monitor_expected_context",
          "stale_reasons": [
            "price_band_stop",
            "stale:catalyst_earnings_state",
            "stale:deployment_readiness",
            "stale:price_band_stop",
            "stale:recommendation_support",
            "stale:technical_posture"
          ],
          "thin_monitor_row": true,
          "ticker": "FRT",
          "tier": "C",
          "universe_scope": "review_100_monitor"
        },
        {
          "card_path": "tmp/ticker-intelligence-cards/FSLR.current.json",
          "decision_tier_row": false,
          "production_answer_path_member": false,
          "repair_scope": "thin_monitor_expected_context",
          "stale_reasons": [
            "stale:catalyst_earnings_state",
            "stale:deployment_readiness",
            "stale:price_band_stop",
            "stale:recommendation_support",
            "stale:technical_posture"
          ],
          "thin_monitor_row": true,
          "ticker": "FSLR",
          "tier": "C",
          "universe_scope": "review_100_monitor"
        },
        {
          "card_path": "tmp/ticker-intelligence-cards/GD.current.json",
          "decision_tier_row": false,
          "production_answer_path_member": false,
          "repair_scope": "thin_monitor_expected_context",
          "stale_reasons": [
            "stale:catalyst_earnings_state",
            "stale:deployment_readiness",
            "stale:price_band_stop",
            "stale:recommendation_support",
            "stale:technical_posture"
          ],
          "thin_monitor_row": true,
          "ticker": "GD",
          "tier": "C",
          "universe_scope": "review_100_monitor"
        },
        {
          "card_path": "tmp/ticker-intelligence-cards/GE.current.json",
          "decision_tier_row": true,
          "production_answer_path_member": false,
          "repair_scope": "production_expected_context",
          "stale_reasons": [
            {
              "detail": "Ticker not present in current deployment-readiness surface groups",
              "family": "deployment_readiness_surface",
              "severity": "context",
              "status": "missing"
            }
          ],
          "thin_monitor_row": false,
          "ticker": "GE",
          "tier": "B",
          "universe_scope": "active_internal_universe"
        },
        {
          "card_path": "tmp/ticker-intelligence-cards/GIS.current.json",
          "decision_tier_row": false,
          "production_answer_path_member": false,
          "repair_scope": "thin_monitor_expected_context",
          "stale_reasons": [
            "price_band_stop",
            "stale:catalyst_earnings_state",
            "stale:deployment_readiness",
            "stale:price_band_stop",
            "stale:recommendation_support",
            "stale:technical_posture"
          ],
          "thin_monitor_row": true,
          "ticker": "GIS",
          "tier": "C",
          "universe_scope": "review_100_monitor"
        },
        {
          "card_path": "tmp/ticker-intelligence-cards/GM.current.json",
          "decision_tier_row": false,
          "production_answer_path_member": false,
          "repair_scope": "thin_monitor_expected_context",
          "stale_reasons": [
            "price_band_stop",
            "stale:catalyst_earnings_state",
            "stale:deployment_readiness",
            "stale:price_band_stop",
            "stale:recommendation_support",
            "stale:technical_posture"
          ],
          "thin_monitor_row": true,
          "ticker": "GM",
          "tier": "C",
          "universe_scope": "review_100_monitor"
        },
        {
          "card_path": "tmp/ticker-intelligence-cards/GOOGL.current.json",
          "decision_tier_row": false,
          "production_answer_path_member": false,
          "repair_scope": "thin_monitor_expected_context",
          "stale_reasons": [
            "stale:catalyst_earnings_state",
            "stale:deployment_readiness",
            "stale:price_band_stop",
            "stale:recommendation_support",
            "stale:technical_posture"
          ],
          "thin_monitor_row": true,
          "ticker": "GOOGL",
          "tier": "C",
          "universe_scope": "review_100_monitor"
        },
        {
          "card_path": "tmp/ticker-intelligence-cards/GPC.current.json",
          "decision_tier_row": false,
          "production_answer_path_member": false,
          "repair_scope": "thin_monitor_expected_context",
          "stale_reasons": [
            "stale:catalyst_earnings_state",
            "stale:deployment_readiness",
            "stale:price_band_stop",
            "stale:recommendation_support",
            "stale:technical_posture"
          ],
          "thin_monitor_row": true,
          "ticker": "GPC",
          "tier": "C",
          "universe_scope": "review_100_monitor"
        },
        {
          "card_path": "tmp/ticker-intelligence-cards/GRMN.current.json",
          "decision_tier_row": false,
          "production_answer_path_member": false,
          "repair_scope": "thin_monitor_expected_context",
          "stale_reasons": [
            "stale:catalyst_earnings_state",
            "stale:deployment_readiness",
            "stale:price_band_stop",
            "stale:recommendation_support",
            "stale:technical_posture"
          ],
          "thin_monitor_row": true,
          "ticker": "GRMN",
          "tier": "C",
          "universe_scope": "review_100_monitor"
        },
        {
          "card_path": "tmp/ticker-intelligence-cards/GS.current.json",
          "decision_tier_row": true,
          "production_answer_path_member": false,
          "repair_scope": "production_expected_context",
          "stale_reasons": [
            {
              "detail": "Official period 2026-06-30 is newer than normalized metrics period 2026-03-31; withheld fields remain manual/10-Q required.",
              "family": "fundamental_period_alignment",
              "severity": "context",
              "status": "newer_official_period_normalized_metrics_catch_up_required"
            }
          ],
          "thin_monitor_row": false,
          "ticker": "GS",
          "tier": "A",
          "universe_scope": "active_internal_universe"
        },
        {
          "card_path": "tmp/ticker-intelligence-cards/HAL.current.json",
          "decision_tier_row": false,
          "production_answer_path_member": false,
          "repair_scope": "thin_monitor_expected_context",
          "stale_reasons": [
            "stale:catalyst_earnings_state",
            "stale:deployment_readiness",
            "stale:price_band_stop",
            "stale:recommendation_support",
            "stale:technical_posture"
          ],
          "thin_monitor_row": true,
          "ticker": "HAL",
          "tier": "C",
          "universe_scope": "review_100_monitor"
        },
        {
          "card_path": "tmp/ticker-intelligence-cards/HAS.current.json",
          "decision_tier_row": false,
          "production_answer_path_member": false,
          "repair_scope": "thin_monitor_expected_context",
          "stale_reasons": [
            "price_band_stop",
            "stale:catalyst_earnings_state",
            "stale:deployment_readiness",
            "stale:price_band_stop",
            "stale:recommendation_support",
            "stale:technical_posture"
          ],
          "thin_monitor_row": true,
          "ticker": "HAS",
          "tier": "C",
          "universe_scope": "review_100_monitor"
        },
        {
          "card_path": "tmp/ticker-intelligence-cards/HD.current.json",
          "decision_tier_row": false,
          "production_answer_path_member": false,
          "repair_scope": "thin_monitor_expected_context",
          "stale_reasons": [
            "stale:catalyst_earnings_state",
            "stale:deployment_readiness",
            "stale:price_band_stop",
            "stale:recommendation_support",
            "stale:technical_posture"
          ],
          "thin_monitor_row": true,
          "ticker": "HD",
          "tier": "C",
          "universe_scope": "review_100_monitor"
        },
        {
          "card_path": "tmp/ticker-intelligence-cards/HON.current.json",
          "decision_tier_row": false,
          "production_answer_path_member": false,
          "repair_scope": "thin_monitor_expected_context",
          "stale_reasons": [
            "stale:catalyst_earnings_state",
            "stale:deployment_readiness",
            "stale:price_band_stop",
            "stale:recommendation_support",
            "stale:technical_posture"
          ],
          "thin_monitor_row": true,
          "ticker": "HON",
          "tier": "C",
          "universe_scope": "review_100_monitor"
        },
        {
          "card_path": "tmp/ticker-intelligence-cards/HRL.current.json",
          "decision_tier_row": false,
          "production_answer_path_member": false,
          "repair_scope": "thin_monitor_expected_context",
          "stale_reasons": [
            "stale:catalyst_earnings_state",
            "stale:deployment_readiness",
            "stale:price_band_stop",
            "stale:recommendation_support",
            "stale:technical_posture"
          ],
          "thin_monitor_row": true,
          "ticker": "HRL",
          "tier": "C",
          "universe_scope": "review_100_monitor"
        },
        {
          "card_path": "tmp/ticker-intelligence-cards/HST.current.json",
          "decision_tier_row": false,
          "production_answer_path_member": false,
          "repair_scope": "thin_monitor_expected_context",
          "stale_reasons": [
            "price_band_stop",
            "stale:catalyst_earnings_state",
            "stale:deployment_readiness",
            "stale:price_band_stop",
            "stale:recommendation_support",
            "stale:technical_posture"
          ],
          "thin_monitor_row": true,
          "ticker": "HST",
          "tier": "C",
          "universe_scope": "review_100_monitor"
        },
        {
          "card_path": "tmp/ticker-intelligence-cards/HSY.current.json",
          "decision_tier_row": false,
          "production_answer_path_member": false,
          "repair_scope": "thin_monitor_expected_context",
          "stale_reasons": [
            "price_band_stop",
            "stale:catalyst_earnings_state",
            "stale:deployment_readiness",
            "stale:price_band_stop",
            "stale:recommendation_support",
            "stale:technical_posture"
          ],
          "thin_monitor_row": true,
          "ticker": "HSY",
          "tier": "C",
          "universe_scope": "review_100_monitor"
        },
        {
          "card_path": "tmp/ticker-intelligence-cards/IFF.current.json",
          "decision_tier_row": false,
          "production_answer_path_member": false,
          "repair_scope": "thin_monitor_expected_context",
          "stale_reasons": [
            "stale:catalyst_earnings_state",
            "stale:deployment_readiness",
            "stale:price_band_stop",
            "stale:recommendation_support",
            "stale:technical_posture"
          ],
          "thin_monitor_row": true,
          "ticker": "IFF",
          "tier": "C",
          "universe_scope": "review_100_monitor"
        },
        {
          "card_path": "tmp/ticker-intelligence-cards/INTU.current.json",
          "decision_tier_row": false,
          "production_answer_path_member": false,
          "repair_scope": "thin_monitor_expected_context",
          "stale_reasons": [
            "stale:catalyst_earnings_state",
            "stale:deployment_readiness",
            "stale:price_band_stop",
            "stale:recommendation_support",
            "stale:technical_posture"
          ],
          "thin_monitor_row": true,
          "ticker": "INTU",
          "tier": "C",
          "universe_scope": "review_100_monitor"
        },
        {
          "card_path": "tmp/ticker-intelligence-cards/INVH.current.json",
          "decision_tier_row": false,
          "production_answer_path_member": false,
          "repair_scope": "thin_monitor_expected_context",
          "stale_reasons": [
            "price_band_stop",
            "stale:catalyst_earnings_state",
            "stale:deployment_readiness",
            "stale:price_band_stop",
            "stale:recommendation_support",
            "stale:technical_posture"
          ],
          "thin_monitor_row": true,
          "ticker": "INVH",
          "tier": "C",
          "universe_scope": "review_100_monitor"
        },
        {
          "card_path": "tmp/ticker-intelligence-cards/IP.current.json",
          "decision_tier_row": false,
          "production_answer_path_member": false,
          "repair_scope": "thin_monitor_expected_context",
          "stale_reasons": [
            "stale:catalyst_earnings_state",
            "stale:deployment_readiness",
            "stale:price_band_stop",
            "stale:recommendation_support",
            "stale:technical_posture"
          ],
          "thin_monitor_row": true,
          "ticker": "IP",
          "tier": "C",
          "universe_scope": "review_100_monitor"
        },
        {
          "card_path": "tmp/ticker-intelligence-cards/IRM.current.json",
          "decision_tier_row": false,
          "production_answer_path_member": false,
          "repair_scope": "thin_monitor_expected_context",
          "stale_reasons": [
            "stale:catalyst_earnings_state",
            "stale:deployment_readiness",
            "stale:price_band_stop",
            "stale:recommendation_support",
            "stale:technical_posture"
          ],
          "thin_monitor_row": true,
          "ticker": "IRM",
          "tier": "C",
          "universe_scope": "review_100_monitor"
        },
        {
          "card_path": "tmp/ticker-intelligence-cards/ISRG.current.json",
          "decision_tier_row": false,
          "production_answer_path_member": false,
          "repair_scope": "thin_monitor_expected_context",
          "stale_reasons": [
            "stale:catalyst_earnings_state",
            "stale:deployment_readiness",
            "stale:price_band_stop",
            "stale:recommendation_support",
            "stale:technical_posture"
          ],
          "thin_monitor_row": true,
          "ticker": "ISRG",
          "tier": "C",
          "universe_scope": "review_100_monitor"
        },
        {
          "card_path": "tmp/ticker-intelligence-cards/KDP.current.json",
          "decision_tier_row": false,
          "production_answer_path_member": false,
          "repair_scope": "thin_monitor_expected_context",
          "stale_reasons": [
            "stale:catalyst_earnings_state",
            "stale:deployment_readiness",
            "stale:price_band_stop",
            "stale:recommendation_support",
            "stale:technical_posture"
          ],
          "thin_monitor_row": true,
          "ticker": "KDP",
          "tier": "C",
          "universe_scope": "review_100_monitor"
        },
        {
          "card_path": "tmp/ticker-intelligence-cards/KHC.current.json",
          "decision_tier_row": false,
          "production_answer_path_member": false,
          "repair_scope": "thin_monitor_expected_context",
          "stale_reasons": [
            "price_band_stop",
            "stale:catalyst_earnings_state",
            "stale:deployment_readiness",
            "stale:price_band_stop",
            "stale:recommendation_support",
            "stale:technical_posture"
          ],
          "thin_monitor_row": true,
          "ticker": "KHC",
          "tier": "C",
          "universe_scope": "review_100_monitor"
        },
        {
          "card_path": "tmp/ticker-intelligence-cards/KMB.current.json",
          "decision_tier_row": false,
          "production_answer_path_member": false,
          "repair_scope": "thin_monitor_expected_context",
          "stale_reasons": [
            "stale:catalyst_earnings_state",
            "stale:deployment_readiness",
            "stale:price_band_stop",
            "stale:recommendation_support",
            "stale:technical_posture"
          ],
          "thin_monitor_row": true,
          "ticker": "KMB",
          "tier": "C",
          "universe_scope": "review_100_monitor"
        },
        {
          "card_path": "tmp/ticker-intelligence-cards/KMI.current.json",
          "decision_tier_row": false,
          "production_answer_path_member": false,
          "repair_scope": "thin_monitor_expected_context",
          "stale_reasons": [
            "stale:catalyst_earnings_state",
            "stale:deployment_readiness",
            "stale:price_band_stop",
            "stale:recommendation_support",
            "stale:technical_posture"
          ],
          "thin_monitor_row": true,
          "ticker": "KMI",
          "tier": "C",
          "universe_scope": "review_100_monitor"
        },
        {
          "card_path": "tmp/ticker-intelligence-cards/KTOS.current.json",
          "decision_tier_row": true,
          "production_answer_path_member": false,
          "repair_scope": "production_expected_context",
          "stale_reasons": [
            {
              "detail": "Ticker not present in current deployment-readiness surface groups",
              "family": "deployment_readiness_surface",
              "severity": "context",
              "status": "missing"
            }
          ],
          "thin_monitor_row": false,
          "ticker": "KTOS",
          "tier": "B",
          "universe_scope": "active_internal_universe"
        },
        {
          "card_path": "tmp/ticker-intelligence-cards/LNG.current.json",
          "decision_tier_row": true,
          "production_answer_path_member": false,
          "repair_scope": "production_expected_context",
          "stale_reasons": [
            {
              "detail": "Ticker not present in current deployment-readiness surface groups",
              "family": "deployment_readiness_surface",
              "severity": "context",
              "status": "missing"
            }
          ],
          "thin_monitor_row": false,
          "ticker": "LNG",
          "tier": "B",
          "universe_scope": "active_internal_universe"
        },
        {
          "card_path": "tmp/ticker-intelligence-cards/LNT.current.json",
          "decision_tier_row": false,
          "production_answer_path_member": false,
          "repair_scope": "thin_monitor_expected_context",
          "stale_reasons": [
            "price_band_stop",
            "stale:catalyst_earnings_state",
            "stale:deployment_readiness",
            "stale:price_band_stop",
            "stale:recommendation_support",
            "stale:technical_posture"
          ],
          "thin_monitor_row": true,
          "ticker": "LNT",
          "tier": "C",
          "universe_scope": "review_100_monitor"
        },
        {
          "card_path": "tmp/ticker-intelligence-cards/LYB.current.json",
          "decision_tier_row": false,
          "production_answer_path_member": false,
          "repair_scope": "thin_monitor_expected_context",
          "stale_reasons": [
            "stale:catalyst_earnings_state",
            "stale:deployment_readiness",
            "stale:price_band_stop",
            "stale:recommendation_support",
            "stale:technical_posture"
          ],
          "thin_monitor_row": true,
          "ticker": "LYB",
          "tier": "C",
          "universe_scope": "review_100_monitor"
        },
        {
          "card_path": "tmp/ticker-intelligence-cards/LYV.current.json",
          "decision_tier_row": false,
          "production_answer_path_member": false,
          "repair_scope": "thin_monitor_expected_context",
          "stale_reasons": [
            "stale:catalyst_earnings_state",
            "stale:deployment_readiness",
            "stale:price_band_stop",
            "stale:recommendation_support",
            "stale:technical_posture"
          ],
          "thin_monitor_row": true,
          "ticker": "LYV",
          "tier": "C",
          "universe_scope": "review_100_monitor"
        },
        {
          "card_path": "tmp/ticker-intelligence-cards/MA.current.json",
          "decision_tier_row": false,
          "production_answer_path_member": false,
          "repair_scope": "thin_monitor_expected_context",
          "stale_reasons": [
            "stale:catalyst_earnings_state",
            "stale:deployment_readiness",
            "stale:price_band_stop",
            "stale:recommendation_support",
            "stale:technical_posture"
          ],
          "thin_monitor_row": true,
          "ticker": "MA",
          "tier": "C",
          "universe_scope": "review_100_monitor"
        },
        {
          "card_path": "tmp/ticker-intelligence-cards/MCD.current.json",
          "decision_tier_row": false,
          "production_answer_path_member": false,
          "repair_scope": "thin_monitor_expected_context",
          "stale_reasons": [
            "stale:catalyst_earnings_state",
            "stale:deployment_readiness",
            "stale:price_band_stop",
            "stale:recommendation_support",
            "stale:technical_posture"
          ],
          "thin_monitor_row": true,
          "ticker": "MCD",
          "tier": "C",
          "universe_scope": "review_100_monitor"
        },
        {
          "card_path": "tmp/ticker-intelligence-cards/MCK.current.json",
          "decision_tier_row": false,
          "production_answer_path_member": false,
          "repair_scope": "thin_monitor_expected_context",
          "stale_reasons": [
            "stale:catalyst_earnings_state",
            "stale:deployment_readiness",
            "stale:price_band_stop",
            "stale:recommendation_support",
            "stale:technical_posture"
          ],
          "thin_monitor_row": true,
          "ticker": "MCK",
          "tier": "C",
          "universe_scope": "review_100_monitor"
        },
        {
          "card_path": "tmp/ticker-intelligence-cards/MDB.current.json",
          "decision_tier_row": false,
          "production_answer_path_member": false,
          "repair_scope": "thin_monitor_expected_context",
          "stale_reasons": [
            "stale:catalyst_earnings_state",
            "stale:deployment_readiness",
            "stale:price_band_stop",
            "stale:recommendation_support",
            "stale:technical_posture"
          ],
          "thin_monitor_row": true,
          "ticker": "MDB",
          "tier": "C",
          "universe_scope": "review_100_monitor"
        },
        {
          "card_path": "tmp/ticker-intelligence-cards/META.current.json",
          "decision_tier_row": true,
          "production_answer_path_member": true,
          "repair_scope": "production_expected_context",
          "stale_reasons": [
            {
              "detail": "Ticker not present in current deployment-readiness surface groups",
              "family": "deployment_readiness_surface",
              "severity": "context",
              "status": "missing"
            }
          ],
          "thin_monitor_row": false,
          "ticker": "META",
          "tier": "A",
          "universe_scope": "active_internal_universe"
        },
        {
          "card_path": "tmp/ticker-intelligence-cards/MLM.current.json",
          "decision_tier_row": false,
          "production_answer_path_member": false,
          "repair_scope": "thin_monitor_expected_context",
          "stale_reasons": [
            "stale:catalyst_earnings_state",
            "stale:deployment_readiness",
            "stale:price_band_stop",
            "stale:recommendation_support",
            "stale:technical_posture"
          ],
          "thin_monitor_row": true,
          "ticker": "MLM",
          "tier": "C",
          "universe_scope": "review_100_monitor"
        },
        {
          "card_path": "tmp/ticker-intelligence-cards/MOS.current.json",
          "decision_tier_row": false,
          "production_answer_path_member": false,
          "repair_scope": "thin_monitor_expected_context",
          "stale_reasons": [
            "price_band_stop",
            "stale:catalyst_earnings_state",
            "stale:deployment_readiness",
            "stale:price_band_stop",
            "stale:recommendation_support",
            "stale:technical_posture"
          ],
          "thin_monitor_row": true,
          "ticker": "MOS",
          "tier": "C",
          "universe_scope": "review_100_monitor"
        },
        {
          "card_path": "tmp/ticker-intelligence-cards/MPC.current.json",
          "decision_tier_row": false,
          "production_answer_path_member": false,
          "repair_scope": "thin_monitor_expected_context",
          "stale_reasons": [
            "stale:catalyst_earnings_state",
            "stale:deployment_readiness",
            "stale:price_band_stop",
            "stale:recommendation_support",
            "stale:technical_posture"
          ],
          "thin_monitor_row": true,
          "ticker": "MPC",
          "tier": "C",
          "universe_scope": "review_100_monitor"
        },
        {
          "card_path": "tmp/ticker-intelligence-cards/MU.current.json",
          "decision_tier_row": false,
          "production_answer_path_member": false,
          "repair_scope": "thin_monitor_expected_context",
          "stale_reasons": [
            "stale:catalyst_earnings_state",
            "stale:deployment_readiness",
            "stale:price_band_stop",
            "stale:recommendation_support",
            "stale:technical_posture"
          ],
          "thin_monitor_row": true,
          "ticker": "MU",
          "tier": "C",
          "universe_scope": "review_100_monitor"
        },
        {
          "card_path": "tmp/ticker-intelligence-cards/NEE.current.json",
          "decision_tier_row": false,
          "production_answer_path_member": false,
          "repair_scope": "thin_monitor_expected_context",
          "stale_reasons": [
            "stale:catalyst_earnings_state",
            "stale:deployment_readiness",
            "stale:price_band_stop",
            "stale:recommendation_support",
            "stale:technical_posture"
          ],
          "thin_monitor_row": true,
          "ticker": "NEE",
          "tier": "C",
          "universe_scope": "review_100_monitor"
        },
        {
          "card_path": "tmp/ticker-intelligence-cards/NEM.current.json",
          "decision_tier_row": false,
          "production_answer_path_member": false,
          "repair_scope": "thin_monitor_expected_context",
          "stale_reasons": [
            "stale:catalyst_earnings_state",
            "stale:deployment_readiness",
            "stale:price_band_stop",
            "stale:recommendation_support",
            "stale:technical_posture"
          ],
          "thin_monitor_row": true,
          "ticker": "NEM",
          "tier": "C",
          "universe_scope": "review_100_monitor"
        },
        {
          "card_path": "tmp/ticker-intelligence-cards/NFLX.current.json",
          "decision_tier_row": true,
          "production_answer_path_member": false,
          "repair_scope": "production_expected_context",
          "stale_reasons": [
            {
              "detail": "Ticker not present in current deployment-readiness surface groups",
              "family": "deployment_readiness_surface",
              "severity": "context",
              "status": "missing"
            }
          ],
          "thin_monitor_row": false,
          "ticker": "NFLX",
          "tier": "B",
          "universe_scope": "active_internal_universe"
        },
        {
          "card_path": "tmp/ticker-intelligence-cards/NI.current.json",
          "decision_tier_row": false,
          "production_answer_path_member": false,
          "repair_scope": "thin_monitor_expected_context",
          "stale_reasons": [
            "price_band_stop",
            "stale:catalyst_earnings_state",
            "stale:deployment_readiness",
            "stale:price_band_stop",
            "stale:recommendation_support",
            "stale:technical_posture"
          ],
          "thin_monitor_row": true,
          "ticker": "NI",
          "tier": "C",
          "universe_scope": "review_100_monitor"
        },
        {
          "card_path": "tmp/ticker-intelligence-cards/NOC.current.json",
          "decision_tier_row": false,
          "production_answer_path_member": false,
          "repair_scope": "thin_monitor_expected_context",
          "stale_reasons": [
            "stale:catalyst_earnings_state",
            "stale:deployment_readiness",
            "stale:price_band_stop",
            "stale:recommendation_support",
            "stale:technical_posture"
          ],
          "thin_monitor_row": true,
          "ticker": "NOC",
          "tier": "C",
          "universe_scope": "review_100_monitor"
        },
        {
          "card_path": "tmp/ticker-intelligence-cards/NOW.current.json",
          "decision_tier_row": false,
          "production_answer_path_member": false,
          "repair_scope": "thin_monitor_expected_context",
          "stale_reasons": [
            "stale:catalyst_earnings_state",
            "stale:deployment_readiness",
            "stale:price_band_stop",
            "stale:recommendation_support",
            "stale:technical_posture"
          ],
          "thin_monitor_row": true,
          "ticker": "NOW",
          "tier": "C",
          "universe_scope": "review_100_monitor"
        },
        {
          "card_path": "tmp/ticker-intelligence-cards/NUE.current.json",
          "decision_tier_row": false,
          "production_answer_path_member": false,
          "repair_scope": "thin_monitor_expected_context",
          "stale_reasons": [
            "stale:catalyst_earnings_state",
            "stale:deployment_readiness",
            "stale:price_band_stop",
            "stale:recommendation_support",
            "stale:technical_posture"
          ],
          "thin_monitor_row": true,
          "ticker": "NUE",
          "tier": "C",
          "universe_scope": "review_100_monitor"
        },
        {
          "card_path": "tmp/ticker-intelligence-cards/NVDA.current.json",
          "decision_tier_row": true,
          "production_answer_path_member": true,
          "repair_scope": "production_expected_context",
          "stale_reasons": [
            {
              "detail": "Official period 2026-07-26 is newer than normalized metrics period 2026-04-30; withheld fields remain manual/10-Q required.",
              "family": "fundamental_period_alignment",
              "severity": "context",
              "status": "newer_official_period_normalized_metrics_catch_up_required"
            }
          ],
          "thin_monitor_row": false,
          "ticker": "NVDA",
          "tier": "A",
          "universe_scope": "active_internal_universe"
        },
        {
          "card_path": "tmp/ticker-intelligence-cards/NWS.current.json",
          "decision_tier_row": false,
          "production_answer_path_member": false,
          "repair_scope": "thin_monitor_expected_context",
          "stale_reasons": [
            "analyst_price_targets",
            "stale:catalyst_earnings_state",
            "stale:deployment_readiness",
            "stale:price_band_stop",
            "stale:recommendation_support",
            "stale:technical_posture"
          ],
          "thin_monitor_row": true,
          "ticker": "NWS",
          "tier": "C",
          "universe_scope": "review_100_monitor"
        },
        {
          "card_path": "tmp/ticker-intelligence-cards/NWSA.current.json",
          "decision_tier_row": false,
          "production_answer_path_member": false,
          "repair_scope": "thin_monitor_expected_context",
          "stale_reasons": [
            "stale:catalyst_earnings_state",
            "stale:deployment_readiness",
            "stale:price_band_stop",
            "stale:recommendation_support",
            "stale:technical_posture"
          ],
          "thin_monitor_row": true,
          "ticker": "NWSA",
          "tier": "C",
          "universe_scope": "review_100_monitor"
        },
        {
          "card_path": "tmp/ticker-intelligence-cards/OKE.current.json",
          "decision_tier_row": false,
          "production_answer_path_member": false,
          "repair_scope": "thin_monitor_expected_context",
          "stale_reasons": [
            "stale:catalyst_earnings_state",
            "stale:deployment_readiness",
            "stale:price_band_stop",
            "stale:recommendation_support",
            "stale:technical_posture"
          ],
          "thin_monitor_row": true,
          "ticker": "OKE",
          "tier": "C",
          "universe_scope": "review_100_monitor"
        },
        {
          "card_path": "tmp/ticker-intelligence-cards/OMC.current.json",
          "decision_tier_row": false,
          "production_answer_path_member": false,
          "repair_scope": "thin_monitor_expected_context",
          "stale_reasons": [
            "stale:catalyst_earnings_state",
            "stale:deployment_readiness",
            "stale:price_band_stop",
            "stale:recommendation_support",
            "stale:technical_posture"
          ],
          "thin_monitor_row": true,
          "ticker": "OMC",
          "tier": "C",
          "universe_scope": "review_100_monitor"
        },
        {
          "card_path": "tmp/ticker-intelligence-cards/ORCL.current.json",
          "decision_tier_row": false,
          "production_answer_path_member": false,
          "repair_scope": "thin_monitor_expected_context",
          "stale_reasons": [
            "stale:catalyst_earnings_state",
            "stale:deployment_readiness",
            "stale:price_band_stop",
            "stale:recommendation_support",
            "stale:technical_posture"
          ],
          "thin_monitor_row": true,
          "ticker": "ORCL",
          "tier": "C",
          "universe_scope": "review_100_monitor"
        },
        {
          "card_path": "tmp/ticker-intelligence-cards/ORLY.current.json",
          "decision_tier_row": false,
          "production_answer_path_member": false,
          "repair_scope": "thin_monitor_expected_context",
          "stale_reasons": [
            "stale:catalyst_earnings_state",
            "stale:deployment_readiness",
            "stale:price_band_stop",
            "stale:recommendation_support",
            "stale:technical_posture"
          ],
          "thin_monitor_row": true,
          "ticker": "ORLY",
          "tier": "C",
          "universe_scope": "review_100_monitor"
        },
        {
          "card_path": "tmp/ticker-intelligence-cards/OXY.current.json",
          "decision_tier_row": false,
          "production_answer_path_member": false,
          "repair_scope": "thin_monitor_expected_context",
          "stale_reasons": [
            "stale:catalyst_earnings_state",
            "stale:deployment_readiness",
            "stale:price_band_stop",
            "stale:recommendation_support",
            "stale:technical_posture"
          ],
          "thin_monitor_row": true,
          "ticker": "OXY",
          "tier": "C",
          "universe_scope": "review_100_monitor"
        },
        {
          "card_path": "tmp/ticker-intelligence-cards/PANW.current.json",
          "decision_tier_row": false,
          "production_answer_path_member": false,
          "repair_scope": "thin_monitor_expected_context",
          "stale_reasons": [
            "stale:catalyst_earnings_state",
            "stale:deployment_readiness",
            "stale:price_band_stop",
            "stale:recommendation_support",
            "stale:technical_posture"
          ],
          "thin_monitor_row": true,
          "ticker": "PANW",
          "tier": "C",
          "universe_scope": "review_100_monitor"
        },
        {
          "card_path": "tmp/ticker-intelligence-cards/PAVE.current.json",
          "decision_tier_row": false,
          "production_answer_path_member": false,
          "repair_scope": "production_expected_context",
          "stale_reasons": [
            {
              "detail": "Ticker not present in current deployment-readiness surface groups",
              "family": "deployment_readiness_surface",
              "severity": "context",
              "status": "missing"
            }
          ],
          "thin_monitor_row": false,
          "ticker": "PAVE",
          "tier": "C",
          "universe_scope": "active_internal_universe"
        },
        {
          "card_path": "tmp/ticker-intelligence-cards/PEP.current.json",
          "decision_tier_row": false,
          "production_answer_path_member": false,
          "repair_scope": "thin_monitor_expected_context",
          "stale_reasons": [
            "stale:catalyst_earnings_state",
            "stale:deployment_readiness",
            "stale:price_band_stop",
            "stale:recommendation_support",
            "stale:technical_posture"
          ],
          "thin_monitor_row": true,
          "ticker": "PEP",
          "tier": "C",
          "universe_scope": "review_100_monitor"
        },
        {
          "card_path": "tmp/ticker-intelligence-cards/PG.current.json",
          "decision_tier_row": false,
          "production_answer_path_member": false,
          "repair_scope": "thin_monitor_expected_context",
          "stale_reasons": [
            "stale:catalyst_earnings_state",
            "stale:deployment_readiness",
            "stale:price_band_stop",
            "stale:recommendation_support",
            "stale:technical_posture"
          ],
          "thin_monitor_row": true,
          "ticker": "PG",
          "tier": "C",
          "universe_scope": "review_100_monitor"
        },
        {
          "card_path": "tmp/ticker-intelligence-cards/PH.current.json",
          "decision_tier_row": true,
          "production_answer_path_member": false,
          "repair_scope": "production_expected_context",
          "stale_reasons": [
            {
              "detail": "Official period 2026-06-30 is newer than normalized metrics period 2026-03-31; withheld fields remain manual/10-Q required.",
              "family": "fundamental_period_alignment",
              "severity": "context",
              "status": "newer_official_period_normalized_metrics_catch_up_required"
            }
          ],
          "thin_monitor_row": false,
          "ticker": "PH",
          "tier": "A",
          "universe_scope": "active_internal_universe"
        },
        {
          "card_path": "tmp/ticker-intelligence-cards/PKG.current.json",
          "decision_tier_row": false,
          "production_answer_path_member": false,
          "repair_scope": "thin_monitor_expected_context",
          "stale_reasons": [
            "price_band_stop",
            "stale:catalyst_earnings_state",
            "stale:deployment_readiness",
            "stale:price_band_stop",
            "stale:recommendation_support",
            "stale:technical_posture"
          ],
          "thin_monitor_row": true,
          "ticker": "PKG",
          "tier": "C",
          "universe_scope": "review_100_monitor"
        },
        {
          "card_path": "tmp/ticker-intelligence-cards/PPG.current.json",
          "decision_tier_row": false,
          "production_answer_path_member": false,
          "repair_scope": "thin_monitor_expected_context",
          "stale_reasons": [
            "price_band_stop",
            "stale:catalyst_earnings_state",
            "stale:deployment_readiness",
            "stale:price_band_stop",
            "stale:recommendation_support",
            "stale:technical_posture"
          ],
          "thin_monitor_row": true,
          "ticker": "PPG",
          "tier": "C",
          "universe_scope": "review_100_monitor"
        },
        {
          "card_path": "tmp/ticker-intelligence-cards/PSKY.current.json",
          "decision_tier_row": false,
          "production_answer_path_member": false,
          "repair_scope": "thin_monitor_expected_context",
          "stale_reasons": [
            "stale:catalyst_earnings_state",
            "stale:deployment_readiness",
            "stale:price_band_stop",
            "stale:recommendation_support",
            "stale:technical_posture"
          ],
          "thin_monitor_row": true,
          "ticker": "PSKY",
          "tier": "C",
          "universe_scope": "review_100_monitor"
        },
        {
          "card_path": "tmp/ticker-intelligence-cards/PSX.current.json",
          "decision_tier_row": false,
          "production_answer_path_member": false,
          "repair_scope": "thin_monitor_expected_context",
          "stale_reasons": [
            "stale:catalyst_earnings_state",
            "stale:deployment_readiness",
            "stale:price_band_stop",
            "stale:recommendation_support",
            "stale:technical_posture"
          ],
          "thin_monitor_row": true,
          "ticker": "PSX",
          "tier": "C",
          "universe_scope": "review_100_monitor"
        },
        {
          "card_path": "tmp/ticker-intelligence-cards/QCOM.current.json",
          "decision_tier_row": false,
          "production_answer_path_member": false,
          "repair_scope": "thin_monitor_expected_context",
          "stale_reasons": [
            "stale:catalyst_earnings_state",
            "stale:deployment_readiness",
            "stale:price_band_stop",
            "stale:recommendation_support",
            "stale:technical_posture"
          ],
          "thin_monitor_row": true,
          "ticker": "QCOM",
          "tier": "C",
          "universe_scope": "review_100_monitor"
        },
        {
          "card_path": "tmp/ticker-intelligence-cards/RTX.current.json",
          "decision_tier_row": true,
          "production_answer_path_member": false,
          "repair_scope": "production_expected_context",
          "stale_reasons": [
            {
              "detail": "Ticker not present in current deployment-readiness surface groups",
              "family": "deployment_readiness_surface",
              "severity": "context",
              "status": "missing"
            }
          ],
          "thin_monitor_row": false,
          "ticker": "RTX",
          "tier": "B",
          "universe_scope": "active_internal_universe"
        },
        {
          "card_path": "tmp/ticker-intelligence-cards/SAP.current.json",
          "decision_tier_row": false,
          "production_answer_path_member": false,
          "repair_scope": "thin_monitor_expected_context",
          "stale_reasons": [
            "stale:catalyst_earnings_state",
            "stale:deployment_readiness",
            "stale:price_band_stop",
            "stale:recommendation_support",
            "stale:technical_posture"
          ],
          "thin_monitor_row": true,
          "ticker": "SAP",
          "tier": "C",
          "universe_scope": "review_100_monitor"
        },
        {
          "card_path": "tmp/ticker-intelligence-cards/SCCO.current.json",
          "decision_tier_row": false,
          "production_answer_path_member": false,
          "repair_scope": "thin_monitor_expected_context",
          "stale_reasons": [
            "stale:catalyst_earnings_state",
            "stale:deployment_readiness",
            "stale:price_band_stop",
            "stale:recommendation_support",
            "stale:technical_posture"
          ],
          "thin_monitor_row": true,
          "ticker": "SCCO",
          "tier": "C",
          "universe_scope": "review_100_monitor"
        },
        {
          "card_path": "tmp/ticker-intelligence-cards/SHOP.current.json",
          "decision_tier_row": false,
          "production_answer_path_member": false,
          "repair_scope": "thin_monitor_expected_context",
          "stale_reasons": [
            "stale:catalyst_earnings_state",
            "stale:deployment_readiness",
            "stale:price_band_stop",
            "stale:recommendation_support",
            "stale:technical_posture"
          ],
          "thin_monitor_row": true,
          "ticker": "SHOP",
          "tier": "C",
          "universe_scope": "review_100_monitor"
        },
        {
          "card_path": "tmp/ticker-intelligence-cards/SHW.current.json",
          "decision_tier_row": false,
          "production_answer_path_member": false,
          "repair_scope": "thin_monitor_expected_context",
          "stale_reasons": [
            "stale:catalyst_earnings_state",
            "stale:deployment_readiness",
            "stale:price_band_stop",
            "stale:recommendation_support",
            "stale:technical_posture"
          ],
          "thin_monitor_row": true,
          "ticker": "SHW",
          "tier": "C",
          "universe_scope": "review_100_monitor"
        },
        {
          "card_path": "tmp/ticker-intelligence-cards/SLB.current.json",
          "decision_tier_row": false,
          "production_answer_path_member": false,
          "repair_scope": "thin_monitor_expected_context",
          "stale_reasons": [
            "stale:catalyst_earnings_state",
            "stale:deployment_readiness",
            "stale:price_band_stop",
            "stale:recommendation_support",
            "stale:technical_posture"
          ],
          "thin_monitor_row": true,
          "ticker": "SLB",
          "tier": "C",
          "universe_scope": "review_100_monitor"
        },
        {
          "card_path": "tmp/ticker-intelligence-cards/SLV.current.json",
          "decision_tier_row": false,
          "production_answer_path_member": false,
          "repair_scope": "production_expected_context",
          "stale_reasons": [
            {
              "detail": "Ticker not present in current deployment-readiness surface groups",
              "family": "deployment_readiness_surface",
              "severity": "context",
              "status": "missing"
            }
          ],
          "thin_monitor_row": false,
          "ticker": "SLV",
          "tier": "C",
          "universe_scope": "active_internal_universe"
        },
        {
          "card_path": "tmp/ticker-intelligence-cards/SMCI.current.json",
          "decision_tier_row": true,
          "production_answer_path_member": false,
          "repair_scope": "production_expected_context",
          "stale_reasons": [
            {
              "detail": "Ticker not present in current deployment-readiness surface groups",
              "family": "deployment_readiness_surface",
              "severity": "context",
              "status": "missing"
            }
          ],
          "thin_monitor_row": false,
          "ticker": "SMCI",
          "tier": "B",
          "universe_scope": "active_internal_universe"
        },
        {
          "card_path": "tmp/ticker-intelligence-cards/SNOW.current.json",
          "decision_tier_row": false,
          "production_answer_path_member": false,
          "repair_scope": "thin_monitor_expected_context",
          "stale_reasons": [
            "stale:catalyst_earnings_state",
            "stale:deployment_readiness",
            "stale:price_band_stop",
            "stale:recommendation_support",
            "stale:technical_posture"
          ],
          "thin_monitor_row": true,
          "ticker": "SNOW",
          "tier": "C",
          "universe_scope": "review_100_monitor"
        },
        {
          "card_path": "tmp/ticker-intelligence-cards/SO.current.json",
          "decision_tier_row": false,
          "production_answer_path_member": false,
          "repair_scope": "thin_monitor_expected_context",
          "stale_reasons": [
            "stale:catalyst_earnings_state",
            "stale:deployment_readiness",
            "stale:price_band_stop",
            "stale:recommendation_support",
            "stale:technical_posture"
          ],
          "thin_monitor_row": true,
          "ticker": "SO",
          "tier": "C",
          "universe_scope": "review_100_monitor"
        },
        {
          "card_path": "tmp/ticker-intelligence-cards/STLD.current.json",
          "decision_tier_row": false,
          "production_answer_path_member": false,
          "repair_scope": "thin_monitor_expected_context",
          "stale_reasons": [
            "stale:catalyst_earnings_state",
            "stale:deployment_readiness",
            "stale:price_band_stop",
            "stale:recommendation_support",
            "stale:technical_posture"
          ],
          "thin_monitor_row": true,
          "ticker": "STLD",
          "tier": "C",
          "universe_scope": "review_100_monitor"
        },
        {
          "card_path": "tmp/ticker-intelligence-cards/SYK.current.json",
          "decision_tier_row": false,
          "production_answer_path_member": false,
          "repair_scope": "thin_monitor_expected_context",
          "stale_reasons": [
            "stale:catalyst_earnings_state",
            "stale:deployment_readiness",
            "stale:price_band_stop",
            "stale:recommendation_support",
            "stale:technical_posture"
          ],
          "thin_monitor_row": true,
          "ticker": "SYK",
          "tier": "C",
          "universe_scope": "review_100_monitor"
        },
        {
          "card_path": "tmp/ticker-intelligence-cards/T.current.json",
          "decision_tier_row": false,
          "production_answer_path_member": false,
          "repair_scope": "thin_monitor_expected_context",
          "stale_reasons": [
            "price_band_stop",
            "stale:catalyst_earnings_state",
            "stale:deployment_readiness",
            "stale:price_band_stop",
            "stale:recommendation_support",
            "stale:technical_posture"
          ],
          "thin_monitor_row": true,
          "ticker": "T",
          "tier": "C",
          "universe_scope": "review_100_monitor"
        },
        {
          "card_path": "tmp/ticker-intelligence-cards/TDG.current.json",
          "decision_tier_row": false,
          "production_answer_path_member": false,
          "repair_scope": "thin_monitor_expected_context",
          "stale_reasons": [
            "stale:catalyst_earnings_state",
            "stale:deployment_readiness",
            "stale:price_band_stop",
            "stale:recommendation_support",
            "stale:technical_posture"
          ],
          "thin_monitor_row": true,
          "ticker": "TDG",
          "tier": "C",
          "universe_scope": "review_100_monitor"
        },
        {
          "card_path": "tmp/ticker-intelligence-cards/TKO.current.json",
          "decision_tier_row": false,
          "production_answer_path_member": false,
          "repair_scope": "thin_monitor_expected_context",
          "stale_reasons": [
            "stale:catalyst_earnings_state",
            "stale:deployment_readiness",
            "stale:price_band_stop",
            "stale:recommendation_support",
            "stale:technical_posture"
          ],
          "thin_monitor_row": true,
          "ticker": "TKO",
          "tier": "C",
          "universe_scope": "review_100_monitor"
        },
        {
          "card_path": "tmp/ticker-intelligence-cards/TLT.current.json",
          "decision_tier_row": false,
          "production_answer_path_member": false,
          "repair_scope": "production_expected_context",
          "stale_reasons": [
            {
              "detail": "Ticker not present in current deployment-readiness surface groups",
              "family": "deployment_readiness_surface",
              "severity": "context",
              "status": "missing"
            }
          ],
          "thin_monitor_row": false,
          "ticker": "TLT",
          "tier": "C",
          "universe_scope": "active_internal_universe"
        },
        {
          "card_path": "tmp/ticker-intelligence-cards/TMO.current.json",
          "decision_tier_row": false,
          "production_answer_path_member": false,
          "repair_scope": "thin_monitor_expected_context",
          "stale_reasons": [
            "stale:catalyst_earnings_state",
            "stale:deployment_readiness",
            "stale:price_band_stop",
            "stale:recommendation_support",
            "stale:technical_posture"
          ],
          "thin_monitor_row": true,
          "ticker": "TMO",
          "tier": "C",
          "universe_scope": "review_100_monitor"
        },
        {
          "card_path": "tmp/ticker-intelligence-cards/TMUS.current.json",
          "decision_tier_row": true,
          "production_answer_path_member": false,
          "repair_scope": "production_expected_context",
          "stale_reasons": [
            {
              "detail": "Ticker not present in current deployment-readiness surface groups",
              "family": "deployment_readiness_surface",
              "severity": "context",
              "status": "missing"
            }
          ],
          "thin_monitor_row": false,
          "ticker": "TMUS",
          "tier": "B",
          "universe_scope": "active_internal_universe"
        },
        {
          "card_path": "tmp/ticker-intelligence-cards/TPL.current.json",
          "decision_tier_row": false,
          "production_answer_path_member": false,
          "repair_scope": "thin_monitor_expected_context",
          "stale_reasons": [
            "stale:catalyst_earnings_state",
            "stale:deployment_readiness",
            "stale:price_band_stop",
            "stale:recommendation_support",
            "stale:technical_posture"
          ],
          "thin_monitor_row": true,
          "ticker": "TPL",
          "tier": "C",
          "universe_scope": "review_100_monitor"
        },
        {
          "card_path": "tmp/ticker-intelligence-cards/TRGP.current.json",
          "decision_tier_row": false,
          "production_answer_path_member": false,
          "repair_scope": "thin_monitor_expected_context",
          "stale_reasons": [
            "stale:catalyst_earnings_state",
            "stale:deployment_readiness",
            "stale:price_band_stop",
            "stale:recommendation_support",
            "stale:technical_posture"
          ],
          "thin_monitor_row": true,
          "ticker": "TRGP",
          "tier": "C",
          "universe_scope": "review_100_monitor"
        },
        {
          "card_path": "tmp/ticker-intelligence-cards/TSM.current.json",
          "decision_tier_row": false,
          "production_answer_path_member": false,
          "repair_scope": "thin_monitor_expected_context",
          "stale_reasons": [
            "stale:catalyst_earnings_state",
            "stale:deployment_readiness",
            "stale:price_band_stop",
            "stale:recommendation_support",
            "stale:technical_posture"
          ],
          "thin_monitor_row": true,
          "ticker": "TSM",
          "tier": "C",
          "universe_scope": "review_100_monitor"
        },
        {
          "card_path": "tmp/ticker-intelligence-cards/TTD.current.json",
          "decision_tier_row": false,
          "production_answer_path_member": false,
          "repair_scope": "thin_monitor_expected_context",
          "stale_reasons": [
            "stale:catalyst_earnings_state",
            "stale:deployment_readiness",
            "stale:price_band_stop",
            "stale:recommendation_support",
            "stale:technical_posture"
          ],
          "thin_monitor_row": true,
          "ticker": "TTD",
          "tier": "C",
          "universe_scope": "review_100_monitor"
        },
        {
          "card_path": "tmp/ticker-intelligence-cards/TTWO.current.json",
          "decision_tier_row": false,
          "production_answer_path_member": false,
          "repair_scope": "thin_monitor_expected_context",
          "stale_reasons": [
            "stale:catalyst_earnings_state",
            "stale:deployment_readiness",
            "stale:price_band_stop",
            "stale:recommendation_support",
            "stale:technical_posture"
          ],
          "thin_monitor_row": true,
          "ticker": "TTWO",
          "tier": "C",
          "universe_scope": "review_100_monitor"
        },
        {
          "card_path": "tmp/ticker-intelligence-cards/TXN.current.json",
          "decision_tier_row": false,
          "production_answer_path_member": false,
          "repair_scope": "thin_monitor_expected_context",
          "stale_reasons": [
            "stale:catalyst_earnings_state",
            "stale:deployment_readiness",
            "stale:price_band_stop",
            "stale:recommendation_support",
            "stale:technical_posture"
          ],
          "thin_monitor_row": true,
          "ticker": "TXN",
          "tier": "C",
          "universe_scope": "review_100_monitor"
        },
        {
          "card_path": "tmp/ticker-intelligence-cards/UBER.current.json",
          "decision_tier_row": false,
          "production_answer_path_member": false,
          "repair_scope": "thin_monitor_expected_context",
          "stale_reasons": [
            "stale:catalyst_earnings_state",
            "stale:deployment_readiness",
            "stale:price_band_stop",
            "stale:recommendation_support",
            "stale:technical_posture"
          ],
          "thin_monitor_row": true,
          "ticker": "UBER",
          "tier": "C",
          "universe_scope": "review_100_monitor"
        },
        {
          "card_path": "tmp/ticker-intelligence-cards/UNH.current.json",
          "decision_tier_row": false,
          "production_answer_path_member": false,
          "repair_scope": "thin_monitor_expected_context",
          "stale_reasons": [
            "stale:catalyst_earnings_state",
            "stale:deployment_readiness",
            "stale:price_band_stop",
            "stale:recommendation_support",
            "stale:technical_posture"
          ],
          "thin_monitor_row": true,
          "ticker": "UNH",
          "tier": "C",
          "universe_scope": "review_100_monitor"
        },
        {
          "card_path": "tmp/ticker-intelligence-cards/UNP.current.json",
          "decision_tier_row": false,
          "production_answer_path_member": false,
          "repair_scope": "thin_monitor_expected_context",
          "stale_reasons": [
            "stale:catalyst_earnings_state",
            "stale:deployment_readiness",
            "stale:price_band_stop",
            "stale:recommendation_support",
            "stale:technical_posture"
          ],
          "thin_monitor_row": true,
          "ticker": "UNP",
          "tier": "C",
          "universe_scope": "review_100_monitor"
        },
        {
          "card_path": "tmp/ticker-intelligence-cards/URI.current.json",
          "decision_tier_row": false,
          "production_answer_path_member": false,
          "repair_scope": "thin_monitor_expected_context",
          "stale_reasons": [
            "stale:catalyst_earnings_state",
            "stale:deployment_readiness",
            "stale:price_band_stop",
            "stale:recommendation_support",
            "stale:technical_posture"
          ],
          "thin_monitor_row": true,
          "ticker": "URI",
          "tier": "C",
          "universe_scope": "review_100_monitor"
        },
        {
          "card_path": "tmp/ticker-intelligence-cards/V.current.json",
          "decision_tier_row": false,
          "production_answer_path_member": false,
          "repair_scope": "thin_monitor_expected_context",
          "stale_reasons": [
            "stale:catalyst_earnings_state",
            "stale:deployment_readiness",
            "stale:price_band_stop",
            "stale:recommendation_support",
            "stale:technical_posture"
          ],
          "thin_monitor_row": true,
          "ticker": "V",
          "tier": "C",
          "universe_scope": "review_100_monitor"
        },
        {
          "card_path": "tmp/ticker-intelligence-cards/VAW.current.json",
          "decision_tier_row": false,
          "production_answer_path_member": false,
          "repair_scope": "production_expected_context",
          "stale_reasons": [
            {
              "detail": "Ticker not present in current deployment-readiness surface groups",
              "family": "deployment_readiness_surface",
              "severity": "context",
              "status": "missing"
            }
          ],
          "thin_monitor_row": false,
          "ticker": "VAW",
          "tier": "C",
          "universe_scope": "active_internal_universe"
        },
        {
          "card_path": "tmp/ticker-intelligence-cards/VLO.current.json",
          "decision_tier_row": false,
          "production_answer_path_member": false,
          "repair_scope": "thin_monitor_expected_context",
          "stale_reasons": [
            "stale:catalyst_earnings_state",
            "stale:deployment_readiness",
            "stale:price_band_stop",
            "stale:recommendation_support",
            "stale:technical_posture"
          ],
          "thin_monitor_row": true,
          "ticker": "VLO",
          "tier": "C",
          "universe_scope": "review_100_monitor"
        },
        {
          "card_path": "tmp/ticker-intelligence-cards/VMC.current.json",
          "decision_tier_row": true,
          "production_answer_path_member": false,
          "repair_scope": "production_expected_context",
          "stale_reasons": [
            {
              "detail": "Ticker not present in current deployment-readiness surface groups",
              "family": "deployment_readiness_surface",
              "severity": "context",
              "status": "missing"
            }
          ],
          "thin_monitor_row": false,
          "ticker": "VMC",
          "tier": "B",
          "universe_scope": "active_internal_universe"
        },
        {
          "card_path": "tmp/ticker-intelligence-cards/VXUS.current.json",
          "decision_tier_row": false,
          "production_answer_path_member": false,
          "repair_scope": "production_expected_context",
          "stale_reasons": [
            {
              "detail": "Ticker not present in current deployment-readiness surface groups",
              "family": "deployment_readiness_surface",
              "severity": "context",
              "status": "missing"
            }
          ],
          "thin_monitor_row": false,
          "ticker": "VXUS",
          "tier": "C",
          "universe_scope": "active_internal_universe"
        },
        {
          "card_path": "tmp/ticker-intelligence-cards/VZ.current.json",
          "decision_tier_row": false,
          "production_answer_path_member": false,
          "repair_scope": "thin_monitor_expected_context",
          "stale_reasons": [
            "price_band_stop",
            "stale:catalyst_earnings_state",
            "stale:deployment_readiness",
            "stale:price_band_stop",
            "stale:recommendation_support",
            "stale:technical_posture"
          ],
          "thin_monitor_row": true,
          "ticker": "VZ",
          "tier": "C",
          "universe_scope": "review_100_monitor"
        },
        {
          "card_path": "tmp/ticker-intelligence-cards/WMB.current.json",
          "decision_tier_row": true,
          "production_answer_path_member": false,
          "repair_scope": "production_expected_context",
          "stale_reasons": [
            {
              "detail": "Ticker not present in current deployment-readiness surface groups",
              "family": "deployment_readiness_surface",
              "severity": "context",
              "status": "missing"
            }
          ],
          "thin_monitor_row": false,
          "ticker": "WMB",
          "tier": "B",
          "universe_scope": "active_internal_universe"
        },
        {
          "card_path": "tmp/ticker-intelligence-cards/WMT.current.json",
          "decision_tier_row": false,
          "production_answer_path_member": false,
          "repair_scope": "thin_monitor_expected_context",
          "stale_reasons": [
            "stale:catalyst_earnings_state",
            "stale:deployment_readiness",
            "stale:price_band_stop",
            "stale:recommendation_support",
            "stale:technical_posture"
          ],
          "thin_monitor_row": true,
          "ticker": "WMT",
          "tier": "C",
          "universe_scope": "review_100_monitor"
        },
        {
          "card_path": "tmp/ticker-intelligence-cards/XLC.current.json",
          "decision_tier_row": false,
          "production_answer_path_member": false,
          "repair_scope": "production_expected_context",
          "stale_reasons": [
            {
              "detail": "Ticker not present in current deployment-readiness surface groups",
              "family": "deployment_readiness_surface",
              "severity": "context",
              "status": "missing"
            }
          ],
          "thin_monitor_row": false,
          "ticker": "XLC",
          "tier": "C",
          "universe_scope": "active_internal_universe"
        },
        {
          "card_path": "tmp/ticker-intelligence-cards/XLE.current.json",
          "decision_tier_row": false,
          "production_answer_path_member": false,
          "repair_scope": "production_expected_context",
          "stale_reasons": [
            {
              "detail": "Ticker not present in current deployment-readiness surface groups",
              "family": "deployment_readiness_surface",
              "severity": "context",
              "status": "missing"
            }
          ],
          "thin_monitor_row": false,
          "ticker": "XLE",
          "tier": "C",
          "universe_scope": "active_internal_universe"
        },
        {
          "card_path": "tmp/ticker-intelligence-cards/XLF.current.json",
          "decision_tier_row": false,
          "production_answer_path_member": false,
          "repair_scope": "production_expected_context",
          "stale_reasons": [
            {
              "detail": "Ticker not present in current deployment-readiness surface groups",
              "family": "deployment_readiness_surface",
              "severity": "context",
              "status": "missing"
            }
          ],
          "thin_monitor_row": false,
          "ticker": "XLF",
          "tier": "C",
          "universe_scope": "active_internal_universe"
        },
        {
          "card_path": "tmp/ticker-intelligence-cards/XLI.current.json",
          "decision_tier_row": false,
          "production_answer_path_member": false,
          "repair_scope": "production_expected_context",
          "stale_reasons": [
            {
              "detail": "Ticker not present in current deployment-readiness surface groups",
              "family": "deployment_readiness_surface",
              "severity": "context",
              "status": "missing"
            }
          ],
          "thin_monitor_row": false,
          "ticker": "XLI",
          "tier": "C",
          "universe_scope": "active_internal_universe"
        }
      ],
      "stale_count": 285,
      "status": "ok",
      "thin_monitor_expected_context_count": 258
    },
    "stale_scope": {
      "all_stale_count": 285,
      "decision_tier_stale_count": 18,
      "decision_tier_stale_rule": "Tier A/B staleness is real freshness debt and is never expected thin-monitor context, regardless of whether the production answer path is open.",
      "decision_tier_stale_tickers": [
        "AMD",
        "AMZN",
        "CAT",
        "CME",
        "ECL",
        "GE",
        "GS",
        "KTOS",
        "LNG",
        "META",
        "NFLX",
        "NVDA",
        "PH",
        "RTX",
        "SMCI",
        "TMUS",
        "VMC",
        "WMB"
      ],
      "fresh_quote_required_context_count": 0,
      "fresh_quote_required_context_rule": "Fresh quote required before final approval is expected decision context for ticker cards; exact approval cards still fail closed on quote freshness.",
      "production_answer_path_stale_count": 0,
      "production_answer_path_total": 14,
      "production_expected_context_count": 27,
      "status": "ok",
      "thin_monitor_expected_context_count": 258,
      "thin_monitor_expected_context_rule": "Tier C/review-monitor absence is expected context and is not production stale debt.",
      "thin_monitor_stale_count": 258,
      "thin_monitor_total": 258
    }
  },
  "thin_monitor_expected_context_queue": [
    {
      "card_path": "tmp/ticker-intelligence-cards/A.current.json",
      "decision_tier_row": false,
      "production_answer_path_member": false,
      "repair_scope": "thin_monitor_expected_context",
      "stale_reasons": [
        "stale:catalyst_earnings_state",
        "stale:deployment_readiness",
        "stale:price_band_stop",
        "stale:recommendation_support",
        "stale:technical_posture"
      ],
      "thin_monitor_row": true,
      "ticker": "A",
      "tier": "C",
      "universe_scope": "review_100_monitor"
    },
    {
      "card_path": "tmp/ticker-intelligence-cards/AAPL.current.json",
      "decision_tier_row": false,
      "production_answer_path_member": false,
      "repair_scope": "thin_monitor_expected_context",
      "stale_reasons": [
        "stale:catalyst_earnings_state",
        "stale:deployment_readiness",
        "stale:price_band_stop",
        "stale:recommendation_support",
        "stale:technical_posture"
      ],
      "thin_monitor_row": true,
      "ticker": "AAPL",
      "tier": "C",
      "universe_scope": "review_100_monitor"
    },
    {
      "card_path": "tmp/ticker-intelligence-cards/ABBV.current.json",
      "decision_tier_row": false,
      "production_answer_path_member": false,
      "repair_scope": "thin_monitor_expected_context",
      "stale_reasons": [
        "stale:catalyst_earnings_state",
        "stale:deployment_readiness",
        "stale:price_band_stop",
        "stale:recommendation_support",
        "stale:technical_posture"
      ],
      "thin_monitor_row": true,
      "ticker": "ABBV",
      "tier": "C",
      "universe_scope": "review_100_monitor"
    },
    {
      "card_path": "tmp/ticker-intelligence-cards/ABNB.current.json",
      "decision_tier_row": false,
      "production_answer_path_member": false,
      "repair_scope": "thin_monitor_expected_context",
      "stale_reasons": [
        "stale:catalyst_earnings_state",
        "stale:deployment_readiness",
        "stale:price_band_stop",
        "stale:recommendation_support",
        "stale:technical_posture"
      ],
      "thin_monitor_row": true,
      "ticker": "ABNB",
      "tier": "C",
      "universe_scope": "review_100_monitor"
    },
    {
      "card_path": "tmp/ticker-intelligence-cards/ABT.current.json",
      "decision_tier_row": false,
      "production_answer_path_member": false,
      "repair_scope": "thin_monitor_expected_context",
      "stale_reasons": [
        "stale:catalyst_earnings_state",
        "stale:deployment_readiness",
        "stale:price_band_stop",
        "stale:recommendation_support",
        "stale:technical_posture"
      ],
      "thin_monitor_row": true,
      "ticker": "ABT",
      "tier": "C",
      "universe_scope": "review_100_monitor"
    },
    {
      "card_path": "tmp/ticker-intelligence-cards/ACGL.current.json",
      "decision_tier_row": false,
      "production_answer_path_member": false,
      "repair_scope": "thin_monitor_expected_context",
      "stale_reasons": [
        "stale:catalyst_earnings_state",
        "stale:deployment_readiness",
        "stale:price_band_stop",
        "stale:recommendation_support",
        "stale:technical_posture"
      ],
      "thin_monitor_row": true,
      "ticker": "ACGL",
      "tier": "C",
      "universe_scope": "review_100_monitor"
    },
    {
      "card_path": "tmp/ticker-intelligence-cards/ACN.current.json",
      "decision_tier_row": false,
      "production_answer_path_member": false,
      "repair_scope": "thin_monitor_expected_context",
      "stale_reasons": [
        "stale:catalyst_earnings_state",
        "stale:deployment_readiness",
        "stale:price_band_stop",
        "stale:recommendation_support",
        "stale:technical_posture"
      ],
      "thin_monitor_row": true,
      "ticker": "ACN",
      "tier": "C",
      "universe_scope": "review_100_monitor"
    },
    {
      "card_path": "tmp/ticker-intelligence-cards/ADBE.current.json",
      "decision_tier_row": false,
      "production_answer_path_member": false,
      "repair_scope": "thin_monitor_expected_context",
      "stale_reasons": [
        "stale:catalyst_earnings_state",
        "stale:deployment_readiness",
        "stale:price_band_stop",
        "stale:recommendation_support",
        "stale:technical_posture"
      ],
      "thin_monitor_row": true,
      "ticker": "ADBE",
      "tier": "C",
      "universe_scope": "review_100_monitor"
    },
    {
      "card_path": "tmp/ticker-intelligence-cards/ADI.current.json",
      "decision_tier_row": false,
      "production_answer_path_member": false,
      "repair_scope": "thin_monitor_expected_context",
      "stale_reasons": [
        "stale:catalyst_earnings_state",
        "stale:deployment_readiness",
        "stale:price_band_stop",
        "stale:recommendation_support",
        "stale:technical_posture"
      ],
      "thin_monitor_row": true,
      "ticker": "ADI",
      "tier": "C",
      "universe_scope": "review_100_monitor"
    },
    {
      "card_path": "tmp/ticker-intelligence-cards/ADM.current.json",
      "decision_tier_row": false,
      "production_answer_path_member": false,
      "repair_scope": "thin_monitor_expected_context",
      "stale_reasons": [
        "stale:catalyst_earnings_state",
        "stale:deployment_readiness",
        "stale:price_band_stop",
        "stale:recommendation_support",
        "stale:technical_posture"
      ],
      "thin_monitor_row": true,
      "ticker": "ADM",
      "tier": "C",
      "universe_scope": "review_100_monitor"
    },
    {
      "card_path": "tmp/ticker-intelligence-cards/ADP.current.json",
      "decision_tier_row": false,
      "production_answer_path_member": false,
      "repair_scope": "thin_monitor_expected_context",
      "stale_reasons": [
        "stale:catalyst_earnings_state",
        "stale:deployment_readiness",
        "stale:price_band_stop",
        "stale:recommendation_support",
        "stale:technical_posture"
      ],
      "thin_monitor_row": true,
      "ticker": "ADP",
      "tier": "C",
      "universe_scope": "review_100_monitor"
    },
    {
      "card_path": "tmp/ticker-intelligence-cards/ADSK.current.json",
      "decision_tier_row": false,
      "production_answer_path_member": false,
      "repair_scope": "thin_monitor_expected_context",
      "stale_reasons": [
        "stale:catalyst_earnings_state",
        "stale:deployment_readiness",
        "stale:price_band_stop",
        "stale:recommendation_support",
        "stale:technical_posture"
      ],
      "thin_monitor_row": true,
      "ticker": "ADSK",
      "tier": "C",
      "universe_scope": "review_100_monitor"
    },
    {
      "card_path": "tmp/ticker-intelligence-cards/AEE.current.json",
      "decision_tier_row": false,
      "production_answer_path_member": false,
      "repair_scope": "thin_monitor_expected_context",
      "stale_reasons": [
        "stale:catalyst_earnings_state",
        "stale:deployment_readiness",
        "stale:price_band_stop",
        "stale:recommendation_support",
        "stale:technical_posture"
      ],
      "thin_monitor_row": true,
      "ticker": "AEE",
      "tier": "C",
      "universe_scope": "review_100_monitor"
    },
    {
      "card_path": "tmp/ticker-intelligence-cards/AEP.current.json",
      "decision_tier_row": false,
      "production_answer_path_member": false,
      "repair_scope": "thin_monitor_expected_context",
      "stale_reasons": [
        "stale:catalyst_earnings_state",
        "stale:deployment_readiness",
        "stale:price_band_stop",
        "stale:recommendation_support",
        "stale:technical_posture"
      ],
      "thin_monitor_row": true,
      "ticker": "AEP",
      "tier": "C",
      "universe_scope": "review_100_monitor"
    },
    {
      "card_path": "tmp/ticker-intelligence-cards/AES.current.json",
      "decision_tier_row": false,
      "production_answer_path_member": false,
      "repair_scope": "thin_monitor_expected_context",
      "stale_reasons": [
        "stale:catalyst_earnings_state",
        "stale:deployment_readiness",
        "stale:price_band_stop",
        "stale:recommendation_support",
        "stale:technical_posture"
      ],
      "thin_monitor_row": true,
      "ticker": "AES",
      "tier": "C",
      "universe_scope": "review_100_monitor"
    },
    {
      "card_path": "tmp/ticker-intelligence-cards/AFL.current.json",
      "decision_tier_row": false,
      "production_answer_path_member": false,
      "repair_scope": "thin_monitor_expected_context",
      "stale_reasons": [
        "stale:catalyst_earnings_state",
        "stale:deployment_readiness",
        "stale:price_band_stop",
        "stale:recommendation_support",
        "stale:technical_posture"
      ],
      "thin_monitor_row": true,
      "ticker": "AFL",
      "tier": "C",
      "universe_scope": "review_100_monitor"
    },
    {
      "card_path": "tmp/ticker-intelligence-cards/AIG.current.json",
      "decision_tier_row": false,
      "production_answer_path_member": false,
      "repair_scope": "thin_monitor_expected_context",
      "stale_reasons": [
        "stale:catalyst_earnings_state",
        "stale:deployment_readiness",
        "stale:price_band_stop",
        "stale:recommendation_support",
        "stale:technical_posture"
      ],
      "thin_monitor_row": true,
      "ticker": "AIG",
      "tier": "C",
      "universe_scope": "review_100_monitor"
    },
    {
      "card_path": "tmp/ticker-intelligence-cards/AIZ.current.json",
      "decision_tier_row": false,
      "production_answer_path_member": false,
      "repair_scope": "thin_monitor_expected_context",
      "stale_reasons": [
        "stale:catalyst_earnings_state",
        "stale:deployment_readiness",
        "stale:price_band_stop",
        "stale:recommendation_support",
        "stale:technical_posture"
      ],
      "thin_monitor_row": true,
      "ticker": "AIZ",
      "tier": "C",
      "universe_scope": "review_100_monitor"
    },
    {
      "card_path": "tmp/ticker-intelligence-cards/AJG.current.json",
      "decision_tier_row": false,
      "production_answer_path_member": false,
      "repair_scope": "thin_monitor_expected_context",
      "stale_reasons": [
        "stale:catalyst_earnings_state",
        "stale:deployment_readiness",
        "stale:price_band_stop",
        "stale:recommendation_support",
        "stale:technical_posture"
      ],
      "thin_monitor_row": true,
      "ticker": "AJG",
      "tier": "C",
      "universe_scope": "review_100_monitor"
    },
    {
      "card_path": "tmp/ticker-intelligence-cards/AKAM.current.json",
      "decision_tier_row": false,
      "production_answer_path_member": false,
      "repair_scope": "thin_monitor_expected_context",
      "stale_reasons": [
        "stale:catalyst_earnings_state",
        "stale:deployment_readiness",
        "stale:price_band_stop",
        "stale:recommendation_support",
        "stale:technical_posture"
      ],
      "thin_monitor_row": true,
      "ticker": "AKAM",
      "tier": "C",
      "universe_scope": "review_100_monitor"
    },
    {
      "card_path": "tmp/ticker-intelligence-cards/ALB.current.json",
      "decision_tier_row": false,
      "production_answer_path_member": false,
      "repair_scope": "thin_monitor_expected_context",
      "stale_reasons": [
        "stale:catalyst_earnings_state",
        "stale:deployment_readiness",
        "stale:price_band_stop",
        "stale:recommendation_support",
        "stale:technical_posture"
      ],
      "thin_monitor_row": true,
      "ticker": "ALB",
      "tier": "C",
      "universe_scope": "review_100_monitor"
    },
    {
      "card_path": "tmp/ticker-intelligence-cards/ALGN.current.json",
      "decision_tier_row": false,
      "production_answer_path_member": false,
      "repair_scope": "thin_monitor_expected_context",
      "stale_reasons": [
        "stale:catalyst_earnings_state",
        "stale:deployment_readiness",
        "stale:price_band_stop",
        "stale:recommendation_support",
        "stale:technical_posture"
      ],
      "thin_monitor_row": true,
      "ticker": "ALGN",
      "tier": "C",
      "universe_scope": "review_100_monitor"
    },
    {
      "card_path": "tmp/ticker-intelligence-cards/ALL.current.json",
      "decision_tier_row": false,
      "production_answer_path_member": false,
      "repair_scope": "thin_monitor_expected_context",
      "stale_reasons": [
        "stale:catalyst_earnings_state",
        "stale:deployment_readiness",
        "stale:price_band_stop",
        "stale:recommendation_support",
        "stale:technical_posture"
      ],
      "thin_monitor_row": true,
      "ticker": "ALL",
      "tier": "C",
      "universe_scope": "review_100_monitor"
    },
    {
      "card_path": "tmp/ticker-intelligence-cards/ALLE.current.json",
      "decision_tier_row": false,
      "production_answer_path_member": false,
      "repair_scope": "thin_monitor_expected_context",
      "stale_reasons": [
        "stale:catalyst_earnings_state",
        "stale:deployment_readiness",
        "stale:price_band_stop",
        "stale:recommendation_support",
        "stale:technical_posture"
      ],
      "thin_monitor_row": true,
      "ticker": "ALLE",
      "tier": "C",
      "universe_scope": "review_100_monitor"
    },
    {
      "card_path": "tmp/ticker-intelligence-cards/AMAT.current.json",
      "decision_tier_row": false,
      "production_answer_path_member": false,
      "repair_scope": "thin_monitor_expected_context",
      "stale_reasons": [
        "stale:catalyst_earnings_state",
        "stale:deployment_readiness",
        "stale:price_band_stop",
        "stale:recommendation_support",
        "stale:technical_posture"
      ],
      "thin_monitor_row": true,
      "ticker": "AMAT",
      "tier": "C",
      "universe_scope": "review_100_monitor"
    },
    {
      "card_path": "tmp/ticker-intelligence-cards/AMCR.current.json",
      "decision_tier_row": false,
      "production_answer_path_member": false,
      "repair_scope": "thin_monitor_expected_context",
      "stale_reasons": [
        "stale:catalyst_earnings_state",
        "stale:deployment_readiness",
        "stale:price_band_stop",
        "stale:recommendation_support",
        "stale:technical_posture"
      ],
      "thin_monitor_row": true,
      "ticker": "AMCR",
      "tier": "C",
      "universe_scope": "review_100_monitor"
    },
    {
      "card_path": "tmp/ticker-intelligence-cards/AME.current.json",
      "decision_tier_row": false,
      "production_answer_path_member": false,
      "repair_scope": "thin_monitor_expected_context",
      "stale_reasons": [
        "stale:catalyst_earnings_state",
        "stale:deployment_readiness",
        "stale:price_band_stop",
        "stale:recommendation_support",
        "stale:technical_posture"
      ],
      "thin_monitor_row": true,
      "ticker": "AME",
      "tier": "C",
      "universe_scope": "review_100_monitor"
    },
    {
      "card_path": "tmp/ticker-intelligence-cards/AMGN.current.json",
      "decision_tier_row": false,
      "production_answer_path_member": false,
      "repair_scope": "thin_monitor_expected_context",
      "stale_reasons": [
        "stale:catalyst_earnings_state",
        "stale:deployment_readiness",
        "stale:price_band_stop",
        "stale:recommendation_support",
        "stale:technical_posture"
      ],
      "thin_monitor_row": true,
      "ticker": "AMGN",
      "tier": "C",
      "universe_scope": "review_100_monitor"
    },
    {
      "card_path": "tmp/ticker-intelligence-cards/AMP.current.json",
      "decision_tier_row": false,
      "production_answer_path_member": false,
      "repair_scope": "thin_monitor_expected_context",
      "stale_reasons": [
        "stale:catalyst_earnings_state",
        "stale:deployment_readiness",
        "stale:price_band_stop",
        "stale:recommendation_support",
        "stale:technical_posture"
      ],
      "thin_monitor_row": true,
      "ticker": "AMP",
      "tier": "C",
      "universe_scope": "review_100_monitor"
    },
    {
      "card_path": "tmp/ticker-intelligence-cards/AMT.current.json",
      "decision_tier_row": false,
      "production_answer_path_member": false,
      "repair_scope": "thin_monitor_expected_context",
      "stale_reasons": [
        "stale:catalyst_earnings_state",
        "stale:deployment_readiness",
        "stale:price_band_stop",
        "stale:recommendation_support",
        "stale:technical_posture"
      ],
      "thin_monitor_row": true,
      "ticker": "AMT",
      "tier": "C",
      "universe_scope": "review_100_monitor"
    },
    {
      "card_path": "tmp/ticker-intelligence-cards/ANET.current.json",
      "decision_tier_row": false,
      "production_answer_path_member": false,
      "repair_scope": "thin_monitor_expected_context",
      "stale_reasons": [
        "stale:catalyst_earnings_state",
        "stale:deployment_readiness",
        "stale:price_band_stop",
        "stale:recommendation_support",
        "stale:technical_posture"
      ],
      "thin_monitor_row": true,
      "ticker": "ANET",
      "tier": "C",
      "universe_scope": "review_100_monitor"
    },
    {
      "card_path": "tmp/ticker-intelligence-cards/AON.current.json",
      "decision_tier_row": false,
      "production_answer_path_member": false,
      "repair_scope": "thin_monitor_expected_context",
      "stale_reasons": [
        "stale:catalyst_earnings_state",
        "stale:deployment_readiness",
        "stale:price_band_stop",
        "stale:recommendation_support",
        "stale:technical_posture"
      ],
      "thin_monitor_row": true,
      "ticker": "AON",
      "tier": "C",
      "universe_scope": "review_100_monitor"
    },
    {
      "card_path": "tmp/ticker-intelligence-cards/AOS.current.json",
      "decision_tier_row": false,
      "production_answer_path_member": false,
      "repair_scope": "thin_monitor_expected_context",
      "stale_reasons": [
        "stale:catalyst_earnings_state",
        "stale:deployment_readiness",
        "stale:price_band_stop",
        "stale:recommendation_support",
        "stale:technical_posture"
      ],
      "thin_monitor_row": true,
      "ticker": "AOS",
      "tier": "C",
      "universe_scope": "review_100_monitor"
    },
    {
      "card_path": "tmp/ticker-intelligence-cards/APA.current.json",
      "decision_tier_row": false,
      "production_answer_path_member": false,
      "repair_scope": "thin_monitor_expected_context",
      "stale_reasons": [
        "stale:catalyst_earnings_state",
        "stale:deployment_readiness",
        "stale:price_band_stop",
        "stale:recommendation_support",
        "stale:technical_posture"
      ],
      "thin_monitor_row": true,
      "ticker": "APA",
      "tier": "C",
      "universe_scope": "review_100_monitor"
    },
    {
      "card_path": "tmp/ticker-intelligence-cards/APD.current.json",
      "decision_tier_row": false,
      "production_answer_path_member": false,
      "repair_scope": "thin_monitor_expected_context",
      "stale_reasons": [
        "stale:catalyst_earnings_state",
        "stale:deployment_readiness",
        "stale:price_band_stop",
        "stale:recommendation_support",
        "stale:technical_posture"
      ],
      "thin_monitor_row": true,
      "ticker": "APD",
      "tier": "C",
      "universe_scope": "review_100_monitor"
    },
    {
      "card_path": "tmp/ticker-intelligence-cards/APH.current.json",
      "decision_tier_row": false,
      "production_answer_path_member": false,
      "repair_scope": "thin_monitor_expected_context",
      "stale_reasons": [
        "stale:catalyst_earnings_state",
        "stale:deployment_readiness",
        "stale:price_band_stop",
        "stale:recommendation_support",
        "stale:technical_posture"
      ],
      "thin_monitor_row": true,
      "ticker": "APH",
      "tier": "C",
      "universe_scope": "review_100_monitor"
    },
    {
      "card_path": "tmp/ticker-intelligence-cards/APO.current.json",
      "decision_tier_row": false,
      "production_answer_path_member": false,
      "repair_scope": "thin_monitor_expected_context",
      "stale_reasons": [
        "stale:catalyst_earnings_state",
        "stale:deployment_readiness",
        "stale:price_band_stop",
        "stale:recommendation_support",
        "stale:technical_posture"
      ],
      "thin_monitor_row": true,
      "ticker": "APO",
      "tier": "C",
      "universe_scope": "review_100_monitor"
    },
    {
      "card_path": "tmp/ticker-intelligence-cards/APP.current.json",
      "decision_tier_row": false,
      "production_answer_path_member": false,
      "repair_scope": "thin_monitor_expected_context",
      "stale_reasons": [
        "stale:catalyst_earnings_state",
        "stale:deployment_readiness",
        "stale:price_band_stop",
        "stale:recommendation_support",
        "stale:technical_posture"
      ],
      "thin_monitor_row": true,
      "ticker": "APP",
      "tier": "C",
      "universe_scope": "review_100_monitor"
    },
    {
      "card_path": "tmp/ticker-intelligence-cards/APTV.current.json",
      "decision_tier_row": false,
      "production_answer_path_member": false,
      "repair_scope": "thin_monitor_expected_context",
      "stale_reasons": [
        "stale:catalyst_earnings_state",
        "stale:deployment_readiness",
        "stale:price_band_stop",
        "stale:recommendation_support",
        "stale:technical_posture"
      ],
      "thin_monitor_row": true,
      "ticker": "APTV",
      "tier": "C",
      "universe_scope": "review_100_monitor"
    },
    {
      "card_path": "tmp/ticker-intelligence-cards/ARE.current.json",
      "decision_tier_row": false,
      "production_answer_path_member": false,
      "repair_scope": "thin_monitor_expected_context",
      "stale_reasons": [
        "stale:catalyst_earnings_state",
        "stale:deployment_readiness",
        "stale:price_band_stop",
        "stale:recommendation_support",
        "stale:technical_posture"
      ],
      "thin_monitor_row": true,
      "ticker": "ARE",
      "tier": "C",
      "universe_scope": "review_100_monitor"
    },
    {
      "card_path": "tmp/ticker-intelligence-cards/ARES.current.json",
      "decision_tier_row": false,
      "production_answer_path_member": false,
      "repair_scope": "thin_monitor_expected_context",
      "stale_reasons": [
        "stale:catalyst_earnings_state",
        "stale:deployment_readiness",
        "stale:price_band_stop",
        "stale:recommendation_support",
        "stale:technical_posture"
      ],
      "thin_monitor_row": true,
      "ticker": "ARES",
      "tier": "C",
      "universe_scope": "review_100_monitor"
    },
    {
      "card_path": "tmp/ticker-intelligence-cards/ASML.current.json",
      "decision_tier_row": false,
      "production_answer_path_member": false,
      "repair_scope": "thin_monitor_expected_context",
      "stale_reasons": [
        "stale:catalyst_earnings_state",
        "stale:deployment_readiness",
        "stale:price_band_stop",
        "stale:recommendation_support",
        "stale:technical_posture"
      ],
      "thin_monitor_row": true,
      "ticker": "ASML",
      "tier": "C",
      "universe_scope": "review_100_monitor"
    },
    {
      "card_path": "tmp/ticker-intelligence-cards/ATO.current.json",
      "decision_tier_row": false,
      "production_answer_path_member": false,
      "repair_scope": "thin_monitor_expected_context",
      "stale_reasons": [
        "stale:catalyst_earnings_state",
        "stale:deployment_readiness",
        "stale:price_band_stop",
        "stale:recommendation_support",
        "stale:technical_posture"
      ],
      "thin_monitor_row": true,
      "ticker": "ATO",
      "tier": "C",
      "universe_scope": "review_100_monitor"
    },
    {
      "card_path": "tmp/ticker-intelligence-cards/AVB.current.json",
      "decision_tier_row": false,
      "production_answer_path_member": false,
      "repair_scope": "thin_monitor_expected_context",
      "stale_reasons": [
        "stale:catalyst_earnings_state",
        "stale:deployment_readiness",
        "stale:price_band_stop",
        "stale:recommendation_support",
        "stale:technical_posture"
      ],
      "thin_monitor_row": true,
      "ticker": "AVB",
      "tier": "C",
      "universe_scope": "review_100_monitor"
    },
    {
      "card_path": "tmp/ticker-intelligence-cards/AVGO.current.json",
      "decision_tier_row": false,
      "production_answer_path_member": false,
      "repair_scope": "thin_monitor_expected_context",
      "stale_reasons": [
        "stale:catalyst_earnings_state",
        "stale:deployment_readiness",
        "stale:price_band_stop",
        "stale:recommendation_support",
        "stale:technical_posture"
      ],
      "thin_monitor_row": true,
      "ticker": "AVGO",
      "tier": "C",
      "universe_scope": "review_100_monitor"
    },
    {
      "card_path": "tmp/ticker-intelligence-cards/AVY.current.json",
      "decision_tier_row": false,
      "production_answer_path_member": false,
      "repair_scope": "thin_monitor_expected_context",
      "stale_reasons": [
        "stale:catalyst_earnings_state",
        "stale:deployment_readiness",
        "stale:price_band_stop",
        "stale:recommendation_support",
        "stale:technical_posture"
      ],
      "thin_monitor_row": true,
      "ticker": "AVY",
      "tier": "C",
      "universe_scope": "review_100_monitor"
    },
    {
      "card_path": "tmp/ticker-intelligence-cards/AWK.current.json",
      "decision_tier_row": false,
      "production_answer_path_member": false,
      "repair_scope": "thin_monitor_expected_context",
      "stale_reasons": [
        "stale:catalyst_earnings_state",
        "stale:deployment_readiness",
        "stale:price_band_stop",
        "stale:recommendation_support",
        "stale:technical_posture"
      ],
      "thin_monitor_row": true,
      "ticker": "AWK",
      "tier": "C",
      "universe_scope": "review_100_monitor"
    },
    {
      "card_path": "tmp/ticker-intelligence-cards/AXON.current.json",
      "decision_tier_row": false,
      "production_answer_path_member": false,
      "repair_scope": "thin_monitor_expected_context",
      "stale_reasons": [
        "stale:catalyst_earnings_state",
        "stale:deployment_readiness",
        "stale:price_band_stop",
        "stale:recommendation_support",
        "stale:technical_posture"
      ],
      "thin_monitor_row": true,
      "ticker": "AXON",
      "tier": "C",
      "universe_scope": "review_100_monitor"
    },
    {
      "card_path": "tmp/ticker-intelligence-cards/AXP.current.json",
      "decision_tier_row": false,
      "production_answer_path_member": false,
      "repair_scope": "thin_monitor_expected_context",
      "stale_reasons": [
        "stale:catalyst_earnings_state",
        "stale:deployment_readiness",
        "stale:price_band_stop",
        "stale:recommendation_support",
        "stale:technical_posture"
      ],
      "thin_monitor_row": true,
      "ticker": "AXP",
      "tier": "C",
      "universe_scope": "review_100_monitor"
    },
    {
      "card_path": "tmp/ticker-intelligence-cards/AZO.current.json",
      "decision_tier_row": false,
      "production_answer_path_member": false,
      "repair_scope": "thin_monitor_expected_context",
      "stale_reasons": [
        "stale:catalyst_earnings_state",
        "stale:deployment_readiness",
        "stale:price_band_stop",
        "stale:recommendation_support",
        "stale:technical_posture"
      ],
      "thin_monitor_row": true,
      "ticker": "AZO",
      "tier": "C",
      "universe_scope": "review_100_monitor"
    },
    {
      "card_path": "tmp/ticker-intelligence-cards/BA.current.json",
      "decision_tier_row": false,
      "production_answer_path_member": false,
      "repair_scope": "thin_monitor_expected_context",
      "stale_reasons": [
        "stale:catalyst_earnings_state",
        "stale:deployment_readiness",
        "stale:price_band_stop",
        "stale:recommendation_support",
        "stale:technical_posture"
      ],
      "thin_monitor_row": true,
      "ticker": "BA",
      "tier": "C",
      "universe_scope": "review_100_monitor"
    },
    {
      "card_path": "tmp/ticker-intelligence-cards/BAC.current.json",
      "decision_tier_row": false,
      "production_answer_path_member": false,
      "repair_scope": "thin_monitor_expected_context",
      "stale_reasons": [
        "price_band_stop",
        "stale:catalyst_earnings_state",
        "stale:deployment_readiness",
        "stale:price_band_stop",
        "stale:recommendation_support",
        "stale:technical_posture"
      ],
      "thin_monitor_row": true,
      "ticker": "BAC",
      "tier": "C",
      "universe_scope": "review_100_monitor"
    },
    {
      "card_path": "tmp/ticker-intelligence-cards/BALL.current.json",
      "decision_tier_row": false,
      "production_answer_path_member": false,
      "repair_scope": "thin_monitor_expected_context",
      "stale_reasons": [
        "stale:catalyst_earnings_state",
        "stale:deployment_readiness",
        "stale:price_band_stop",
        "stale:recommendation_support",
        "stale:technical_posture"
      ],
      "thin_monitor_row": true,
      "ticker": "BALL",
      "tier": "C",
      "universe_scope": "review_100_monitor"
    },
    {
      "card_path": "tmp/ticker-intelligence-cards/BAX.current.json",
      "decision_tier_row": false,
      "production_answer_path_member": false,
      "repair_scope": "thin_monitor_expected_context",
      "stale_reasons": [
        "stale:catalyst_earnings_state",
        "stale:deployment_readiness",
        "stale:price_band_stop",
        "stale:recommendation_support",
        "stale:technical_posture"
      ],
      "thin_monitor_row": true,
      "ticker": "BAX",
      "tier": "C",
      "universe_scope": "review_100_monitor"
    },
    {
      "card_path": "tmp/ticker-intelligence-cards/BBY.current.json",
      "decision_tier_row": false,
      "production_answer_path_member": false,
      "repair_scope": "thin_monitor_expected_context",
      "stale_reasons": [
        "stale:catalyst_earnings_state",
        "stale:deployment_readiness",
        "stale:price_band_stop",
        "stale:recommendation_support",
        "stale:technical_posture"
      ],
      "thin_monitor_row": true,
      "ticker": "BBY",
      "tier": "C",
      "universe_scope": "review_100_monitor"
    },
    {
      "card_path": "tmp/ticker-intelligence-cards/BDX.current.json",
      "decision_tier_row": false,
      "production_answer_path_member": false,
      "repair_scope": "thin_monitor_expected_context",
      "stale_reasons": [
        "stale:catalyst_earnings_state",
        "stale:deployment_readiness",
        "stale:price_band_stop",
        "stale:recommendation_support",
        "stale:technical_posture"
      ],
      "thin_monitor_row": true,
      "ticker": "BDX",
      "tier": "C",
      "universe_scope": "review_100_monitor"
    },
    {
      "card_path": "tmp/ticker-intelligence-cards/BEN.current.json",
      "decision_tier_row": false,
      "production_answer_path_member": false,
      "repair_scope": "thin_monitor_expected_context",
      "stale_reasons": [
        "price_band_stop",
        "stale:catalyst_earnings_state",
        "stale:deployment_readiness",
        "stale:price_band_stop",
        "stale:recommendation_support",
        "stale:technical_posture"
      ],
      "thin_monitor_row": true,
      "ticker": "BEN",
      "tier": "C",
      "universe_scope": "review_100_monitor"
    },
    {
      "card_path": "tmp/ticker-intelligence-cards/BF-B.current.json",
      "decision_tier_row": false,
      "production_answer_path_member": false,
      "repair_scope": "thin_monitor_expected_context",
      "stale_reasons": [
        "stale:catalyst_earnings_state",
        "stale:deployment_readiness",
        "stale:price_band_stop",
        "stale:recommendation_support",
        "stale:technical_posture"
      ],
      "thin_monitor_row": true,
      "ticker": "BF-B",
      "tier": "C",
      "universe_scope": "review_100_monitor"
    },
    {
      "card_path": "tmp/ticker-intelligence-cards/BG.current.json",
      "decision_tier_row": false,
      "production_answer_path_member": false,
      "repair_scope": "thin_monitor_expected_context",
      "stale_reasons": [
        "stale:catalyst_earnings_state",
        "stale:deployment_readiness",
        "stale:price_band_stop",
        "stale:recommendation_support",
        "stale:technical_posture"
      ],
      "thin_monitor_row": true,
      "ticker": "BG",
      "tier": "C",
      "universe_scope": "review_100_monitor"
    },
    {
      "card_path": "tmp/ticker-intelligence-cards/BIIB.current.json",
      "decision_tier_row": false,
      "production_answer_path_member": false,
      "repair_scope": "thin_monitor_expected_context",
      "stale_reasons": [
        "stale:catalyst_earnings_state",
        "stale:deployment_readiness",
        "stale:price_band_stop",
        "stale:recommendation_support",
        "stale:technical_posture"
      ],
      "thin_monitor_row": true,
      "ticker": "BIIB",
      "tier": "C",
      "universe_scope": "review_100_monitor"
    },
    {
      "card_path": "tmp/ticker-intelligence-cards/BKR.current.json",
      "decision_tier_row": false,
      "production_answer_path_member": false,
      "repair_scope": "thin_monitor_expected_context",
      "stale_reasons": [
        "stale:catalyst_earnings_state",
        "stale:deployment_readiness",
        "stale:price_band_stop",
        "stale:recommendation_support",
        "stale:technical_posture"
      ],
      "thin_monitor_row": true,
      "ticker": "BKR",
      "tier": "C",
      "universe_scope": "review_100_monitor"
    },
    {
      "card_path": "tmp/ticker-intelligence-cards/BLDR.current.json",
      "decision_tier_row": false,
      "production_answer_path_member": false,
      "repair_scope": "thin_monitor_expected_context",
      "stale_reasons": [
        "stale:catalyst_earnings_state",
        "stale:deployment_readiness",
        "stale:price_band_stop",
        "stale:recommendation_support",
        "stale:technical_posture"
      ],
      "thin_monitor_row": true,
      "ticker": "BLDR",
      "tier": "C",
      "universe_scope": "review_100_monitor"
    },
    {
      "card_path": "tmp/ticker-intelligence-cards/BLK.current.json",
      "decision_tier_row": false,
      "production_answer_path_member": false,
      "repair_scope": "thin_monitor_expected_context",
      "stale_reasons": [
        "price_band_stop",
        "stale:catalyst_earnings_state",
        "stale:deployment_readiness",
        "stale:price_band_stop",
        "stale:recommendation_support",
        "stale:technical_posture"
      ],
      "thin_monitor_row": true,
      "ticker": "BLK",
      "tier": "C",
      "universe_scope": "review_100_monitor"
    },
    {
      "card_path": "tmp/ticker-intelligence-cards/BMY.current.json",
      "decision_tier_row": false,
      "production_answer_path_member": false,
      "repair_scope": "thin_monitor_expected_context",
      "stale_reasons": [
        "stale:catalyst_earnings_state",
        "stale:deployment_readiness",
        "stale:price_band_stop",
        "stale:recommendation_support",
        "stale:technical_posture"
      ],
      "thin_monitor_row": true,
      "ticker": "BMY",
      "tier": "C",
      "universe_scope": "review_100_monitor"
    },
    {
      "card_path": "tmp/ticker-intelligence-cards/BNY.current.json",
      "decision_tier_row": false,
      "production_answer_path_member": false,
      "repair_scope": "thin_monitor_expected_context",
      "stale_reasons": [
        "price_band_stop",
        "stale:catalyst_earnings_state",
        "stale:deployment_readiness",
        "stale:price_band_stop",
        "stale:recommendation_support",
        "stale:technical_posture"
      ],
      "thin_monitor_row": true,
      "ticker": "BNY",
      "tier": "C",
      "universe_scope": "review_100_monitor"
    },
    {
      "card_path": "tmp/ticker-intelligence-cards/BR.current.json",
      "decision_tier_row": false,
      "production_answer_path_member": false,
      "repair_scope": "thin_monitor_expected_context",
      "stale_reasons": [
        "stale:catalyst_earnings_state",
        "stale:deployment_readiness",
        "stale:price_band_stop",
        "stale:recommendation_support",
        "stale:technical_posture"
      ],
      "thin_monitor_row": true,
      "ticker": "BR",
      "tier": "C",
      "universe_scope": "review_100_monitor"
    },
    {
      "card_path": "tmp/ticker-intelligence-cards/BRO.current.json",
      "decision_tier_row": false,
      "production_answer_path_member": false,
      "repair_scope": "thin_monitor_expected_context",
      "stale_reasons": [
        "stale:catalyst_earnings_state",
        "stale:deployment_readiness",
        "stale:price_band_stop",
        "stale:recommendation_support",
        "stale:technical_posture"
      ],
      "thin_monitor_row": true,
      "ticker": "BRO",
      "tier": "C",
      "universe_scope": "review_100_monitor"
    },
    {
      "card_path": "tmp/ticker-intelligence-cards/BSX.current.json",
      "decision_tier_row": false,
      "production_answer_path_member": false,
      "repair_scope": "thin_monitor_expected_context",
      "stale_reasons": [
        "stale:catalyst_earnings_state",
        "stale:deployment_readiness",
        "stale:price_band_stop",
        "stale:recommendation_support",
        "stale:technical_posture"
      ],
      "thin_monitor_row": true,
      "ticker": "BSX",
      "tier": "C",
      "universe_scope": "review_100_monitor"
    },
    {
      "card_path": "tmp/ticker-intelligence-cards/BX.current.json",
      "decision_tier_row": false,
      "production_answer_path_member": false,
      "repair_scope": "thin_monitor_expected_context",
      "stale_reasons": [
        "stale:catalyst_earnings_state",
        "stale:deployment_readiness",
        "stale:price_band_stop",
        "stale:recommendation_support",
        "stale:technical_posture"
      ],
      "thin_monitor_row": true,
      "ticker": "BX",
      "tier": "C",
      "universe_scope": "review_100_monitor"
    },
    {
      "card_path": "tmp/ticker-intelligence-cards/BXP.current.json",
      "decision_tier_row": false,
      "production_answer_path_member": false,
      "repair_scope": "thin_monitor_expected_context",
      "stale_reasons": [
        "stale:catalyst_earnings_state",
        "stale:deployment_readiness",
        "stale:price_band_stop",
        "stale:recommendation_support",
        "stale:technical_posture"
      ],
      "thin_monitor_row": true,
      "ticker": "BXP",
      "tier": "C",
      "universe_scope": "review_100_monitor"
    },
    {
      "card_path": "tmp/ticker-intelligence-cards/C.current.json",
      "decision_tier_row": false,
      "production_answer_path_member": false,
      "repair_scope": "thin_monitor_expected_context",
      "stale_reasons": [
        "price_band_stop",
        "stale:catalyst_earnings_state",
        "stale:deployment_readiness",
        "stale:price_band_stop",
        "stale:recommendation_support",
        "stale:technical_posture"
      ],
      "thin_monitor_row": true,
      "ticker": "C",
      "tier": "C",
      "universe_scope": "review_100_monitor"
    },
    {
      "card_path": "tmp/ticker-intelligence-cards/CAG.current.json",
      "decision_tier_row": false,
      "production_answer_path_member": false,
      "repair_scope": "thin_monitor_expected_context",
      "stale_reasons": [
        "stale:catalyst_earnings_state",
        "stale:deployment_readiness",
        "stale:price_band_stop",
        "stale:recommendation_support",
        "stale:technical_posture"
      ],
      "thin_monitor_row": true,
      "ticker": "CAG",
      "tier": "C",
      "universe_scope": "review_100_monitor"
    },
    {
      "card_path": "tmp/ticker-intelligence-cards/CAH.current.json",
      "decision_tier_row": false,
      "production_answer_path_member": false,
      "repair_scope": "thin_monitor_expected_context",
      "stale_reasons": [
        "stale:catalyst_earnings_state",
        "stale:deployment_readiness",
        "stale:price_band_stop",
        "stale:recommendation_support",
        "stale:technical_posture"
      ],
      "thin_monitor_row": true,
      "ticker": "CAH",
      "tier": "C",
      "universe_scope": "review_100_monitor"
    },
    {
      "card_path": "tmp/ticker-intelligence-cards/CARR.current.json",
      "decision_tier_row": false,
      "production_answer_path_member": false,
      "repair_scope": "thin_monitor_expected_context",
      "stale_reasons": [
        "stale:catalyst_earnings_state",
        "stale:deployment_readiness",
        "stale:price_band_stop",
        "stale:recommendation_support",
        "stale:technical_posture"
      ],
      "thin_monitor_row": true,
      "ticker": "CARR",
      "tier": "C",
      "universe_scope": "review_100_monitor"
    },
    {
      "card_path": "tmp/ticker-intelligence-cards/CASY.current.json",
      "decision_tier_row": false,
      "production_answer_path_member": false,
      "repair_scope": "thin_monitor_expected_context",
      "stale_reasons": [
        "stale:catalyst_earnings_state",
        "stale:deployment_readiness",
        "stale:price_band_stop",
        "stale:recommendation_support",
        "stale:technical_posture"
      ],
      "thin_monitor_row": true,
      "ticker": "CASY",
      "tier": "C",
      "universe_scope": "review_100_monitor"
    },
    {
      "card_path": "tmp/ticker-intelligence-cards/CB.current.json",
      "decision_tier_row": false,
      "production_answer_path_member": false,
      "repair_scope": "thin_monitor_expected_context",
      "stale_reasons": [
        "stale:catalyst_earnings_state",
        "stale:deployment_readiness",
        "stale:price_band_stop",
        "stale:recommendation_support",
        "stale:technical_posture"
      ],
      "thin_monitor_row": true,
      "ticker": "CB",
      "tier": "C",
      "universe_scope": "review_100_monitor"
    },
    {
      "card_path": "tmp/ticker-intelligence-cards/CBOE.current.json",
      "decision_tier_row": false,
      "production_answer_path_member": false,
      "repair_scope": "thin_monitor_expected_context",
      "stale_reasons": [
        "stale:catalyst_earnings_state",
        "stale:deployment_readiness",
        "stale:price_band_stop",
        "stale:recommendation_support",
        "stale:technical_posture"
      ],
      "thin_monitor_row": true,
      "ticker": "CBOE",
      "tier": "C",
      "universe_scope": "review_100_monitor"
    },
    {
      "card_path": "tmp/ticker-intelligence-cards/CBRE.current.json",
      "decision_tier_row": false,
      "production_answer_path_member": false,
      "repair_scope": "thin_monitor_expected_context",
      "stale_reasons": [
        "stale:catalyst_earnings_state",
        "stale:deployment_readiness",
        "stale:price_band_stop",
        "stale:recommendation_support",
        "stale:technical_posture"
      ],
      "thin_monitor_row": true,
      "ticker": "CBRE",
      "tier": "C",
      "universe_scope": "review_100_monitor"
    },
    {
      "card_path": "tmp/ticker-intelligence-cards/CCI.current.json",
      "decision_tier_row": false,
      "production_answer_path_member": false,
      "repair_scope": "thin_monitor_expected_context",
      "stale_reasons": [
        "stale:catalyst_earnings_state",
        "stale:deployment_readiness",
        "stale:price_band_stop",
        "stale:recommendation_support",
        "stale:technical_posture"
      ],
      "thin_monitor_row": true,
      "ticker": "CCI",
      "tier": "C",
      "universe_scope": "review_100_monitor"
    },
    {
      "card_path": "tmp/ticker-intelligence-cards/CCL.current.json",
      "decision_tier_row": false,
      "production_answer_path_member": false,
      "repair_scope": "thin_monitor_expected_context",
      "stale_reasons": [
        "stale:catalyst_earnings_state",
        "stale:deployment_readiness",
        "stale:price_band_stop",
        "stale:recommendation_support",
        "stale:technical_posture"
      ],
      "thin_monitor_row": true,
      "ticker": "CCL",
      "tier": "C",
      "universe_scope": "review_100_monitor"
    },
    {
      "card_path": "tmp/ticker-intelligence-cards/CDNS.current.json",
      "decision_tier_row": false,
      "production_answer_path_member": false,
      "repair_scope": "thin_monitor_expected_context",
      "stale_reasons": [
        "stale:catalyst_earnings_state",
        "stale:deployment_readiness",
        "stale:price_band_stop",
        "stale:recommendation_support",
        "stale:technical_posture"
      ],
      "thin_monitor_row": true,
      "ticker": "CDNS",
      "tier": "C",
      "universe_scope": "review_100_monitor"
    },
    {
      "card_path": "tmp/ticker-intelligence-cards/CDW.current.json",
      "decision_tier_row": false,
      "production_answer_path_member": false,
      "repair_scope": "thin_monitor_expected_context",
      "stale_reasons": [
        "stale:catalyst_earnings_state",
        "stale:deployment_readiness",
        "stale:price_band_stop",
        "stale:recommendation_support",
        "stale:technical_posture"
      ],
      "thin_monitor_row": true,
      "ticker": "CDW",
      "tier": "C",
      "universe_scope": "review_100_monitor"
    },
    {
      "card_path": "tmp/ticker-intelligence-cards/CEG.current.json",
      "decision_tier_row": false,
      "production_answer_path_member": false,
      "repair_scope": "thin_monitor_expected_context",
      "stale_reasons": [
        "stale:catalyst_earnings_state",
        "stale:deployment_readiness",
        "stale:price_band_stop",
        "stale:recommendation_support",
        "stale:technical_posture"
      ],
      "thin_monitor_row": true,
      "ticker": "CEG",
      "tier": "C",
      "universe_scope": "review_100_monitor"
    },
    {
      "card_path": "tmp/ticker-intelligence-cards/CF.current.json",
      "decision_tier_row": false,
      "production_answer_path_member": false,
      "repair_scope": "thin_monitor_expected_context",
      "stale_reasons": [
        "stale:catalyst_earnings_state",
        "stale:deployment_readiness",
        "stale:price_band_stop",
        "stale:recommendation_support",
        "stale:technical_posture"
      ],
      "thin_monitor_row": true,
      "ticker": "CF",
      "tier": "C",
      "universe_scope": "review_100_monitor"
    },
    {
      "card_path": "tmp/ticker-intelligence-cards/CFG.current.json",
      "decision_tier_row": false,
      "production_answer_path_member": false,
      "repair_scope": "thin_monitor_expected_context",
      "stale_reasons": [
        "stale:catalyst_earnings_state",
        "stale:deployment_readiness",
        "stale:price_band_stop",
        "stale:recommendation_support",
        "stale:technical_posture"
      ],
      "thin_monitor_row": true,
      "ticker": "CFG",
      "tier": "C",
      "universe_scope": "review_100_monitor"
    },
    {
      "card_path": "tmp/ticker-intelligence-cards/CHD.current.json",
      "decision_tier_row": false,
      "production_answer_path_member": false,
      "repair_scope": "thin_monitor_expected_context",
      "stale_reasons": [
        "stale:catalyst_earnings_state",
        "stale:deployment_readiness",
        "stale:price_band_stop",
        "stale:recommendation_support",
        "stale:technical_posture"
      ],
      "thin_monitor_row": true,
      "ticker": "CHD",
      "tier": "C",
      "universe_scope": "review_100_monitor"
    },
    {
      "card_path": "tmp/ticker-intelligence-cards/CHRW.current.json",
      "decision_tier_row": false,
      "production_answer_path_member": false,
      "repair_scope": "thin_monitor_expected_context",
      "stale_reasons": [
        "stale:catalyst_earnings_state",
        "stale:deployment_readiness",
        "stale:price_band_stop",
        "stale:recommendation_support",
        "stale:technical_posture"
      ],
      "thin_monitor_row": true,
      "ticker": "CHRW",
      "tier": "C",
      "universe_scope": "review_100_monitor"
    },
    {
      "card_path": "tmp/ticker-intelligence-cards/CHTR.current.json",
      "decision_tier_row": false,
      "production_answer_path_member": false,
      "repair_scope": "thin_monitor_expected_context",
      "stale_reasons": [
        "stale:catalyst_earnings_state",
        "stale:deployment_readiness",
        "stale:price_band_stop",
        "stale:recommendation_support",
        "stale:technical_posture"
      ],
      "thin_monitor_row": true,
      "ticker": "CHTR",
      "tier": "C",
      "universe_scope": "review_100_monitor"
    },
    {
      "card_path": "tmp/ticker-intelligence-cards/CI.current.json",
      "decision_tier_row": false,
      "production_answer_path_member": false,
      "repair_scope": "thin_monitor_expected_context",
      "stale_reasons": [
        "price_band_stop",
        "stale:catalyst_earnings_state",
        "stale:deployment_readiness",
        "stale:price_band_stop",
        "stale:recommendation_support",
        "stale:technical_posture"
      ],
      "thin_monitor_row": true,
      "ticker": "CI",
      "tier": "C",
      "universe_scope": "review_100_monitor"
    },
    {
      "card_path": "tmp/ticker-intelligence-cards/CIEN.current.json",
      "decision_tier_row": false,
      "production_answer_path_member": false,
      "repair_scope": "thin_monitor_expected_context",
      "stale_reasons": [
        "stale:catalyst_earnings_state",
        "stale:deployment_readiness",
        "stale:price_band_stop",
        "stale:recommendation_support",
        "stale:technical_posture"
      ],
      "thin_monitor_row": true,
      "ticker": "CIEN",
      "tier": "C",
      "universe_scope": "review_100_monitor"
    },
    {
      "card_path": "tmp/ticker-intelligence-cards/CINF.current.json",
      "decision_tier_row": false,
      "production_answer_path_member": false,
      "repair_scope": "thin_monitor_expected_context",
      "stale_reasons": [
        "stale:catalyst_earnings_state",
        "stale:deployment_readiness",
        "stale:price_band_stop",
        "stale:recommendation_support",
        "stale:technical_posture"
      ],
      "thin_monitor_row": true,
      "ticker": "CINF",
      "tier": "C",
      "universe_scope": "review_100_monitor"
    },
    {
      "card_path": "tmp/ticker-intelligence-cards/CL.current.json",
      "decision_tier_row": false,
      "production_answer_path_member": false,
      "repair_scope": "thin_monitor_expected_context",
      "stale_reasons": [
        "stale:catalyst_earnings_state",
        "stale:deployment_readiness",
        "stale:price_band_stop",
        "stale:recommendation_support",
        "stale:technical_posture"
      ],
      "thin_monitor_row": true,
      "ticker": "CL",
      "tier": "C",
      "universe_scope": "review_100_monitor"
    },
    {
      "card_path": "tmp/ticker-intelligence-cards/CLX.current.json",
      "decision_tier_row": false,
      "production_answer_path_member": false,
      "repair_scope": "thin_monitor_expected_context",
      "stale_reasons": [
        "stale:catalyst_earnings_state",
        "stale:deployment_readiness",
        "stale:price_band_stop",
        "stale:recommendation_support",
        "stale:technical_posture"
      ],
      "thin_monitor_row": true,
      "ticker": "CLX",
      "tier": "C",
      "universe_scope": "review_100_monitor"
    },
    {
      "card_path": "tmp/ticker-intelligence-cards/CMCSA.current.json",
      "decision_tier_row": false,
      "production_answer_path_member": false,
      "repair_scope": "thin_monitor_expected_context",
      "stale_reasons": [
        "stale:catalyst_earnings_state",
        "stale:deployment_readiness",
        "stale:price_band_stop",
        "stale:recommendation_support",
        "stale:technical_posture"
      ],
      "thin_monitor_row": true,
      "ticker": "CMCSA",
      "tier": "C",
      "universe_scope": "review_100_monitor"
    },
    {
      "card_path": "tmp/ticker-intelligence-cards/CMG.current.json",
      "decision_tier_row": false,
      "production_answer_path_member": false,
      "repair_scope": "thin_monitor_expected_context",
      "stale_reasons": [
        "stale:catalyst_earnings_state",
        "stale:deployment_readiness",
        "stale:price_band_stop",
        "stale:recommendation_support",
        "stale:technical_posture"
      ],
      "thin_monitor_row": true,
      "ticker": "CMG",
      "tier": "C",
      "universe_scope": "review_100_monitor"
    },
    {
      "card_path": "tmp/ticker-intelligence-cards/CMI.current.json",
      "decision_tier_row": false,
      "production_answer_path_member": false,
      "repair_scope": "thin_monitor_expected_context",
      "stale_reasons": [
        "price_band_stop",
        "stale:catalyst_earnings_state",
        "stale:deployment_readiness",
        "stale:price_band_stop",
        "stale:recommendation_support",
        "stale:technical_posture"
      ],
      "thin_monitor_row": true,
      "ticker": "CMI",
      "tier": "C",
      "universe_scope": "review_100_monitor"
    },
    {
      "card_path": "tmp/ticker-intelligence-cards/CMS.current.json",
      "decision_tier_row": false,
      "production_answer_path_member": false,
      "repair_scope": "thin_monitor_expected_context",
      "stale_reasons": [
        "stale:catalyst_earnings_state",
        "stale:deployment_readiness",
        "stale:price_band_stop",
        "stale:recommendation_support",
        "stale:technical_posture"
      ],
      "thin_monitor_row": true,
      "ticker": "CMS",
      "tier": "C",
      "universe_scope": "review_100_monitor"
    },
    {
      "card_path": "tmp/ticker-intelligence-cards/CNC.current.json",
      "decision_tier_row": false,
      "production_answer_path_member": false,
      "repair_scope": "thin_monitor_expected_context",
      "stale_reasons": [
        "stale:catalyst_earnings_state",
        "stale:deployment_readiness",
        "stale:price_band_stop",
        "stale:recommendation_support",
        "stale:technical_posture"
      ],
      "thin_monitor_row": true,
      "ticker": "CNC",
      "tier": "C",
      "universe_scope": "review_100_monitor"
    },
    {
      "card_path": "tmp/ticker-intelligence-cards/CNP.current.json",
      "decision_tier_row": false,
      "production_answer_path_member": false,
      "repair_scope": "thin_monitor_expected_context",
      "stale_reasons": [
        "stale:catalyst_earnings_state",
        "stale:deployment_readiness",
        "stale:price_band_stop",
        "stale:recommendation_support",
        "stale:technical_posture"
      ],
      "thin_monitor_row": true,
      "ticker": "CNP",
      "tier": "C",
      "universe_scope": "review_100_monitor"
    },
    {
      "card_path": "tmp/ticker-intelligence-cards/COHR.current.json",
      "decision_tier_row": false,
      "production_answer_path_member": false,
      "repair_scope": "thin_monitor_expected_context",
      "stale_reasons": [
        "stale:catalyst_earnings_state",
        "stale:deployment_readiness",
        "stale:price_band_stop",
        "stale:recommendation_support",
        "stale:technical_posture"
      ],
      "thin_monitor_row": true,
      "ticker": "COHR",
      "tier": "C",
      "universe_scope": "review_100_monitor"
    },
    {
      "card_path": "tmp/ticker-intelligence-cards/COO.current.json",
      "decision_tier_row": false,
      "production_answer_path_member": false,
      "repair_scope": "thin_monitor_expected_context",
      "stale_reasons": [
        "stale:catalyst_earnings_state",
        "stale:deployment_readiness",
        "stale:price_band_stop",
        "stale:recommendation_support",
        "stale:technical_posture"
      ],
      "thin_monitor_row": true,
      "ticker": "COO",
      "tier": "C",
      "universe_scope": "review_100_monitor"
    },
    {
      "card_path": "tmp/ticker-intelligence-cards/COP.current.json",
      "decision_tier_row": false,
      "production_answer_path_member": false,
      "repair_scope": "thin_monitor_expected_context",
      "stale_reasons": [
        "stale:catalyst_earnings_state",
        "stale:deployment_readiness",
        "stale:price_band_stop",
        "stale:recommendation_support",
        "stale:technical_posture"
      ],
      "thin_monitor_row": true,
      "ticker": "COP",
      "tier": "C",
      "universe_scope": "review_100_monitor"
    },
    {
      "card_path": "tmp/ticker-intelligence-cards/COR.current.json",
      "decision_tier_row": false,
      "production_answer_path_member": false,
      "repair_scope": "thin_monitor_expected_context",
      "stale_reasons": [
        "price_band_stop",
        "stale:catalyst_earnings_state",
        "stale:deployment_readiness",
        "stale:price_band_stop",
        "stale:recommendation_support",
        "stale:technical_posture"
      ],
      "thin_monitor_row": true,
      "ticker": "COR",
      "tier": "C",
      "universe_scope": "review_100_monitor"
    },
    {
      "card_path": "tmp/ticker-intelligence-cards/COST.current.json",
      "decision_tier_row": false,
      "production_answer_path_member": false,
      "repair_scope": "thin_monitor_expected_context",
      "stale_reasons": [
        "stale:catalyst_earnings_state",
        "stale:deployment_readiness",
        "stale:price_band_stop",
        "stale:recommendation_support",
        "stale:technical_posture"
      ],
      "thin_monitor_row": true,
      "ticker": "COST",
      "tier": "C",
      "universe_scope": "review_100_monitor"
    },
    {
      "card_path": "tmp/ticker-intelligence-cards/CPB.current.json",
      "decision_tier_row": false,
      "production_answer_path_member": false,
      "repair_scope": "thin_monitor_expected_context",
      "stale_reasons": [
        "stale:catalyst_earnings_state",
        "stale:deployment_readiness",
        "stale:price_band_stop",
        "stale:recommendation_support",
        "stale:technical_posture"
      ],
      "thin_monitor_row": true,
      "ticker": "CPB",
      "tier": "C",
      "universe_scope": "review_100_monitor"
    },
    {
      "card_path": "tmp/ticker-intelligence-cards/CPRT.current.json",
      "decision_tier_row": false,
      "production_answer_path_member": false,
      "repair_scope": "thin_monitor_expected_context",
      "stale_reasons": [
        "stale:catalyst_earnings_state",
        "stale:deployment_readiness",
        "stale:price_band_stop",
        "stale:recommendation_support",
        "stale:technical_posture"
      ],
      "thin_monitor_row": true,
      "ticker": "CPRT",
      "tier": "C",
      "universe_scope": "review_100_monitor"
    },
    {
      "card_path": "tmp/ticker-intelligence-cards/CPT.current.json",
      "decision_tier_row": false,
      "production_answer_path_member": false,
      "repair_scope": "thin_monitor_expected_context",
      "stale_reasons": [
        "stale:catalyst_earnings_state",
        "stale:deployment_readiness",
        "stale:price_band_stop",
        "stale:recommendation_support",
        "stale:technical_posture"
      ],
      "thin_monitor_row": true,
      "ticker": "CPT",
      "tier": "C",
      "universe_scope": "review_100_monitor"
    },
    {
      "card_path": "tmp/ticker-intelligence-cards/CRH.current.json",
      "decision_tier_row": false,
      "production_answer_path_member": false,
      "repair_scope": "thin_monitor_expected_context",
      "stale_reasons": [
        "stale:catalyst_earnings_state",
        "stale:deployment_readiness",
        "stale:price_band_stop",
        "stale:recommendation_support",
        "stale:technical_posture"
      ],
      "thin_monitor_row": true,
      "ticker": "CRH",
      "tier": "C",
      "universe_scope": "review_100_monitor"
    },
    {
      "card_path": "tmp/ticker-intelligence-cards/CRL.current.json",
      "decision_tier_row": false,
      "production_answer_path_member": false,
      "repair_scope": "thin_monitor_expected_context",
      "stale_reasons": [
        "stale:catalyst_earnings_state",
        "stale:deployment_readiness",
        "stale:price_band_stop",
        "stale:recommendation_support",
        "stale:technical_posture"
      ],
      "thin_monitor_row": true,
      "ticker": "CRL",
      "tier": "C",
      "universe_scope": "review_100_monitor"
    },
    {
      "card_path": "tmp/ticker-intelligence-cards/CRM.current.json",
      "decision_tier_row": false,
      "production_answer_path_member": false,
      "repair_scope": "thin_monitor_expected_context",
      "stale_reasons": [
        "stale:catalyst_earnings_state",
        "stale:deployment_readiness",
        "stale:price_band_stop",
        "stale:recommendation_support",
        "stale:technical_posture"
      ],
      "thin_monitor_row": true,
      "ticker": "CRM",
      "tier": "C",
      "universe_scope": "review_100_monitor"
    },
    {
      "card_path": "tmp/ticker-intelligence-cards/CRWD.current.json",
      "decision_tier_row": false,
      "production_answer_path_member": false,
      "repair_scope": "thin_monitor_expected_context",
      "stale_reasons": [
        "stale:catalyst_earnings_state",
        "stale:deployment_readiness",
        "stale:price_band_stop",
        "stale:recommendation_support",
        "stale:technical_posture"
      ],
      "thin_monitor_row": true,
      "ticker": "CRWD",
      "tier": "C",
      "universe_scope": "review_100_monitor"
    },
    {
      "card_path": "tmp/ticker-intelligence-cards/CSCO.current.json",
      "decision_tier_row": false,
      "production_answer_path_member": false,
      "repair_scope": "thin_monitor_expected_context",
      "stale_reasons": [
        "price_band_stop",
        "stale:catalyst_earnings_state",
        "stale:deployment_readiness",
        "stale:price_band_stop",
        "stale:recommendation_support",
        "stale:technical_posture"
      ],
      "thin_monitor_row": true,
      "ticker": "CSCO",
      "tier": "C",
      "universe_scope": "review_100_monitor"
    },
    {
      "card_path": "tmp/ticker-intelligence-cards/CSGP.current.json",
      "decision_tier_row": false,
      "production_answer_path_member": false,
      "repair_scope": "thin_monitor_expected_context",
      "stale_reasons": [
        "stale:catalyst_earnings_state",
        "stale:deployment_readiness",
        "stale:price_band_stop",
        "stale:recommendation_support",
        "stale:technical_posture"
      ],
      "thin_monitor_row": true,
      "ticker": "CSGP",
      "tier": "C",
      "universe_scope": "review_100_monitor"
    },
    {
      "card_path": "tmp/ticker-intelligence-cards/CSX.current.json",
      "decision_tier_row": false,
      "production_answer_path_member": false,
      "repair_scope": "thin_monitor_expected_context",
      "stale_reasons": [
        "price_band_stop",
        "stale:catalyst_earnings_state",
        "stale:deployment_readiness",
        "stale:price_band_stop",
        "stale:recommendation_support",
        "stale:technical_posture"
      ],
      "thin_monitor_row": true,
      "ticker": "CSX",
      "tier": "C",
      "universe_scope": "review_100_monitor"
    },
    {
      "card_path": "tmp/ticker-intelligence-cards/CTAS.current.json",
      "decision_tier_row": false,
      "production_answer_path_member": false,
      "repair_scope": "thin_monitor_expected_context",
      "stale_reasons": [
        "stale:catalyst_earnings_state",
        "stale:deployment_readiness",
        "stale:price_band_stop",
        "stale:recommendation_support",
        "stale:technical_posture"
      ],
      "thin_monitor_row": true,
      "ticker": "CTAS",
      "tier": "C",
      "universe_scope": "review_100_monitor"
    },
    {
      "card_path": "tmp/ticker-intelligence-cards/CTSH.current.json",
      "decision_tier_row": false,
      "production_answer_path_member": false,
      "repair_scope": "thin_monitor_expected_context",
      "stale_reasons": [
        "stale:catalyst_earnings_state",
        "stale:deployment_readiness",
        "stale:price_band_stop",
        "stale:recommendation_support",
        "stale:technical_posture"
      ],
      "thin_monitor_row": true,
      "ticker": "CTSH",
      "tier": "C",
      "universe_scope": "review_100_monitor"
    },
    {
      "card_path": "tmp/ticker-intelligence-cards/CTVA.current.json",
      "decision_tier_row": false,
      "production_answer_path_member": false,
      "repair_scope": "thin_monitor_expected_context",
      "stale_reasons": [
        "stale:catalyst_earnings_state",
        "stale:deployment_readiness",
        "stale:price_band_stop",
        "stale:recommendation_support",
        "stale:technical_posture"
      ],
      "thin_monitor_row": true,
      "ticker": "CTVA",
      "tier": "C",
      "universe_scope": "review_100_monitor"
    },
    {
      "card_path": "tmp/ticker-intelligence-cards/CVNA.current.json",
      "decision_tier_row": false,
      "production_answer_path_member": false,
      "repair_scope": "thin_monitor_expected_context",
      "stale_reasons": [
        "stale:catalyst_earnings_state",
        "stale:deployment_readiness",
        "stale:price_band_stop",
        "stale:recommendation_support",
        "stale:technical_posture"
      ],
      "thin_monitor_row": true,
      "ticker": "CVNA",
      "tier": "C",
      "universe_scope": "review_100_monitor"
    },
    {
      "card_path": "tmp/ticker-intelligence-cards/CVS.current.json",
      "decision_tier_row": false,
      "production_answer_path_member": false,
      "repair_scope": "thin_monitor_expected_context",
      "stale_reasons": [
        "price_band_stop",
        "stale:catalyst_earnings_state",
        "stale:deployment_readiness",
        "stale:price_band_stop",
        "stale:recommendation_support",
        "stale:technical_posture"
      ],
      "thin_monitor_row": true,
      "ticker": "CVS",
      "tier": "C",
      "universe_scope": "review_100_monitor"
    },
    {
      "card_path": "tmp/ticker-intelligence-cards/D.current.json",
      "decision_tier_row": false,
      "production_answer_path_member": false,
      "repair_scope": "thin_monitor_expected_context",
      "stale_reasons": [
        "stale:catalyst_earnings_state",
        "stale:deployment_readiness",
        "stale:price_band_stop",
        "stale:recommendation_support",
        "stale:technical_posture"
      ],
      "thin_monitor_row": true,
      "ticker": "D",
      "tier": "C",
      "universe_scope": "review_100_monitor"
    },
    {
      "card_path": "tmp/ticker-intelligence-cards/DAL.current.json",
      "decision_tier_row": false,
      "production_answer_path_member": false,
      "repair_scope": "thin_monitor_expected_context",
      "stale_reasons": [
        "stale:catalyst_earnings_state",
        "stale:deployment_readiness",
        "stale:price_band_stop",
        "stale:recommendation_support",
        "stale:technical_posture"
      ],
      "thin_monitor_row": true,
      "ticker": "DAL",
      "tier": "C",
      "universe_scope": "review_100_monitor"
    },
    {
      "card_path": "tmp/ticker-intelligence-cards/DASH.current.json",
      "decision_tier_row": false,
      "production_answer_path_member": false,
      "repair_scope": "thin_monitor_expected_context",
      "stale_reasons": [
        "stale:catalyst_earnings_state",
        "stale:deployment_readiness",
        "stale:price_band_stop",
        "stale:recommendation_support",
        "stale:technical_posture"
      ],
      "thin_monitor_row": true,
      "ticker": "DASH",
      "tier": "C",
      "universe_scope": "review_100_monitor"
    },
    {
      "card_path": "tmp/ticker-intelligence-cards/DD.current.json",
      "decision_tier_row": false,
      "production_answer_path_member": false,
      "repair_scope": "thin_monitor_expected_context",
      "stale_reasons": [
        "stale:catalyst_earnings_state",
        "stale:deployment_readiness",
        "stale:price_band_stop",
        "stale:recommendation_support",
        "stale:technical_posture"
      ],
      "thin_monitor_row": true,
      "ticker": "DD",
      "tier": "C",
      "universe_scope": "review_100_monitor"
    },
    {
      "card_path": "tmp/ticker-intelligence-cards/DDOG.current.json",
      "decision_tier_row": false,
      "production_answer_path_member": false,
      "repair_scope": "thin_monitor_expected_context",
      "stale_reasons": [
        "stale:catalyst_earnings_state",
        "stale:deployment_readiness",
        "stale:price_band_stop",
        "stale:recommendation_support",
        "stale:technical_posture"
      ],
      "thin_monitor_row": true,
      "ticker": "DDOG",
      "tier": "C",
      "universe_scope": "review_100_monitor"
    },
    {
      "card_path": "tmp/ticker-intelligence-cards/DE.current.json",
      "decision_tier_row": false,
      "production_answer_path_member": false,
      "repair_scope": "thin_monitor_expected_context",
      "stale_reasons": [
        "stale:catalyst_earnings_state",
        "stale:deployment_readiness",
        "stale:price_band_stop",
        "stale:recommendation_support",
        "stale:technical_posture"
      ],
      "thin_monitor_row": true,
      "ticker": "DE",
      "tier": "C",
      "universe_scope": "review_100_monitor"
    },
    {
      "card_path": "tmp/ticker-intelligence-cards/DECK.current.json",
      "decision_tier_row": false,
      "production_answer_path_member": false,
      "repair_scope": "thin_monitor_expected_context",
      "stale_reasons": [
        "stale:catalyst_earnings_state",
        "stale:deployment_readiness",
        "stale:price_band_stop",
        "stale:recommendation_support",
        "stale:technical_posture"
      ],
      "thin_monitor_row": true,
      "ticker": "DECK",
      "tier": "C",
      "universe_scope": "review_100_monitor"
    },
    {
      "card_path": "tmp/ticker-intelligence-cards/DELL.current.json",
      "decision_tier_row": false,
      "production_answer_path_member": false,
      "repair_scope": "thin_monitor_expected_context",
      "stale_reasons": [
        "stale:catalyst_earnings_state",
        "stale:deployment_readiness",
        "stale:price_band_stop",
        "stale:recommendation_support",
        "stale:technical_posture"
      ],
      "thin_monitor_row": true,
      "ticker": "DELL",
      "tier": "C",
      "universe_scope": "review_100_monitor"
    },
    {
      "card_path": "tmp/ticker-intelligence-cards/DG.current.json",
      "decision_tier_row": false,
      "production_answer_path_member": false,
      "repair_scope": "thin_monitor_expected_context",
      "stale_reasons": [
        "price_band_stop",
        "stale:catalyst_earnings_state",
        "stale:deployment_readiness",
        "stale:price_band_stop",
        "stale:recommendation_support",
        "stale:technical_posture"
      ],
      "thin_monitor_row": true,
      "ticker": "DG",
      "tier": "C",
      "universe_scope": "review_100_monitor"
    },
    {
      "card_path": "tmp/ticker-intelligence-cards/DGX.current.json",
      "decision_tier_row": false,
      "production_answer_path_member": false,
      "repair_scope": "thin_monitor_expected_context",
      "stale_reasons": [
        "price_band_stop",
        "stale:catalyst_earnings_state",
        "stale:deployment_readiness",
        "stale:price_band_stop",
        "stale:recommendation_support",
        "stale:technical_posture"
      ],
      "thin_monitor_row": true,
      "ticker": "DGX",
      "tier": "C",
      "universe_scope": "review_100_monitor"
    },
    {
      "card_path": "tmp/ticker-intelligence-cards/DHI.current.json",
      "decision_tier_row": false,
      "production_answer_path_member": false,
      "repair_scope": "thin_monitor_expected_context",
      "stale_reasons": [
        "price_band_stop",
        "stale:catalyst_earnings_state",
        "stale:deployment_readiness",
        "stale:price_band_stop",
        "stale:recommendation_support",
        "stale:technical_posture"
      ],
      "thin_monitor_row": true,
      "ticker": "DHI",
      "tier": "C",
      "universe_scope": "review_100_monitor"
    },
    {
      "card_path": "tmp/ticker-intelligence-cards/DHR.current.json",
      "decision_tier_row": false,
      "production_answer_path_member": false,
      "repair_scope": "thin_monitor_expected_context",
      "stale_reasons": [
        "stale:catalyst_earnings_state",
        "stale:deployment_readiness",
        "stale:price_band_stop",
        "stale:recommendation_support",
        "stale:technical_posture"
      ],
      "thin_monitor_row": true,
      "ticker": "DHR",
      "tier": "C",
      "universe_scope": "review_100_monitor"
    },
    {
      "card_path": "tmp/ticker-intelligence-cards/DIS.current.json",
      "decision_tier_row": false,
      "production_answer_path_member": false,
      "repair_scope": "thin_monitor_expected_context",
      "stale_reasons": [
        "stale:catalyst_earnings_state",
        "stale:deployment_readiness",
        "stale:price_band_stop",
        "stale:recommendation_support",
        "stale:technical_posture"
      ],
      "thin_monitor_row": true,
      "ticker": "DIS",
      "tier": "C",
      "universe_scope": "review_100_monitor"
    },
    {
      "card_path": "tmp/ticker-intelligence-cards/DLR.current.json",
      "decision_tier_row": false,
      "production_answer_path_member": false,
      "repair_scope": "thin_monitor_expected_context",
      "stale_reasons": [
        "stale:catalyst_earnings_state",
        "stale:deployment_readiness",
        "stale:price_band_stop",
        "stale:recommendation_support",
        "stale:technical_posture"
      ],
      "thin_monitor_row": true,
      "ticker": "DLR",
      "tier": "C",
      "universe_scope": "review_100_monitor"
    },
    {
      "card_path": "tmp/ticker-intelligence-cards/DLTR.current.json",
      "decision_tier_row": false,
      "production_answer_path_member": false,
      "repair_scope": "thin_monitor_expected_context",
      "stale_reasons": [
        "stale:catalyst_earnings_state",
        "stale:deployment_readiness",
        "stale:price_band_stop",
        "stale:recommendation_support",
        "stale:technical_posture"
      ],
      "thin_monitor_row": true,
      "ticker": "DLTR",
      "tier": "C",
      "universe_scope": "review_100_monitor"
    },
    {
      "card_path": "tmp/ticker-intelligence-cards/DOC.current.json",
      "decision_tier_row": false,
      "production_answer_path_member": false,
      "repair_scope": "thin_monitor_expected_context",
      "stale_reasons": [
        "stale:catalyst_earnings_state",
        "stale:deployment_readiness",
        "stale:price_band_stop",
        "stale:recommendation_support",
        "stale:technical_posture"
      ],
      "thin_monitor_row": true,
      "ticker": "DOC",
      "tier": "C",
      "universe_scope": "review_100_monitor"
    },
    {
      "card_path": "tmp/ticker-intelligence-cards/DOV.current.json",
      "decision_tier_row": false,
      "production_answer_path_member": false,
      "repair_scope": "thin_monitor_expected_context",
      "stale_reasons": [
        "price_band_stop",
        "stale:catalyst_earnings_state",
        "stale:deployment_readiness",
        "stale:price_band_stop",
        "stale:recommendation_support",
        "stale:technical_posture"
      ],
      "thin_monitor_row": true,
      "ticker": "DOV",
      "tier": "C",
      "universe_scope": "review_100_monitor"
    },
    {
      "card_path": "tmp/ticker-intelligence-cards/DOW.current.json",
      "decision_tier_row": false,
      "production_answer_path_member": false,
      "repair_scope": "thin_monitor_expected_context",
      "stale_reasons": [
        "stale:catalyst_earnings_state",
        "stale:deployment_readiness",
        "stale:price_band_stop",
        "stale:recommendation_support",
        "stale:technical_posture"
      ],
      "thin_monitor_row": true,
      "ticker": "DOW",
      "tier": "C",
      "universe_scope": "review_100_monitor"
    },
    {
      "card_path": "tmp/ticker-intelligence-cards/DPZ.current.json",
      "decision_tier_row": false,
      "production_answer_path_member": false,
      "repair_scope": "thin_monitor_expected_context",
      "stale_reasons": [
        "price_band_stop",
        "stale:catalyst_earnings_state",
        "stale:deployment_readiness",
        "stale:price_band_stop",
        "stale:recommendation_support",
        "stale:technical_posture"
      ],
      "thin_monitor_row": true,
      "ticker": "DPZ",
      "tier": "C",
      "universe_scope": "review_100_monitor"
    },
    {
      "card_path": "tmp/ticker-intelligence-cards/DRI.current.json",
      "decision_tier_row": false,
      "production_answer_path_member": false,
      "repair_scope": "thin_monitor_expected_context",
      "stale_reasons": [
        "stale:catalyst_earnings_state",
        "stale:deployment_readiness",
        "stale:price_band_stop",
        "stale:recommendation_support",
        "stale:technical_posture"
      ],
      "thin_monitor_row": true,
      "ticker": "DRI",
      "tier": "C",
      "universe_scope": "review_100_monitor"
    },
    {
      "card_path": "tmp/ticker-intelligence-cards/DTE.current.json",
      "decision_tier_row": false,
      "production_answer_path_member": false,
      "repair_scope": "thin_monitor_expected_context",
      "stale_reasons": [
        "stale:catalyst_earnings_state",
        "stale:deployment_readiness",
        "stale:price_band_stop",
        "stale:recommendation_support",
        "stale:technical_posture"
      ],
      "thin_monitor_row": true,
      "ticker": "DTE",
      "tier": "C",
      "universe_scope": "review_100_monitor"
    },
    {
      "card_path": "tmp/ticker-intelligence-cards/DUK.current.json",
      "decision_tier_row": false,
      "production_answer_path_member": false,
      "repair_scope": "thin_monitor_expected_context",
      "stale_reasons": [
        "stale:catalyst_earnings_state",
        "stale:deployment_readiness",
        "stale:price_band_stop",
        "stale:recommendation_support",
        "stale:technical_posture"
      ],
      "thin_monitor_row": true,
      "ticker": "DUK",
      "tier": "C",
      "universe_scope": "review_100_monitor"
    },
    {
      "card_path": "tmp/ticker-intelligence-cards/DVA.current.json",
      "decision_tier_row": false,
      "production_answer_path_member": false,
      "repair_scope": "thin_monitor_expected_context",
      "stale_reasons": [
        "stale:catalyst_earnings_state",
        "stale:deployment_readiness",
        "stale:price_band_stop",
        "stale:recommendation_support",
        "stale:technical_posture"
      ],
      "thin_monitor_row": true,
      "ticker": "DVA",
      "tier": "C",
      "universe_scope": "review_100_monitor"
    },
    {
      "card_path": "tmp/ticker-intelligence-cards/DVN.current.json",
      "decision_tier_row": false,
      "production_answer_path_member": false,
      "repair_scope": "thin_monitor_expected_context",
      "stale_reasons": [
        "stale:catalyst_earnings_state",
        "stale:deployment_readiness",
        "stale:price_band_stop",
        "stale:recommendation_support",
        "stale:technical_posture"
      ],
      "thin_monitor_row": true,
      "ticker": "DVN",
      "tier": "C",
      "universe_scope": "review_100_monitor"
    },
    {
      "card_path": "tmp/ticker-intelligence-cards/EA.current.json",
      "decision_tier_row": false,
      "production_answer_path_member": false,
      "repair_scope": "thin_monitor_expected_context",
      "stale_reasons": [
        "stale:catalyst_earnings_state",
        "stale:deployment_readiness",
        "stale:price_band_stop",
        "stale:recommendation_support",
        "stale:technical_posture"
      ],
      "thin_monitor_row": true,
      "ticker": "EA",
      "tier": "C",
      "universe_scope": "review_100_monitor"
    },
    {
      "card_path": "tmp/ticker-intelligence-cards/EBAY.current.json",
      "decision_tier_row": false,
      "production_answer_path_member": false,
      "repair_scope": "thin_monitor_expected_context",
      "stale_reasons": [
        "price_band_stop",
        "stale:catalyst_earnings_state",
        "stale:deployment_readiness",
        "stale:price_band_stop",
        "stale:recommendation_support",
        "stale:technical_posture"
      ],
      "thin_monitor_row": true,
      "ticker": "EBAY",
      "tier": "C",
      "universe_scope": "review_100_monitor"
    },
    {
      "card_path": "tmp/ticker-intelligence-cards/ED.current.json",
      "decision_tier_row": false,
      "production_answer_path_member": false,
      "repair_scope": "thin_monitor_expected_context",
      "stale_reasons": [
        "price_band_stop",
        "stale:catalyst_earnings_state",
        "stale:deployment_readiness",
        "stale:price_band_stop",
        "stale:recommendation_support",
        "stale:technical_posture"
      ],
      "thin_monitor_row": true,
      "ticker": "ED",
      "tier": "C",
      "universe_scope": "review_100_monitor"
    },
    {
      "card_path": "tmp/ticker-intelligence-cards/EFX.current.json",
      "decision_tier_row": false,
      "production_answer_path_member": false,
      "repair_scope": "thin_monitor_expected_context",
      "stale_reasons": [
        "stale:catalyst_earnings_state",
        "stale:deployment_readiness",
        "stale:price_band_stop",
        "stale:recommendation_support",
        "stale:technical_posture"
      ],
      "thin_monitor_row": true,
      "ticker": "EFX",
      "tier": "C",
      "universe_scope": "review_100_monitor"
    },
    {
      "card_path": "tmp/ticker-intelligence-cards/EIX.current.json",
      "decision_tier_row": false,
      "production_answer_path_member": false,
      "repair_scope": "thin_monitor_expected_context",
      "stale_reasons": [
        "price_band_stop",
        "stale:catalyst_earnings_state",
        "stale:deployment_readiness",
        "stale:price_band_stop",
        "stale:recommendation_support",
        "stale:technical_posture"
      ],
      "thin_monitor_row": true,
      "ticker": "EIX",
      "tier": "C",
      "universe_scope": "review_100_monitor"
    },
    {
      "card_path": "tmp/ticker-intelligence-cards/EL.current.json",
      "decision_tier_row": false,
      "production_answer_path_member": false,
      "repair_scope": "thin_monitor_expected_context",
      "stale_reasons": [
        "stale:catalyst_earnings_state",
        "stale:deployment_readiness",
        "stale:price_band_stop",
        "stale:recommendation_support",
        "stale:technical_posture"
      ],
      "thin_monitor_row": true,
      "ticker": "EL",
      "tier": "C",
      "universe_scope": "review_100_monitor"
    },
    {
      "card_path": "tmp/ticker-intelligence-cards/EME.current.json",
      "decision_tier_row": false,
      "production_answer_path_member": false,
      "repair_scope": "thin_monitor_expected_context",
      "stale_reasons": [
        "stale:catalyst_earnings_state",
        "stale:deployment_readiness",
        "stale:price_band_stop",
        "stale:recommendation_support",
        "stale:technical_posture"
      ],
      "thin_monitor_row": true,
      "ticker": "EME",
      "tier": "C",
      "universe_scope": "review_100_monitor"
    },
    {
      "card_path": "tmp/ticker-intelligence-cards/EMR.current.json",
      "decision_tier_row": false,
      "production_answer_path_member": false,
      "repair_scope": "thin_monitor_expected_context",
      "stale_reasons": [
        "stale:catalyst_earnings_state",
        "stale:deployment_readiness",
        "stale:price_band_stop",
        "stale:recommendation_support",
        "stale:technical_posture"
      ],
      "thin_monitor_row": true,
      "ticker": "EMR",
      "tier": "C",
      "universe_scope": "review_100_monitor"
    },
    {
      "card_path": "tmp/ticker-intelligence-cards/EOG.current.json",
      "decision_tier_row": false,
      "production_answer_path_member": false,
      "repair_scope": "thin_monitor_expected_context",
      "stale_reasons": [
        "stale:catalyst_earnings_state",
        "stale:deployment_readiness",
        "stale:price_band_stop",
        "stale:recommendation_support",
        "stale:technical_posture"
      ],
      "thin_monitor_row": true,
      "ticker": "EOG",
      "tier": "C",
      "universe_scope": "review_100_monitor"
    },
    {
      "card_path": "tmp/ticker-intelligence-cards/EQIX.current.json",
      "decision_tier_row": false,
      "production_answer_path_member": false,
      "repair_scope": "thin_monitor_expected_context",
      "stale_reasons": [
        "price_band_stop",
        "stale:catalyst_earnings_state",
        "stale:deployment_readiness",
        "stale:price_band_stop",
        "stale:recommendation_support",
        "stale:technical_posture"
      ],
      "thin_monitor_row": true,
      "ticker": "EQIX",
      "tier": "C",
      "universe_scope": "review_100_monitor"
    },
    {
      "card_path": "tmp/ticker-intelligence-cards/EQR.current.json",
      "decision_tier_row": false,
      "production_answer_path_member": false,
      "repair_scope": "thin_monitor_expected_context",
      "stale_reasons": [
        "price_band_stop",
        "stale:catalyst_earnings_state",
        "stale:deployment_readiness",
        "stale:price_band_stop",
        "stale:recommendation_support",
        "stale:technical_posture"
      ],
      "thin_monitor_row": true,
      "ticker": "EQR",
      "tier": "C",
      "universe_scope": "review_100_monitor"
    },
    {
      "card_path": "tmp/ticker-intelligence-cards/EQT.current.json",
      "decision_tier_row": false,
      "production_answer_path_member": false,
      "repair_scope": "thin_monitor_expected_context",
      "stale_reasons": [
        "stale:catalyst_earnings_state",
        "stale:deployment_readiness",
        "stale:price_band_stop",
        "stale:recommendation_support",
        "stale:technical_posture"
      ],
      "thin_monitor_row": true,
      "ticker": "EQT",
      "tier": "C",
      "universe_scope": "review_100_monitor"
    },
    {
      "card_path": "tmp/ticker-intelligence-cards/ES.current.json",
      "decision_tier_row": false,
      "production_answer_path_member": false,
      "repair_scope": "thin_monitor_expected_context",
      "stale_reasons": [
        "stale:catalyst_earnings_state",
        "stale:deployment_readiness",
        "stale:price_band_stop",
        "stale:recommendation_support",
        "stale:technical_posture"
      ],
      "thin_monitor_row": true,
      "ticker": "ES",
      "tier": "C",
      "universe_scope": "review_100_monitor"
    },
    {
      "card_path": "tmp/ticker-intelligence-cards/ESS.current.json",
      "decision_tier_row": false,
      "production_answer_path_member": false,
      "repair_scope": "thin_monitor_expected_context",
      "stale_reasons": [
        "price_band_stop",
        "stale:catalyst_earnings_state",
        "stale:deployment_readiness",
        "stale:price_band_stop",
        "stale:recommendation_support",
        "stale:technical_posture"
      ],
      "thin_monitor_row": true,
      "ticker": "ESS",
      "tier": "C",
      "universe_scope": "review_100_monitor"
    },
    {
      "card_path": "tmp/ticker-intelligence-cards/ETR.current.json",
      "decision_tier_row": false,
      "production_answer_path_member": false,
      "repair_scope": "thin_monitor_expected_context",
      "stale_reasons": [
        "price_band_stop",
        "stale:catalyst_earnings_state",
        "stale:deployment_readiness",
        "stale:price_band_stop",
        "stale:recommendation_support",
        "stale:technical_posture"
      ],
      "thin_monitor_row": true,
      "ticker": "ETR",
      "tier": "C",
      "universe_scope": "review_100_monitor"
    },
    {
      "card_path": "tmp/ticker-intelligence-cards/EVRG.current.json",
      "decision_tier_row": false,
      "production_answer_path_member": false,
      "repair_scope": "thin_monitor_expected_context",
      "stale_reasons": [
        "price_band_stop",
        "stale:catalyst_earnings_state",
        "stale:deployment_readiness",
        "stale:price_band_stop",
        "stale:recommendation_support",
        "stale:technical_posture"
      ],
      "thin_monitor_row": true,
      "ticker": "EVRG",
      "tier": "C",
      "universe_scope": "review_100_monitor"
    },
    {
      "card_path": "tmp/ticker-intelligence-cards/EXC.current.json",
      "decision_tier_row": false,
      "production_answer_path_member": false,
      "repair_scope": "thin_monitor_expected_context",
      "stale_reasons": [
        "price_band_stop",
        "stale:catalyst_earnings_state",
        "stale:deployment_readiness",
        "stale:price_band_stop",
        "stale:recommendation_support",
        "stale:technical_posture"
      ],
      "thin_monitor_row": true,
      "ticker": "EXC",
      "tier": "C",
      "universe_scope": "review_100_monitor"
    },
    {
      "card_path": "tmp/ticker-intelligence-cards/EXE.current.json",
      "decision_tier_row": false,
      "production_answer_path_member": false,
      "repair_scope": "thin_monitor_expected_context",
      "stale_reasons": [
        "stale:catalyst_earnings_state",
        "stale:deployment_readiness",
        "stale:price_band_stop",
        "stale:recommendation_support",
        "stale:technical_posture"
      ],
      "thin_monitor_row": true,
      "ticker": "EXE",
      "tier": "C",
      "universe_scope": "review_100_monitor"
    },
    {
      "card_path": "tmp/ticker-intelligence-cards/EXPD.current.json",
      "decision_tier_row": false,
      "production_answer_path_member": false,
      "repair_scope": "thin_monitor_expected_context",
      "stale_reasons": [
        "stale:catalyst_earnings_state",
        "stale:deployment_readiness",
        "stale:price_band_stop",
        "stale:recommendation_support",
        "stale:technical_posture"
      ],
      "thin_monitor_row": true,
      "ticker": "EXPD",
      "tier": "C",
      "universe_scope": "review_100_monitor"
    },
    {
      "card_path": "tmp/ticker-intelligence-cards/EXPE.current.json",
      "decision_tier_row": false,
      "production_answer_path_member": false,
      "repair_scope": "thin_monitor_expected_context",
      "stale_reasons": [
        "stale:catalyst_earnings_state",
        "stale:deployment_readiness",
        "stale:price_band_stop",
        "stale:recommendation_support",
        "stale:technical_posture"
      ],
      "thin_monitor_row": true,
      "ticker": "EXPE",
      "tier": "C",
      "universe_scope": "review_100_monitor"
    },
    {
      "card_path": "tmp/ticker-intelligence-cards/EXR.current.json",
      "decision_tier_row": false,
      "production_answer_path_member": false,
      "repair_scope": "thin_monitor_expected_context",
      "stale_reasons": [
        "price_band_stop",
        "stale:catalyst_earnings_state",
        "stale:deployment_readiness",
        "stale:price_band_stop",
        "stale:recommendation_support",
        "stale:technical_posture"
      ],
      "thin_monitor_row": true,
      "ticker": "EXR",
      "tier": "C",
      "universe_scope": "review_100_monitor"
    },
    {
      "card_path": "tmp/ticker-intelligence-cards/F.current.json",
      "decision_tier_row": false,
      "production_answer_path_member": false,
      "repair_scope": "thin_monitor_expected_context",
      "stale_reasons": [
        "price_band_stop",
        "stale:catalyst_earnings_state",
        "stale:deployment_readiness",
        "stale:price_band_stop",
        "stale:recommendation_support",
        "stale:technical_posture"
      ],
      "thin_monitor_row": true,
      "ticker": "F",
      "tier": "C",
      "universe_scope": "review_100_monitor"
    },
    {
      "card_path": "tmp/ticker-intelligence-cards/FANG.current.json",
      "decision_tier_row": false,
      "production_answer_path_member": false,
      "repair_scope": "thin_monitor_expected_context",
      "stale_reasons": [
        "stale:catalyst_earnings_state",
        "stale:deployment_readiness",
        "stale:price_band_stop",
        "stale:recommendation_support",
        "stale:technical_posture"
      ],
      "thin_monitor_row": true,
      "ticker": "FANG",
      "tier": "C",
      "universe_scope": "review_100_monitor"
    },
    {
      "card_path": "tmp/ticker-intelligence-cards/FAST.current.json",
      "decision_tier_row": false,
      "production_answer_path_member": false,
      "repair_scope": "thin_monitor_expected_context",
      "stale_reasons": [
        "stale:catalyst_earnings_state",
        "stale:deployment_readiness",
        "stale:price_band_stop",
        "stale:recommendation_support",
        "stale:technical_posture"
      ],
      "thin_monitor_row": true,
      "ticker": "FAST",
      "tier": "C",
      "universe_scope": "review_100_monitor"
    },
    {
      "card_path": "tmp/ticker-intelligence-cards/FCX.current.json",
      "decision_tier_row": false,
      "production_answer_path_member": false,
      "repair_scope": "thin_monitor_expected_context",
      "stale_reasons": [
        "stale:catalyst_earnings_state",
        "stale:deployment_readiness",
        "stale:price_band_stop",
        "stale:recommendation_support",
        "stale:technical_posture"
      ],
      "thin_monitor_row": true,
      "ticker": "FCX",
      "tier": "C",
      "universe_scope": "review_100_monitor"
    },
    {
      "card_path": "tmp/ticker-intelligence-cards/FE.current.json",
      "decision_tier_row": false,
      "production_answer_path_member": false,
      "repair_scope": "thin_monitor_expected_context",
      "stale_reasons": [
        "price_band_stop",
        "stale:catalyst_earnings_state",
        "stale:deployment_readiness",
        "stale:price_band_stop",
        "stale:recommendation_support",
        "stale:technical_posture"
      ],
      "thin_monitor_row": true,
      "ticker": "FE",
      "tier": "C",
      "universe_scope": "review_100_monitor"
    },
    {
      "card_path": "tmp/ticker-intelligence-cards/FFIV.current.json",
      "decision_tier_row": false,
      "production_answer_path_member": false,
      "repair_scope": "thin_monitor_expected_context",
      "stale_reasons": [
        "stale:catalyst_earnings_state",
        "stale:deployment_readiness",
        "stale:price_band_stop",
        "stale:recommendation_support",
        "stale:technical_posture"
      ],
      "thin_monitor_row": true,
      "ticker": "FFIV",
      "tier": "C",
      "universe_scope": "review_100_monitor"
    },
    {
      "card_path": "tmp/ticker-intelligence-cards/FICO.current.json",
      "decision_tier_row": false,
      "production_answer_path_member": false,
      "repair_scope": "thin_monitor_expected_context",
      "stale_reasons": [
        "stale:catalyst_earnings_state",
        "stale:deployment_readiness",
        "stale:price_band_stop",
        "stale:recommendation_support",
        "stale:technical_posture"
      ],
      "thin_monitor_row": true,
      "ticker": "FICO",
      "tier": "C",
      "universe_scope": "review_100_monitor"
    },
    {
      "card_path": "tmp/ticker-intelligence-cards/FLEX.current.json",
      "decision_tier_row": false,
      "production_answer_path_member": false,
      "repair_scope": "thin_monitor_expected_context",
      "stale_reasons": [
        "stale:catalyst_earnings_state",
        "stale:deployment_readiness",
        "stale:price_band_stop",
        "stale:recommendation_support",
        "stale:technical_posture"
      ],
      "thin_monitor_row": true,
      "ticker": "FLEX",
      "tier": "C",
      "universe_scope": "review_100_monitor"
    },
    {
      "card_path": "tmp/ticker-intelligence-cards/FOX.current.json",
      "decision_tier_row": false,
      "production_answer_path_member": false,
      "repair_scope": "thin_monitor_expected_context",
      "stale_reasons": [
        "analyst_consensus",
        "analyst_price_targets",
        "analyst_ratings",
        "stale:catalyst_earnings_state",
        "stale:deployment_readiness",
        "stale:price_band_stop",
        "stale:recommendation_support",
        "stale:technical_posture"
      ],
      "thin_monitor_row": true,
      "ticker": "FOX",
      "tier": "C",
      "universe_scope": "review_100_monitor"
    },
    {
      "card_path": "tmp/ticker-intelligence-cards/FOXA.current.json",
      "decision_tier_row": false,
      "production_answer_path_member": false,
      "repair_scope": "thin_monitor_expected_context",
      "stale_reasons": [
        "stale:catalyst_earnings_state",
        "stale:deployment_readiness",
        "stale:price_band_stop",
        "stale:recommendation_support",
        "stale:technical_posture"
      ],
      "thin_monitor_row": true,
      "ticker": "FOXA",
      "tier": "C",
      "universe_scope": "review_100_monitor"
    },
    {
      "card_path": "tmp/ticker-intelligence-cards/FRT.current.json",
      "decision_tier_row": false,
      "production_answer_path_member": false,
      "repair_scope": "thin_monitor_expected_context",
      "stale_reasons": [
        "price_band_stop",
        "stale:catalyst_earnings_state",
        "stale:deployment_readiness",
        "stale:price_band_stop",
        "stale:recommendation_support",
        "stale:technical_posture"
      ],
      "thin_monitor_row": true,
      "ticker": "FRT",
      "tier": "C",
      "universe_scope": "review_100_monitor"
    },
    {
      "card_path": "tmp/ticker-intelligence-cards/FSLR.current.json",
      "decision_tier_row": false,
      "production_answer_path_member": false,
      "repair_scope": "thin_monitor_expected_context",
      "stale_reasons": [
        "stale:catalyst_earnings_state",
        "stale:deployment_readiness",
        "stale:price_band_stop",
        "stale:recommendation_support",
        "stale:technical_posture"
      ],
      "thin_monitor_row": true,
      "ticker": "FSLR",
      "tier": "C",
      "universe_scope": "review_100_monitor"
    },
    {
      "card_path": "tmp/ticker-intelligence-cards/GD.current.json",
      "decision_tier_row": false,
      "production_answer_path_member": false,
      "repair_scope": "thin_monitor_expected_context",
      "stale_reasons": [
        "stale:catalyst_earnings_state",
        "stale:deployment_readiness",
        "stale:price_band_stop",
        "stale:recommendation_support",
        "stale:technical_posture"
      ],
      "thin_monitor_row": true,
      "ticker": "GD",
      "tier": "C",
      "universe_scope": "review_100_monitor"
    },
    {
      "card_path": "tmp/ticker-intelligence-cards/GIS.current.json",
      "decision_tier_row": false,
      "production_answer_path_member": false,
      "repair_scope": "thin_monitor_expected_context",
      "stale_reasons": [
        "price_band_stop",
        "stale:catalyst_earnings_state",
        "stale:deployment_readiness",
        "stale:price_band_stop",
        "stale:recommendation_support",
        "stale:technical_posture"
      ],
      "thin_monitor_row": true,
      "ticker": "GIS",
      "tier": "C",
      "universe_scope": "review_100_monitor"
    },
    {
      "card_path": "tmp/ticker-intelligence-cards/GM.current.json",
      "decision_tier_row": false,
      "production_answer_path_member": false,
      "repair_scope": "thin_monitor_expected_context",
      "stale_reasons": [
        "price_band_stop",
        "stale:catalyst_earnings_state",
        "stale:deployment_readiness",
        "stale:price_band_stop",
        "stale:recommendation_support",
        "stale:technical_posture"
      ],
      "thin_monitor_row": true,
      "ticker": "GM",
      "tier": "C",
      "universe_scope": "review_100_monitor"
    },
    {
      "card_path": "tmp/ticker-intelligence-cards/GOOGL.current.json",
      "decision_tier_row": false,
      "production_answer_path_member": false,
      "repair_scope": "thin_monitor_expected_context",
      "stale_reasons": [
        "stale:catalyst_earnings_state",
        "stale:deployment_readiness",
        "stale:price_band_stop",
        "stale:recommendation_support",
        "stale:technical_posture"
      ],
      "thin_monitor_row": true,
      "ticker": "GOOGL",
      "tier": "C",
      "universe_scope": "review_100_monitor"
    },
    {
      "card_path": "tmp/ticker-intelligence-cards/GPC.current.json",
      "decision_tier_row": false,
      "production_answer_path_member": false,
      "repair_scope": "thin_monitor_expected_context",
      "stale_reasons": [
        "stale:catalyst_earnings_state",
        "stale:deployment_readiness",
        "stale:price_band_stop",
        "stale:recommendation_support",
        "stale:technical_posture"
      ],
      "thin_monitor_row": true,
      "ticker": "GPC",
      "tier": "C",
      "universe_scope": "review_100_monitor"
    },
    {
      "card_path": "tmp/ticker-intelligence-cards/GRMN.current.json",
      "decision_tier_row": false,
      "production_answer_path_member": false,
      "repair_scope": "thin_monitor_expected_context",
      "stale_reasons": [
        "stale:catalyst_earnings_state",
        "stale:deployment_readiness",
        "stale:price_band_stop",
        "stale:recommendation_support",
        "stale:technical_posture"
      ],
      "thin_monitor_row": true,
      "ticker": "GRMN",
      "tier": "C",
      "universe_scope": "review_100_monitor"
    },
    {
      "card_path": "tmp/ticker-intelligence-cards/HAL.current.json",
      "decision_tier_row": false,
      "production_answer_path_member": false,
      "repair_scope": "thin_monitor_expected_context",
      "stale_reasons": [
        "stale:catalyst_earnings_state",
        "stale:deployment_readiness",
        "stale:price_band_stop",
        "stale:recommendation_support",
        "stale:technical_posture"
      ],
      "thin_monitor_row": true,
      "ticker": "HAL",
      "tier": "C",
      "universe_scope": "review_100_monitor"
    },
    {
      "card_path": "tmp/ticker-intelligence-cards/HAS.current.json",
      "decision_tier_row": false,
      "production_answer_path_member": false,
      "repair_scope": "thin_monitor_expected_context",
      "stale_reasons": [
        "price_band_stop",
        "stale:catalyst_earnings_state",
        "stale:deployment_readiness",
        "stale:price_band_stop",
        "stale:recommendation_support",
        "stale:technical_posture"
      ],
      "thin_monitor_row": true,
      "ticker": "HAS",
      "tier": "C",
      "universe_scope": "review_100_monitor"
    },
    {
      "card_path": "tmp/ticker-intelligence-cards/HD.current.json",
      "decision_tier_row": false,
      "production_answer_path_member": false,
      "repair_scope": "thin_monitor_expected_context",
      "stale_reasons": [
        "stale:catalyst_earnings_state",
        "stale:deployment_readiness",
        "stale:price_band_stop",
        "stale:recommendation_support",
        "stale:technical_posture"
      ],
      "thin_monitor_row": true,
      "ticker": "HD",
      "tier": "C",
      "universe_scope": "review_100_monitor"
    },
    {
      "card_path": "tmp/ticker-intelligence-cards/HON.current.json",
      "decision_tier_row": false,
      "production_answer_path_member": false,
      "repair_scope": "thin_monitor_expected_context",
      "stale_reasons": [
        "stale:catalyst_earnings_state",
        "stale:deployment_readiness",
        "stale:price_band_stop",
        "stale:recommendation_support",
        "stale:technical_posture"
      ],
      "thin_monitor_row": true,
      "ticker": "HON",
      "tier": "C",
      "universe_scope": "review_100_monitor"
    },
    {
      "card_path": "tmp/ticker-intelligence-cards/HRL.current.json",
      "decision_tier_row": false,
      "production_answer_path_member": false,
      "repair_scope": "thin_monitor_expected_context",
      "stale_reasons": [
        "stale:catalyst_earnings_state",
        "stale:deployment_readiness",
        "stale:price_band_stop",
        "stale:recommendation_support",
        "stale:technical_posture"
      ],
      "thin_monitor_row": true,
      "ticker": "HRL",
      "tier": "C",
      "universe_scope": "review_100_monitor"
    },
    {
      "card_path": "tmp/ticker-intelligence-cards/HST.current.json",
      "decision_tier_row": false,
      "production_answer_path_member": false,
      "repair_scope": "thin_monitor_expected_context",
      "stale_reasons": [
        "price_band_stop",
        "stale:catalyst_earnings_state",
        "stale:deployment_readiness",
        "stale:price_band_stop",
        "stale:recommendation_support",
        "stale:technical_posture"
      ],
      "thin_monitor_row": true,
      "ticker": "HST",
      "tier": "C",
      "universe_scope": "review_100_monitor"
    },
    {
      "card_path": "tmp/ticker-intelligence-cards/HSY.current.json",
      "decision_tier_row": false,
      "production_answer_path_member": false,
      "repair_scope": "thin_monitor_expected_context",
      "stale_reasons": [
        "price_band_stop",
        "stale:catalyst_earnings_state",
        "stale:deployment_readiness",
        "stale:price_band_stop",
        "stale:recommendation_support",
        "stale:technical_posture"
      ],
      "thin_monitor_row": true,
      "ticker": "HSY",
      "tier": "C",
      "universe_scope": "review_100_monitor"
    },
    {
      "card_path": "tmp/ticker-intelligence-cards/IFF.current.json",
      "decision_tier_row": false,
      "production_answer_path_member": false,
      "repair_scope": "thin_monitor_expected_context",
      "stale_reasons": [
        "stale:catalyst_earnings_state",
        "stale:deployment_readiness",
        "stale:price_band_stop",
        "stale:recommendation_support",
        "stale:technical_posture"
      ],
      "thin_monitor_row": true,
      "ticker": "IFF",
      "tier": "C",
      "universe_scope": "review_100_monitor"
    },
    {
      "card_path": "tmp/ticker-intelligence-cards/INTU.current.json",
      "decision_tier_row": false,
      "production_answer_path_member": false,
      "repair_scope": "thin_monitor_expected_context",
      "stale_reasons": [
        "stale:catalyst_earnings_state",
        "stale:deployment_readiness",
        "stale:price_band_stop",
        "stale:recommendation_support",
        "stale:technical_posture"
      ],
      "thin_monitor_row": true,
      "ticker": "INTU",
      "tier": "C",
      "universe_scope": "review_100_monitor"
    },
    {
      "card_path": "tmp/ticker-intelligence-cards/INVH.current.json",
      "decision_tier_row": false,
      "production_answer_path_member": false,
      "repair_scope": "thin_monitor_expected_context",
      "stale_reasons": [
        "price_band_stop",
        "stale:catalyst_earnings_state",
        "stale:deployment_readiness",
        "stale:price_band_stop",
        "stale:recommendation_support",
        "stale:technical_posture"
      ],
      "thin_monitor_row": true,
      "ticker": "INVH",
      "tier": "C",
      "universe_scope": "review_100_monitor"
    },
    {
      "card_path": "tmp/ticker-intelligence-cards/IP.current.json",
      "decision_tier_row": false,
      "production_answer_path_member": false,
      "repair_scope": "thin_monitor_expected_context",
      "stale_reasons": [
        "stale:catalyst_earnings_state",
        "stale:deployment_readiness",
        "stale:price_band_stop",
        "stale:recommendation_support",
        "stale:technical_posture"
      ],
      "thin_monitor_row": true,
      "ticker": "IP",
      "tier": "C",
      "universe_scope": "review_100_monitor"
    },
    {
      "card_path": "tmp/ticker-intelligence-cards/IRM.current.json",
      "decision_tier_row": false,
      "production_answer_path_member": false,
      "repair_scope": "thin_monitor_expected_context",
      "stale_reasons": [
        "stale:catalyst_earnings_state",
        "stale:deployment_readiness",
        "stale:price_band_stop",
        "stale:recommendation_support",
        "stale:technical_posture"
      ],
      "thin_monitor_row": true,
      "ticker": "IRM",
      "tier": "C",
      "universe_scope": "review_100_monitor"
    },
    {
      "card_path": "tmp/ticker-intelligence-cards/ISRG.current.json",
      "decision_tier_row": false,
      "production_answer_path_member": false,
      "repair_scope": "thin_monitor_expected_context",
      "stale_reasons": [
        "stale:catalyst_earnings_state",
        "stale:deployment_readiness",
        "stale:price_band_stop",
        "stale:recommendation_support",
        "stale:technical_posture"
      ],
      "thin_monitor_row": true,
      "ticker": "ISRG",
      "tier": "C",
      "universe_scope": "review_100_monitor"
    },
    {
      "card_path": "tmp/ticker-intelligence-cards/KDP.current.json",
      "decision_tier_row": false,
      "production_answer_path_member": false,
      "repair_scope": "thin_monitor_expected_context",
      "stale_reasons": [
        "stale:catalyst_earnings_state",
        "stale:deployment_readiness",
        "stale:price_band_stop",
        "stale:recommendation_support",
        "stale:technical_posture"
      ],
      "thin_monitor_row": true,
      "ticker": "KDP",
      "tier": "C",
      "universe_scope": "review_100_monitor"
    },
    {
      "card_path": "tmp/ticker-intelligence-cards/KHC.current.json",
      "decision_tier_row": false,
      "production_answer_path_member": false,
      "repair_scope": "thin_monitor_expected_context",
      "stale_reasons": [
        "price_band_stop",
        "stale:catalyst_earnings_state",
        "stale:deployment_readiness",
        "stale:price_band_stop",
        "stale:recommendation_support",
        "stale:technical_posture"
      ],
      "thin_monitor_row": true,
      "ticker": "KHC",
      "tier": "C",
      "universe_scope": "review_100_monitor"
    },
    {
      "card_path": "tmp/ticker-intelligence-cards/KMB.current.json",
      "decision_tier_row": false,
      "production_answer_path_member": false,
      "repair_scope": "thin_monitor_expected_context",
      "stale_reasons": [
        "stale:catalyst_earnings_state",
        "stale:deployment_readiness",
        "stale:price_band_stop",
        "stale:recommendation_support",
        "stale:technical_posture"
      ],
      "thin_monitor_row": true,
      "ticker": "KMB",
      "tier": "C",
      "universe_scope": "review_100_monitor"
    },
    {
      "card_path": "tmp/ticker-intelligence-cards/KMI.current.json",
      "decision_tier_row": false,
      "production_answer_path_member": false,
      "repair_scope": "thin_monitor_expected_context",
      "stale_reasons": [
        "stale:catalyst_earnings_state",
        "stale:deployment_readiness",
        "stale:price_band_stop",
        "stale:recommendation_support",
        "stale:technical_posture"
      ],
      "thin_monitor_row": true,
      "ticker": "KMI",
      "tier": "C",
      "universe_scope": "review_100_monitor"
    },
    {
      "card_path": "tmp/ticker-intelligence-cards/LNT.current.json",
      "decision_tier_row": false,
      "production_answer_path_member": false,
      "repair_scope": "thin_monitor_expected_context",
      "stale_reasons": [
        "price_band_stop",
        "stale:catalyst_earnings_state",
        "stale:deployment_readiness",
        "stale:price_band_stop",
        "stale:recommendation_support",
        "stale:technical_posture"
      ],
      "thin_monitor_row": true,
      "ticker": "LNT",
      "tier": "C",
      "universe_scope": "review_100_monitor"
    },
    {
      "card_path": "tmp/ticker-intelligence-cards/LYB.current.json",
      "decision_tier_row": false,
      "production_answer_path_member": false,
      "repair_scope": "thin_monitor_expected_context",
      "stale_reasons": [
        "stale:catalyst_earnings_state",
        "stale:deployment_readiness",
        "stale:price_band_stop",
        "stale:recommendation_support",
        "stale:technical_posture"
      ],
      "thin_monitor_row": true,
      "ticker": "LYB",
      "tier": "C",
      "universe_scope": "review_100_monitor"
    },
    {
      "card_path": "tmp/ticker-intelligence-cards/LYV.current.json",
      "decision_tier_row": false,
      "production_answer_path_member": false,
      "repair_scope": "thin_monitor_expected_context",
      "stale_reasons": [
        "stale:catalyst_earnings_state",
        "stale:deployment_readiness",
        "stale:price_band_stop",
        "stale:recommendation_support",
        "stale:technical_posture"
      ],
      "thin_monitor_row": true,
      "ticker": "LYV",
      "tier": "C",
      "universe_scope": "review_100_monitor"
    },
    {
      "card_path": "tmp/ticker-intelligence-cards/MA.current.json",
      "decision_tier_row": false,
      "production_answer_path_member": false,
      "repair_scope": "thin_monitor_expected_context",
      "stale_reasons": [
        "stale:catalyst_earnings_state",
        "stale:deployment_readiness",
        "stale:price_band_stop",
        "stale:recommendation_support",
        "stale:technical_posture"
      ],
      "thin_monitor_row": true,
      "ticker": "MA",
      "tier": "C",
      "universe_scope": "review_100_monitor"
    },
    {
      "card_path": "tmp/ticker-intelligence-cards/MCD.current.json",
      "decision_tier_row": false,
      "production_answer_path_member": false,
      "repair_scope": "thin_monitor_expected_context",
      "stale_reasons": [
        "stale:catalyst_earnings_state",
        "stale:deployment_readiness",
        "stale:price_band_stop",
        "stale:recommendation_support",
        "stale:technical_posture"
      ],
      "thin_monitor_row": true,
      "ticker": "MCD",
      "tier": "C",
      "universe_scope": "review_100_monitor"
    },
    {
      "card_path": "tmp/ticker-intelligence-cards/MCK.current.json",
      "decision_tier_row": false,
      "production_answer_path_member": false,
      "repair_scope": "thin_monitor_expected_context",
      "stale_reasons": [
        "stale:catalyst_earnings_state",
        "stale:deployment_readiness",
        "stale:price_band_stop",
        "stale:recommendation_support",
        "stale:technical_posture"
      ],
      "thin_monitor_row": true,
      "ticker": "MCK",
      "tier": "C",
      "universe_scope": "review_100_monitor"
    },
    {
      "card_path": "tmp/ticker-intelligence-cards/MDB.current.json",
      "decision_tier_row": false,
      "production_answer_path_member": false,
      "repair_scope": "thin_monitor_expected_context",
      "stale_reasons": [
        "stale:catalyst_earnings_state",
        "stale:deployment_readiness",
        "stale:price_band_stop",
        "stale:recommendation_support",
        "stale:technical_posture"
      ],
      "thin_monitor_row": true,
      "ticker": "MDB",
      "tier": "C",
      "universe_scope": "review_100_monitor"
    },
    {
      "card_path": "tmp/ticker-intelligence-cards/MLM.current.json",
      "decision_tier_row": false,
      "production_answer_path_member": false,
      "repair_scope": "thin_monitor_expected_context",
      "stale_reasons": [
        "stale:catalyst_earnings_state",
        "stale:deployment_readiness",
        "stale:price_band_stop",
        "stale:recommendation_support",
        "stale:technical_posture"
      ],
      "thin_monitor_row": true,
      "ticker": "MLM",
      "tier": "C",
      "universe_scope": "review_100_monitor"
    },
    {
      "card_path": "tmp/ticker-intelligence-cards/MOS.current.json",
      "decision_tier_row": false,
      "production_answer_path_member": false,
      "repair_scope": "thin_monitor_expected_context",
      "stale_reasons": [
        "price_band_stop",
        "stale:catalyst_earnings_state",
        "stale:deployment_readiness",
        "stale:price_band_stop",
        "stale:recommendation_support",
        "stale:technical_posture"
      ],
      "thin_monitor_row": true,
      "ticker": "MOS",
      "tier": "C",
      "universe_scope": "review_100_monitor"
    },
    {
      "card_path": "tmp/ticker-intelligence-cards/MPC.current.json",
      "decision_tier_row": false,
      "production_answer_path_member": false,
      "repair_scope": "thin_monitor_expected_context",
      "stale_reasons": [
        "stale:catalyst_earnings_state",
        "stale:deployment_readiness",
        "stale:price_band_stop",
        "stale:recommendation_support",
        "stale:technical_posture"
      ],
      "thin_monitor_row": true,
      "ticker": "MPC",
      "tier": "C",
      "universe_scope": "review_100_monitor"
    },
    {
      "card_path": "tmp/ticker-intelligence-cards/MU.current.json",
      "decision_tier_row": false,
      "production_answer_path_member": false,
      "repair_scope": "thin_monitor_expected_context",
      "stale_reasons": [
        "stale:catalyst_earnings_state",
        "stale:deployment_readiness",
        "stale:price_band_stop",
        "stale:recommendation_support",
        "stale:technical_posture"
      ],
      "thin_monitor_row": true,
      "ticker": "MU",
      "tier": "C",
      "universe_scope": "review_100_monitor"
    },
    {
      "card_path": "tmp/ticker-intelligence-cards/NEE.current.json",
      "decision_tier_row": false,
      "production_answer_path_member": false,
      "repair_scope": "thin_monitor_expected_context",
      "stale_reasons": [
        "stale:catalyst_earnings_state",
        "stale:deployment_readiness",
        "stale:price_band_stop",
        "stale:recommendation_support",
        "stale:technical_posture"
      ],
      "thin_monitor_row": true,
      "ticker": "NEE",
      "tier": "C",
      "universe_scope": "review_100_monitor"
    },
    {
      "card_path": "tmp/ticker-intelligence-cards/NEM.current.json",
      "decision_tier_row": false,
      "production_answer_path_member": false,
      "repair_scope": "thin_monitor_expected_context",
      "stale_reasons": [
        "stale:catalyst_earnings_state",
        "stale:deployment_readiness",
        "stale:price_band_stop",
        "stale:recommendation_support",
        "stale:technical_posture"
      ],
      "thin_monitor_row": true,
      "ticker": "NEM",
      "tier": "C",
      "universe_scope": "review_100_monitor"
    },
    {
      "card_path": "tmp/ticker-intelligence-cards/NI.current.json",
      "decision_tier_row": false,
      "production_answer_path_member": false,
      "repair_scope": "thin_monitor_expected_context",
      "stale_reasons": [
        "price_band_stop",
        "stale:catalyst_earnings_state",
        "stale:deployment_readiness",
        "stale:price_band_stop",
        "stale:recommendation_support",
        "stale:technical_posture"
      ],
      "thin_monitor_row": true,
      "ticker": "NI",
      "tier": "C",
      "universe_scope": "review_100_monitor"
    },
    {
      "card_path": "tmp/ticker-intelligence-cards/NOC.current.json",
      "decision_tier_row": false,
      "production_answer_path_member": false,
      "repair_scope": "thin_monitor_expected_context",
      "stale_reasons": [
        "stale:catalyst_earnings_state",
        "stale:deployment_readiness",
        "stale:price_band_stop",
        "stale:recommendation_support",
        "stale:technical_posture"
      ],
      "thin_monitor_row": true,
      "ticker": "NOC",
      "tier": "C",
      "universe_scope": "review_100_monitor"
    },
    {
      "card_path": "tmp/ticker-intelligence-cards/NOW.current.json",
      "decision_tier_row": false,
      "production_answer_path_member": false,
      "repair_scope": "thin_monitor_expected_context",
      "stale_reasons": [
        "stale:catalyst_earnings_state",
        "stale:deployment_readiness",
        "stale:price_band_stop",
        "stale:recommendation_support",
        "stale:technical_posture"
      ],
      "thin_monitor_row": true,
      "ticker": "NOW",
      "tier": "C",
      "universe_scope": "review_100_monitor"
    },
    {
      "card_path": "tmp/ticker-intelligence-cards/NUE.current.json",
      "decision_tier_row": false,
      "production_answer_path_member": false,
      "repair_scope": "thin_monitor_expected_context",
      "stale_reasons": [
        "stale:catalyst_earnings_state",
        "stale:deployment_readiness",
        "stale:price_band_stop",
        "stale:recommendation_support",
        "stale:technical_posture"
      ],
      "thin_monitor_row": true,
      "ticker": "NUE",
      "tier": "C",
      "universe_scope": "review_100_monitor"
    },
    {
      "card_path": "tmp/ticker-intelligence-cards/NWS.current.json",
      "decision_tier_row": false,
      "production_answer_path_member": false,
      "repair_scope": "thin_monitor_expected_context",
      "stale_reasons": [
        "analyst_price_targets",
        "stale:catalyst_earnings_state",
        "stale:deployment_readiness",
        "stale:price_band_stop",
        "stale:recommendation_support",
        "stale:technical_posture"
      ],
      "thin_monitor_row": true,
      "ticker": "NWS",
      "tier": "C",
      "universe_scope": "review_100_monitor"
    },
    {
      "card_path": "tmp/ticker-intelligence-cards/NWSA.current.json",
      "decision_tier_row": false,
      "production_answer_path_member": false,
      "repair_scope": "thin_monitor_expected_context",
      "stale_reasons": [
        "stale:catalyst_earnings_state",
        "stale:deployment_readiness",
        "stale:price_band_stop",
        "stale:recommendation_support",
        "stale:technical_posture"
      ],
      "thin_monitor_row": true,
      "ticker": "NWSA",
      "tier": "C",
      "universe_scope": "review_100_monitor"
    },
    {
      "card_path": "tmp/ticker-intelligence-cards/OKE.current.json",
      "decision_tier_row": false,
      "production_answer_path_member": false,
      "repair_scope": "thin_monitor_expected_context",
      "stale_reasons": [
        "stale:catalyst_earnings_state",
        "stale:deployment_readiness",
        "stale:price_band_stop",
        "stale:recommendation_support",
        "stale:technical_posture"
      ],
      "thin_monitor_row": true,
      "ticker": "OKE",
      "tier": "C",
      "universe_scope": "review_100_monitor"
    },
    {
      "card_path": "tmp/ticker-intelligence-cards/OMC.current.json",
      "decision_tier_row": false,
      "production_answer_path_member": false,
      "repair_scope": "thin_monitor_expected_context",
      "stale_reasons": [
        "stale:catalyst_earnings_state",
        "stale:deployment_readiness",
        "stale:price_band_stop",
        "stale:recommendation_support",
        "stale:technical_posture"
      ],
      "thin_monitor_row": true,
      "ticker": "OMC",
      "tier": "C",
      "universe_scope": "review_100_monitor"
    },
    {
      "card_path": "tmp/ticker-intelligence-cards/ORCL.current.json",
      "decision_tier_row": false,
      "production_answer_path_member": false,
      "repair_scope": "thin_monitor_expected_context",
      "stale_reasons": [
        "stale:catalyst_earnings_state",
        "stale:deployment_readiness",
        "stale:price_band_stop",
        "stale:recommendation_support",
        "stale:technical_posture"
      ],
      "thin_monitor_row": true,
      "ticker": "ORCL",
      "tier": "C",
      "universe_scope": "review_100_monitor"
    },
    {
      "card_path": "tmp/ticker-intelligence-cards/ORLY.current.json",
      "decision_tier_row": false,
      "production_answer_path_member": false,
      "repair_scope": "thin_monitor_expected_context",
      "stale_reasons": [
        "stale:catalyst_earnings_state",
        "stale:deployment_readiness",
        "stale:price_band_stop",
        "stale:recommendation_support",
        "stale:technical_posture"
      ],
      "thin_monitor_row": true,
      "ticker": "ORLY",
      "tier": "C",
      "universe_scope": "review_100_monitor"
    },
    {
      "card_path": "tmp/ticker-intelligence-cards/OXY.current.json",
      "decision_tier_row": false,
      "production_answer_path_member": false,
      "repair_scope": "thin_monitor_expected_context",
      "stale_reasons": [
        "stale:catalyst_earnings_state",
        "stale:deployment_readiness",
        "stale:price_band_stop",
        "stale:recommendation_support",
        "stale:technical_posture"
      ],
      "thin_monitor_row": true,
      "ticker": "OXY",
      "tier": "C",
      "universe_scope": "review_100_monitor"
    },
    {
      "card_path": "tmp/ticker-intelligence-cards/PANW.current.json",
      "decision_tier_row": false,
      "production_answer_path_member": false,
      "repair_scope": "thin_monitor_expected_context",
      "stale_reasons": [
        "stale:catalyst_earnings_state",
        "stale:deployment_readiness",
        "stale:price_band_stop",
        "stale:recommendation_support",
        "stale:technical_posture"
      ],
      "thin_monitor_row": true,
      "ticker": "PANW",
      "tier": "C",
      "universe_scope": "review_100_monitor"
    },
    {
      "card_path": "tmp/ticker-intelligence-cards/PEP.current.json",
      "decision_tier_row": false,
      "production_answer_path_member": false,
      "repair_scope": "thin_monitor_expected_context",
      "stale_reasons": [
        "stale:catalyst_earnings_state",
        "stale:deployment_readiness",
        "stale:price_band_stop",
        "stale:recommendation_support",
        "stale:technical_posture"
      ],
      "thin_monitor_row": true,
      "ticker": "PEP",
      "tier": "C",
      "universe_scope": "review_100_monitor"
    },
    {
      "card_path": "tmp/ticker-intelligence-cards/PG.current.json",
      "decision_tier_row": false,
      "production_answer_path_member": false,
      "repair_scope": "thin_monitor_expected_context",
      "stale_reasons": [
        "stale:catalyst_earnings_state",
        "stale:deployment_readiness",
        "stale:price_band_stop",
        "stale:recommendation_support",
        "stale:technical_posture"
      ],
      "thin_monitor_row": true,
      "ticker": "PG",
      "tier": "C",
      "universe_scope": "review_100_monitor"
    },
    {
      "card_path": "tmp/ticker-intelligence-cards/PKG.current.json",
      "decision_tier_row": false,
      "production_answer_path_member": false,
      "repair_scope": "thin_monitor_expected_context",
      "stale_reasons": [
        "price_band_stop",
        "stale:catalyst_earnings_state",
        "stale:deployment_readiness",
        "stale:price_band_stop",
        "stale:recommendation_support",
        "stale:technical_posture"
      ],
      "thin_monitor_row": true,
      "ticker": "PKG",
      "tier": "C",
      "universe_scope": "review_100_monitor"
    },
    {
      "card_path": "tmp/ticker-intelligence-cards/PPG.current.json",
      "decision_tier_row": false,
      "production_answer_path_member": false,
      "repair_scope": "thin_monitor_expected_context",
      "stale_reasons": [
        "price_band_stop",
        "stale:catalyst_earnings_state",
        "stale:deployment_readiness",
        "stale:price_band_stop",
        "stale:recommendation_support",
        "stale:technical_posture"
      ],
      "thin_monitor_row": true,
      "ticker": "PPG",
      "tier": "C",
      "universe_scope": "review_100_monitor"
    },
    {
      "card_path": "tmp/ticker-intelligence-cards/PSKY.current.json",
      "decision_tier_row": false,
      "production_answer_path_member": false,
      "repair_scope": "thin_monitor_expected_context",
      "stale_reasons": [
        "stale:catalyst_earnings_state",
        "stale:deployment_readiness",
        "stale:price_band_stop",
        "stale:recommendation_support",
        "stale:technical_posture"
      ],
      "thin_monitor_row": true,
      "ticker": "PSKY",
      "tier": "C",
      "universe_scope": "review_100_monitor"
    },
    {
      "card_path": "tmp/ticker-intelligence-cards/PSX.current.json",
      "decision_tier_row": false,
      "production_answer_path_member": false,
      "repair_scope": "thin_monitor_expected_context",
      "stale_reasons": [
        "stale:catalyst_earnings_state",
        "stale:deployment_readiness",
        "stale:price_band_stop",
        "stale:recommendation_support",
        "stale:technical_posture"
      ],
      "thin_monitor_row": true,
      "ticker": "PSX",
      "tier": "C",
      "universe_scope": "review_100_monitor"
    },
    {
      "card_path": "tmp/ticker-intelligence-cards/QCOM.current.json",
      "decision_tier_row": false,
      "production_answer_path_member": false,
      "repair_scope": "thin_monitor_expected_context",
      "stale_reasons": [
        "stale:catalyst_earnings_state",
        "stale:deployment_readiness",
        "stale:price_band_stop",
        "stale:recommendation_support",
        "stale:technical_posture"
      ],
      "thin_monitor_row": true,
      "ticker": "QCOM",
      "tier": "C",
      "universe_scope": "review_100_monitor"
    },
    {
      "card_path": "tmp/ticker-intelligence-cards/SAP.current.json",
      "decision_tier_row": false,
      "production_answer_path_member": false,
      "repair_scope": "thin_monitor_expected_context",
      "stale_reasons": [
        "stale:catalyst_earnings_state",
        "stale:deployment_readiness",
        "stale:price_band_stop",
        "stale:recommendation_support",
        "stale:technical_posture"
      ],
      "thin_monitor_row": true,
      "ticker": "SAP",
      "tier": "C",
      "universe_scope": "review_100_monitor"
    },
    {
      "card_path": "tmp/ticker-intelligence-cards/SCCO.current.json",
      "decision_tier_row": false,
      "production_answer_path_member": false,
      "repair_scope": "thin_monitor_expected_context",
      "stale_reasons": [
        "stale:catalyst_earnings_state",
        "stale:deployment_readiness",
        "stale:price_band_stop",
        "stale:recommendation_support",
        "stale:technical_posture"
      ],
      "thin_monitor_row": true,
      "ticker": "SCCO",
      "tier": "C",
      "universe_scope": "review_100_monitor"
    },
    {
      "card_path": "tmp/ticker-intelligence-cards/SHOP.current.json",
      "decision_tier_row": false,
      "production_answer_path_member": false,
      "repair_scope": "thin_monitor_expected_context",
      "stale_reasons": [
        "stale:catalyst_earnings_state",
        "stale:deployment_readiness",
        "stale:price_band_stop",
        "stale:recommendation_support",
        "stale:technical_posture"
      ],
      "thin_monitor_row": true,
      "ticker": "SHOP",
      "tier": "C",
      "universe_scope": "review_100_monitor"
    },
    {
      "card_path": "tmp/ticker-intelligence-cards/SHW.current.json",
      "decision_tier_row": false,
      "production_answer_path_member": false,
      "repair_scope": "thin_monitor_expected_context",
      "stale_reasons": [
        "stale:catalyst_earnings_state",
        "stale:deployment_readiness",
        "stale:price_band_stop",
        "stale:recommendation_support",
        "stale:technical_posture"
      ],
      "thin_monitor_row": true,
      "ticker": "SHW",
      "tier": "C",
      "universe_scope": "review_100_monitor"
    },
    {
      "card_path": "tmp/ticker-intelligence-cards/SLB.current.json",
      "decision_tier_row": false,
      "production_answer_path_member": false,
      "repair_scope": "thin_monitor_expected_context",
      "stale_reasons": [
        "stale:catalyst_earnings_state",
        "stale:deployment_readiness",
        "stale:price_band_stop",
        "stale:recommendation_support",
        "stale:technical_posture"
      ],
      "thin_monitor_row": true,
      "ticker": "SLB",
      "tier": "C",
      "universe_scope": "review_100_monitor"
    },
    {
      "card_path": "tmp/ticker-intelligence-cards/SNOW.current.json",
      "decision_tier_row": false,
      "production_answer_path_member": false,
      "repair_scope": "thin_monitor_expected_context",
      "stale_reasons": [
        "stale:catalyst_earnings_state",
        "stale:deployment_readiness",
        "stale:price_band_stop",
        "stale:recommendation_support",
        "stale:technical_posture"
      ],
      "thin_monitor_row": true,
      "ticker": "SNOW",
      "tier": "C",
      "universe_scope": "review_100_monitor"
    },
    {
      "card_path": "tmp/ticker-intelligence-cards/SO.current.json",
      "decision_tier_row": false,
      "production_answer_path_member": false,
      "repair_scope": "thin_monitor_expected_context",
      "stale_reasons": [
        "stale:catalyst_earnings_state",
        "stale:deployment_readiness",
        "stale:price_band_stop",
        "stale:recommendation_support",
        "stale:technical_posture"
      ],
      "thin_monitor_row": true,
      "ticker": "SO",
      "tier": "C",
      "universe_scope": "review_100_monitor"
    },
    {
      "card_path": "tmp/ticker-intelligence-cards/STLD.current.json",
      "decision_tier_row": false,
      "production_answer_path_member": false,
      "repair_scope": "thin_monitor_expected_context",
      "stale_reasons": [
        "stale:catalyst_earnings_state",
        "stale:deployment_readiness",
        "stale:price_band_stop",
        "stale:recommendation_support",
        "stale:technical_posture"
      ],
      "thin_monitor_row": true,
      "ticker": "STLD",
      "tier": "C",
      "universe_scope": "review_100_monitor"
    },
    {
      "card_path": "tmp/ticker-intelligence-cards/SYK.current.json",
      "decision_tier_row": false,
      "production_answer_path_member": false,
      "repair_scope": "thin_monitor_expected_context",
      "stale_reasons": [
        "stale:catalyst_earnings_state",
        "stale:deployment_readiness",
        "stale:price_band_stop",
        "stale:recommendation_support",
        "stale:technical_posture"
      ],
      "thin_monitor_row": true,
      "ticker": "SYK",
      "tier": "C",
      "universe_scope": "review_100_monitor"
    },
    {
      "card_path": "tmp/ticker-intelligence-cards/T.current.json",
      "decision_tier_row": false,
      "production_answer_path_member": false,
      "repair_scope": "thin_monitor_expected_context",
      "stale_reasons": [
        "price_band_stop",
        "stale:catalyst_earnings_state",
        "stale:deployment_readiness",
        "stale:price_band_stop",
        "stale:recommendation_support",
        "stale:technical_posture"
      ],
      "thin_monitor_row": true,
      "ticker": "T",
      "tier": "C",
      "universe_scope": "review_100_monitor"
    },
    {
      "card_path": "tmp/ticker-intelligence-cards/TDG.current.json",
      "decision_tier_row": false,
      "production_answer_path_member": false,
      "repair_scope": "thin_monitor_expected_context",
      "stale_reasons": [
        "stale:catalyst_earnings_state",
        "stale:deployment_readiness",
        "stale:price_band_stop",
        "stale:recommendation_support",
        "stale:technical_posture"
      ],
      "thin_monitor_row": true,
      "ticker": "TDG",
      "tier": "C",
      "universe_scope": "review_100_monitor"
    },
    {
      "card_path": "tmp/ticker-intelligence-cards/TKO.current.json",
      "decision_tier_row": false,
      "production_answer_path_member": false,
      "repair_scope": "thin_monitor_expected_context",
      "stale_reasons": [
        "stale:catalyst_earnings_state",
        "stale:deployment_readiness",
        "stale:price_band_stop",
        "stale:recommendation_support",
        "stale:technical_posture"
      ],
      "thin_monitor_row": true,
      "ticker": "TKO",
      "tier": "C",
      "universe_scope": "review_100_monitor"
    },
    {
      "card_path": "tmp/ticker-intelligence-cards/TMO.current.json",
      "decision_tier_row": false,
      "production_answer_path_member": false,
      "repair_scope": "thin_monitor_expected_context",
      "stale_reasons": [
        "stale:catalyst_earnings_state",
        "stale:deployment_readiness",
        "stale:price_band_stop",
        "stale:recommendation_support",
        "stale:technical_posture"
      ],
      "thin_monitor_row": true,
      "ticker": "TMO",
      "tier": "C",
      "universe_scope": "review_100_monitor"
    },
    {
      "card_path": "tmp/ticker-intelligence-cards/TPL.current.json",
      "decision_tier_row": false,
      "production_answer_path_member": false,
      "repair_scope": "thin_monitor_expected_context",
      "stale_reasons": [
        "stale:catalyst_earnings_state",
        "stale:deployment_readiness",
        "stale:price_band_stop",
        "stale:recommendation_support",
        "stale:technical_posture"
      ],
      "thin_monitor_row": true,
      "ticker": "TPL",
      "tier": "C",
      "universe_scope": "review_100_monitor"
    },
    {
      "card_path": "tmp/ticker-intelligence-cards/TRGP.current.json",
      "decision_tier_row": false,
      "production_answer_path_member": false,
      "repair_scope": "thin_monitor_expected_context",
      "stale_reasons": [
        "stale:catalyst_earnings_state",
        "stale:deployment_readiness",
        "stale:price_band_stop",
        "stale:recommendation_support",
        "stale:technical_posture"
      ],
      "thin_monitor_row": true,
      "ticker": "TRGP",
      "tier": "C",
      "universe_scope": "review_100_monitor"
    },
    {
      "card_path": "tmp/ticker-intelligence-cards/TSM.current.json",
      "decision_tier_row": false,
      "production_answer_path_member": false,
      "repair_scope": "thin_monitor_expected_context",
      "stale_reasons": [
        "stale:catalyst_earnings_state",
        "stale:deployment_readiness",
        "stale:price_band_stop",
        "stale:recommendation_support",
        "stale:technical_posture"
      ],
      "thin_monitor_row": true,
      "ticker": "TSM",
      "tier": "C",
      "universe_scope": "review_100_monitor"
    },
    {
      "card_path": "tmp/ticker-intelligence-cards/TTD.current.json",
      "decision_tier_row": false,
      "production_answer_path_member": false,
      "repair_scope": "thin_monitor_expected_context",
      "stale_reasons": [
        "stale:catalyst_earnings_state",
        "stale:deployment_readiness",
        "stale:price_band_stop",
        "stale:recommendation_support",
        "stale:technical_posture"
      ],
      "thin_monitor_row": true,
      "ticker": "TTD",
      "tier": "C",
      "universe_scope": "review_100_monitor"
    },
    {
      "card_path": "tmp/ticker-intelligence-cards/TTWO.current.json",
      "decision_tier_row": false,
      "production_answer_path_member": false,
      "repair_scope": "thin_monitor_expected_context",
      "stale_reasons": [
        "stale:catalyst_earnings_state",
        "stale:deployment_readiness",
        "stale:price_band_stop",
        "stale:recommendation_support",
        "stale:technical_posture"
      ],
      "thin_monitor_row": true,
      "ticker": "TTWO",
      "tier": "C",
      "universe_scope": "review_100_monitor"
    },
    {
      "card_path": "tmp/ticker-intelligence-cards/TXN.current.json",
      "decision_tier_row": false,
      "production_answer_path_member": false,
      "repair_scope": "thin_monitor_expected_context",
      "stale_reasons": [
        "stale:catalyst_earnings_state",
        "stale:deployment_readiness",
        "stale:price_band_stop",
        "stale:recommendation_support",
        "stale:technical_posture"
      ],
      "thin_monitor_row": true,
      "ticker": "TXN",
      "tier": "C",
      "universe_scope": "review_100_monitor"
    },
    {
      "card_path": "tmp/ticker-intelligence-cards/UBER.current.json",
      "decision_tier_row": false,
      "production_answer_path_member": false,
      "repair_scope": "thin_monitor_expected_context",
      "stale_reasons": [
        "stale:catalyst_earnings_state",
        "stale:deployment_readiness",
        "stale:price_band_stop",
        "stale:recommendation_support",
        "stale:technical_posture"
      ],
      "thin_monitor_row": true,
      "ticker": "UBER",
      "tier": "C",
      "universe_scope": "review_100_monitor"
    },
    {
      "card_path": "tmp/ticker-intelligence-cards/UNH.current.json",
      "decision_tier_row": false,
      "production_answer_path_member": false,
      "repair_scope": "thin_monitor_expected_context",
      "stale_reasons": [
        "stale:catalyst_earnings_state",
        "stale:deployment_readiness",
        "stale:price_band_stop",
        "stale:recommendation_support",
        "stale:technical_posture"
      ],
      "thin_monitor_row": true,
      "ticker": "UNH",
      "tier": "C",
      "universe_scope": "review_100_monitor"
    },
    {
      "card_path": "tmp/ticker-intelligence-cards/UNP.current.json",
      "decision_tier_row": false,
      "production_answer_path_member": false,
      "repair_scope": "thin_monitor_expected_context",
      "stale_reasons": [
        "stale:catalyst_earnings_state",
        "stale:deployment_readiness",
        "stale:price_band_stop",
        "stale:recommendation_support",
        "stale:technical_posture"
      ],
      "thin_monitor_row": true,
      "ticker": "UNP",
      "tier": "C",
      "universe_scope": "review_100_monitor"
    },
    {
      "card_path": "tmp/ticker-intelligence-cards/URI.current.json",
      "decision_tier_row": false,
      "production_answer_path_member": false,
      "repair_scope": "thin_monitor_expected_context",
      "stale_reasons": [
        "stale:catalyst_earnings_state",
        "stale:deployment_readiness",
        "stale:price_band_stop",
        "stale:recommendation_support",
        "stale:technical_posture"
      ],
      "thin_monitor_row": true,
      "ticker": "URI",
      "tier": "C",
      "universe_scope": "review_100_monitor"
    },
    {
      "card_path": "tmp/ticker-intelligence-cards/V.current.json",
      "decision_tier_row": false,
      "production_answer_path_member": false,
      "repair_scope": "thin_monitor_expected_context",
      "stale_reasons": [
        "stale:catalyst_earnings_state",
        "stale:deployment_readiness",
        "stale:price_band_stop",
        "stale:recommendation_support",
        "stale:technical_posture"
      ],
      "thin_monitor_row": true,
      "ticker": "V",
      "tier": "C",
      "universe_scope": "review_100_monitor"
    },
    {
      "card_path": "tmp/ticker-intelligence-cards/VLO.current.json",
      "decision_tier_row": false,
      "production_answer_path_member": false,
      "repair_scope": "thin_monitor_expected_context",
      "stale_reasons": [
        "stale:catalyst_earnings_state",
        "stale:deployment_readiness",
        "stale:price_band_stop",
        "stale:recommendation_support",
        "stale:technical_posture"
      ],
      "thin_monitor_row": true,
      "ticker": "VLO",
      "tier": "C",
      "universe_scope": "review_100_monitor"
    },
    {
      "card_path": "tmp/ticker-intelligence-cards/VZ.current.json",
      "decision_tier_row": false,
      "production_answer_path_member": false,
      "repair_scope": "thin_monitor_expected_context",
      "stale_reasons": [
        "price_band_stop",
        "stale:catalyst_earnings_state",
        "stale:deployment_readiness",
        "stale:price_band_stop",
        "stale:recommendation_support",
        "stale:technical_posture"
      ],
      "thin_monitor_row": true,
      "ticker": "VZ",
      "tier": "C",
      "universe_scope": "review_100_monitor"
    },
    {
      "card_path": "tmp/ticker-intelligence-cards/WMT.current.json",
      "decision_tier_row": false,
      "production_answer_path_member": false,
      "repair_scope": "thin_monitor_expected_context",
      "stale_reasons": [
        "stale:catalyst_earnings_state",
        "stale:deployment_readiness",
        "stale:price_band_stop",
        "stale:recommendation_support",
        "stale:technical_posture"
      ],
      "thin_monitor_row": true,
      "ticker": "WMT",
      "tier": "C",
      "universe_scope": "review_100_monitor"
    }
  ],
  "validation": {
    "errors": [],
    "status": "ok",
    "warnings": [
      "13 production answer-path ticker card(s) differ from fresher WF77 price-state rows",
      "18 Tier A/B ticker card(s) carry stale evidence"
    ]
  }
}
